-- MariaDB dump 10.19  Distrib 10.4.32-MariaDB, for Win64 (AMD64)
--
-- Host: localhost    Database: darodecors
-- ------------------------------------------------------
-- Server version	10.4.32-MariaDB

/*!40101 SET @OLD_CHARACTER_SET_CLIENT=@@CHARACTER_SET_CLIENT */;
/*!40101 SET @OLD_CHARACTER_SET_RESULTS=@@CHARACTER_SET_RESULTS */;
/*!40101 SET @OLD_COLLATION_CONNECTION=@@COLLATION_CONNECTION */;
/*!40101 SET NAMES utf8mb4 */;
/*!40103 SET @OLD_TIME_ZONE=@@TIME_ZONE */;
/*!40103 SET TIME_ZONE='+00:00' */;
/*!40014 SET @OLD_UNIQUE_CHECKS=@@UNIQUE_CHECKS, UNIQUE_CHECKS=0 */;
/*!40014 SET @OLD_FOREIGN_KEY_CHECKS=@@FOREIGN_KEY_CHECKS, FOREIGN_KEY_CHECKS=0 */;
/*!40101 SET @OLD_SQL_MODE=@@SQL_MODE, SQL_MODE='NO_AUTO_VALUE_ON_ZERO' */;
/*!40111 SET @OLD_SQL_NOTES=@@SQL_NOTES, SQL_NOTES=0 */;

--
-- Table structure for table `activations`
--

DROP TABLE IF EXISTS `activations`;
/*!40101 SET @saved_cs_client     = @@character_set_client */;
/*!40101 SET character_set_client = utf8 */;
CREATE TABLE `activations` (
  `id` bigint(20) unsigned NOT NULL AUTO_INCREMENT,
  `user_id` bigint(20) unsigned NOT NULL,
  `code` varchar(120) NOT NULL,
  `completed` tinyint(1) NOT NULL DEFAULT 0,
  `completed_at` timestamp NULL DEFAULT NULL,
  `created_at` timestamp NULL DEFAULT NULL,
  `updated_at` timestamp NULL DEFAULT NULL,
  PRIMARY KEY (`id`),
  KEY `activations_user_id_index` (`user_id`)
) ENGINE=InnoDB AUTO_INCREMENT=2 DEFAULT CHARSET=utf8mb4 COLLATE=utf8mb4_unicode_ci;
/*!40101 SET character_set_client = @saved_cs_client */;

--
-- Dumping data for table `activations`
--

LOCK TABLES `activations` WRITE;
/*!40000 ALTER TABLE `activations` DISABLE KEYS */;
INSERT INTO `activations` VALUES (1,1,'GmZwxq5N386GlF28NRbVzs9Mw1Z2GCym',1,'2025-05-20 14:06:43','2025-05-20 14:06:43','2025-05-20 14:06:43');
/*!40000 ALTER TABLE `activations` ENABLE KEYS */;
UNLOCK TABLES;

--
-- Table structure for table `admin_notifications`
--

DROP TABLE IF EXISTS `admin_notifications`;
/*!40101 SET @saved_cs_client     = @@character_set_client */;
/*!40101 SET character_set_client = utf8 */;
CREATE TABLE `admin_notifications` (
  `id` bigint(20) unsigned NOT NULL AUTO_INCREMENT,
  `title` varchar(191) NOT NULL,
  `action_label` varchar(191) DEFAULT NULL,
  `action_url` varchar(191) DEFAULT NULL,
  `description` varchar(400) DEFAULT NULL,
  `read_at` timestamp NULL DEFAULT NULL,
  `created_at` timestamp NULL DEFAULT NULL,
  `updated_at` timestamp NULL DEFAULT NULL,
  `permission` varchar(191) DEFAULT NULL,
  PRIMARY KEY (`id`)
) ENGINE=InnoDB DEFAULT CHARSET=utf8mb4 COLLATE=utf8mb4_unicode_ci;
/*!40101 SET character_set_client = @saved_cs_client */;

--
-- Dumping data for table `admin_notifications`
--

LOCK TABLES `admin_notifications` WRITE;
/*!40000 ALTER TABLE `admin_notifications` DISABLE KEYS */;
/*!40000 ALTER TABLE `admin_notifications` ENABLE KEYS */;
UNLOCK TABLES;

--
-- Table structure for table `ads`
--

DROP TABLE IF EXISTS `ads`;
/*!40101 SET @saved_cs_client     = @@character_set_client */;
/*!40101 SET character_set_client = utf8 */;
CREATE TABLE `ads` (
  `id` bigint(20) unsigned NOT NULL AUTO_INCREMENT,
  `name` varchar(191) NOT NULL,
  `expired_at` datetime DEFAULT NULL,
  `location` varchar(120) DEFAULT NULL,
  `key` varchar(120) NOT NULL,
  `image` varchar(191) DEFAULT NULL,
  `url` varchar(191) DEFAULT NULL,
  `clicked` bigint(20) NOT NULL DEFAULT 0,
  `order` int(11) DEFAULT 0,
  `status` varchar(60) NOT NULL DEFAULT 'published',
  `created_at` timestamp NULL DEFAULT NULL,
  `updated_at` timestamp NULL DEFAULT NULL,
  `open_in_new_tab` tinyint(1) NOT NULL DEFAULT 1,
  `tablet_image` varchar(191) DEFAULT NULL,
  `mobile_image` varchar(191) DEFAULT NULL,
  `ads_type` varchar(191) DEFAULT NULL,
  `google_adsense_slot_id` varchar(191) DEFAULT NULL,
  PRIMARY KEY (`id`),
  UNIQUE KEY `ads_key_unique` (`key`)
) ENGINE=InnoDB AUTO_INCREMENT=10 DEFAULT CHARSET=utf8mb4 COLLATE=utf8mb4_unicode_ci;
/*!40101 SET character_set_client = @saved_cs_client */;

--
-- Dumping data for table `ads`
--

LOCK TABLES `ads` WRITE;
/*!40000 ALTER TABLE `ads` DISABLE KEYS */;
INSERT INTO `ads` VALUES (1,'New Modern & Stylist <br> Crafts','2028-05-20 15:07:08',NULL,'IYHICPADQD5X','sliders/banner-slider-01.jpg','/products',0,1,'published','2025-05-20 14:07:08','2025-05-20 14:07:08',1,NULL,NULL,NULL,NULL),(2,'Popular Energy with our <br> newest collection','2029-05-20 15:07:08',NULL,'R4YAV9FECJUS','sliders/banner-slider-02.jpg','/products',0,2,'published','2025-05-20 14:07:08','2025-05-20 14:07:08',1,NULL,NULL,NULL,NULL),(3,'Winter <br> Exclusive In','2030-05-20 15:07:08',NULL,'QPTCBJBOJOSY','banners/banner-offer-01.jpg','/products',0,3,'published','2025-05-20 14:07:08','2025-05-20 14:07:08',1,NULL,NULL,NULL,NULL),(4,'50% Offer','2030-05-20 15:07:08',NULL,'T2VFLDYYIJEH','banners/banner-offer-02.jpg','/products',0,4,'published','2025-05-20 14:07:08','2025-05-20 14:07:08',1,NULL,NULL,NULL,NULL),(5,'New Modern & Stylist <br> Crafts','2028-05-20 15:07:08',NULL,'JO7LLJHFH1RO','banners/banner-03-01.jpg','/products',0,5,'published','2025-05-20 14:07:08','2025-05-20 14:07:08',1,NULL,NULL,NULL,NULL),(6,'Lamp <br> Collections','2030-05-20 15:07:08',NULL,'L8GDJUBVD2TQ','banners/banner-03-02.jpg','/products',0,6,'published','2025-05-20 14:07:08','2025-05-20 14:07:08',1,NULL,NULL,NULL,NULL),(7,'Minimal Chair','2030-05-20 15:07:08',NULL,'PXJPAXLOCVRS','banners/banner-03-03.jpg','/products',0,7,'published','2025-05-20 14:07:08','2025-05-20 14:07:08',1,NULL,NULL,NULL,NULL),(8,'100% Fresh Product <br> Every Hour','2027-05-20 15:07:08',NULL,'EMRCINED6AX9','sliders/slider-05-banner-1.jpg','/products',0,8,'published','2025-05-20 14:07:08','2025-05-20 14:07:08',1,NULL,NULL,NULL,NULL),(9,'100% Fresh Product <br> Every Hour','2029-05-20 15:07:08',NULL,'JVMDAIB9HO2I','sliders/slider-05-banner-1.jpg','/products',0,9,'published','2025-05-20 14:07:08','2025-05-20 14:07:08',1,NULL,NULL,NULL,NULL);
/*!40000 ALTER TABLE `ads` ENABLE KEYS */;
UNLOCK TABLES;

--
-- Table structure for table `ads_translations`
--

DROP TABLE IF EXISTS `ads_translations`;
/*!40101 SET @saved_cs_client     = @@character_set_client */;
/*!40101 SET character_set_client = utf8 */;
CREATE TABLE `ads_translations` (
  `lang_code` varchar(191) NOT NULL,
  `ads_id` bigint(20) unsigned NOT NULL,
  `name` varchar(191) DEFAULT NULL,
  `image` varchar(191) DEFAULT NULL,
  `url` varchar(191) DEFAULT NULL,
  PRIMARY KEY (`lang_code`,`ads_id`)
) ENGINE=InnoDB DEFAULT CHARSET=utf8mb4 COLLATE=utf8mb4_unicode_ci;
/*!40101 SET character_set_client = @saved_cs_client */;

--
-- Dumping data for table `ads_translations`
--

LOCK TABLES `ads_translations` WRITE;
/*!40000 ALTER TABLE `ads_translations` DISABLE KEYS */;
/*!40000 ALTER TABLE `ads_translations` ENABLE KEYS */;
UNLOCK TABLES;

--
-- Table structure for table `announcements`
--

DROP TABLE IF EXISTS `announcements`;
/*!40101 SET @saved_cs_client     = @@character_set_client */;
/*!40101 SET character_set_client = utf8 */;
CREATE TABLE `announcements` (
  `id` bigint(20) unsigned NOT NULL AUTO_INCREMENT,
  `name` varchar(191) NOT NULL,
  `content` text NOT NULL,
  `has_action` tinyint(1) NOT NULL DEFAULT 0,
  `action_label` varchar(60) DEFAULT NULL,
  `action_url` varchar(400) DEFAULT NULL,
  `action_open_new_tab` tinyint(1) NOT NULL DEFAULT 0,
  `dismissible` tinyint(1) NOT NULL DEFAULT 0,
  `start_date` datetime DEFAULT NULL,
  `end_date` datetime DEFAULT NULL,
  `is_active` tinyint(1) NOT NULL DEFAULT 1,
  `created_at` timestamp NULL DEFAULT NULL,
  `updated_at` timestamp NULL DEFAULT NULL,
  PRIMARY KEY (`id`)
) ENGINE=InnoDB AUTO_INCREMENT=4 DEFAULT CHARSET=utf8mb4 COLLATE=utf8mb4_unicode_ci;
/*!40101 SET character_set_client = @saved_cs_client */;

--
-- Dumping data for table `announcements`
--

LOCK TABLES `announcements` WRITE;
/*!40000 ALTER TABLE `announcements` DISABLE KEYS */;
INSERT INTO `announcements` VALUES (1,'Announcement 1','<strong>Welcome to our international shop! Enjoy free shipping on orders $100 & up</strong>',1,'Shop now','/',0,1,'2025-05-20 15:07:52',NULL,1,'2025-05-20 14:07:52','2025-05-20 14:07:52'),(2,'Announcement 2','<strong>Trendy 25 silver jewelry, save up 35% off today</strong>',1,'Shop now','/',0,1,'2025-05-20 15:07:52',NULL,1,'2025-05-20 14:07:52','2025-05-20 14:07:52'),(3,'Announcement 3','<strong>Black Friday and Cyber Monday 2023 Deals for Motion Designers, grab it now!</strong>',1,'Shop now','/',0,1,'2025-05-20 15:07:52',NULL,1,'2025-05-20 14:07:52','2025-05-20 14:07:52');
/*!40000 ALTER TABLE `announcements` ENABLE KEYS */;
UNLOCK TABLES;

--
-- Table structure for table `announcements_translations`
--

DROP TABLE IF EXISTS `announcements_translations`;
/*!40101 SET @saved_cs_client     = @@character_set_client */;
/*!40101 SET character_set_client = utf8 */;
CREATE TABLE `announcements_translations` (
  `lang_code` varchar(191) NOT NULL,
  `announcements_id` bigint(20) unsigned NOT NULL,
  `content` text DEFAULT NULL,
  PRIMARY KEY (`lang_code`,`announcements_id`)
) ENGINE=InnoDB DEFAULT CHARSET=utf8mb4 COLLATE=utf8mb4_unicode_ci;
/*!40101 SET character_set_client = @saved_cs_client */;

--
-- Dumping data for table `announcements_translations`
--

LOCK TABLES `announcements_translations` WRITE;
/*!40000 ALTER TABLE `announcements_translations` DISABLE KEYS */;
/*!40000 ALTER TABLE `announcements_translations` ENABLE KEYS */;
UNLOCK TABLES;

--
-- Table structure for table `audit_histories`
--

DROP TABLE IF EXISTS `audit_histories`;
/*!40101 SET @saved_cs_client     = @@character_set_client */;
/*!40101 SET character_set_client = utf8 */;
CREATE TABLE `audit_histories` (
  `id` bigint(20) unsigned NOT NULL AUTO_INCREMENT,
  `user_id` bigint(20) unsigned NOT NULL,
  `module` varchar(60) NOT NULL,
  `request` longtext DEFAULT NULL,
  `action` varchar(120) NOT NULL,
  `user_agent` text DEFAULT NULL,
  `ip_address` varchar(45) DEFAULT NULL,
  `reference_user` bigint(20) unsigned NOT NULL,
  `reference_id` bigint(20) unsigned NOT NULL,
  `reference_name` varchar(191) NOT NULL,
  `type` varchar(20) NOT NULL,
  `created_at` timestamp NULL DEFAULT NULL,
  `updated_at` timestamp NULL DEFAULT NULL,
  PRIMARY KEY (`id`),
  KEY `audit_histories_user_id_index` (`user_id`),
  KEY `audit_histories_module_index` (`module`)
) ENGINE=InnoDB AUTO_INCREMENT=130 DEFAULT CHARSET=utf8mb4 COLLATE=utf8mb4_unicode_ci;
/*!40101 SET character_set_client = @saved_cs_client */;

--
-- Dumping data for table `audit_histories`
--

LOCK TABLES `audit_histories` WRITE;
/*!40000 ALTER TABLE `audit_histories` DISABLE KEYS */;
INSERT INTO `audit_histories` VALUES (1,1,'to the system',NULL,'logged in','Mozilla/5.0 (Windows NT 10.0; Win64; x64) AppleWebKit/537.36 (KHTML, like Gecko) Chrome/136.0.0.0 Safari/537.36 Edg/136.0.0.0','127.0.0.1',0,1,'Juliana Jerde','info','2025-05-20 14:15:35','2025-05-20 14:15:35'),(2,1,'of the system','[]','logged out','Mozilla/5.0 (Windows NT 10.0; Win64; x64) AppleWebKit/537.36 (KHTML, like Gecko) Chrome/136.0.0.0 Safari/537.36 Edg/136.0.0.0','127.0.0.1',1,1,'Juliana Jerde','info','2025-05-20 14:16:42','2025-05-20 14:16:42'),(3,1,'to the system',NULL,'logged in','Mozilla/5.0 (Windows NT 10.0; Win64; x64) AppleWebKit/537.36 (KHTML, like Gecko) Chrome/136.0.0.0 Safari/537.36 Edg/136.0.0.0','127.0.0.1',0,1,'Juliana Jerde','info','2025-05-20 14:18:15','2025-05-20 14:18:15'),(4,1,'to the system',NULL,'logged in','Mozilla/5.0 (Windows NT 10.0; Win64; x64) AppleWebKit/537.36 (KHTML, like Gecko) Chrome/136.0.0.0 Safari/537.36 Edg/136.0.0.0','127.0.0.1',0,1,'Juliana Jerde','info','2025-05-21 11:40:58','2025-05-21 11:40:58'),(5,1,'page','{\"name\":\"Wooden Home\",\"model\":\"Botble\\\\Page\\\\Models\\\\Page\",\"slug\":\"http:\\/\\/127.0.0.1:8000\",\"description\":null,\"content\":\"<p><img src=\\\"http:\\/\\/127.0.0.1:8000\\/storage\\/capture-decran-2025-05-21-145505.png\\\" alt=\\\"Capture d\'\\u00e9cran 2025-05-21 145505\\\" loading=\\\"lazy\\\"><br>&nbsp;<\\/p><shortcode>[product-categories title=\\\"Top &lt;span&gt;Categories&lt;\\/span&gt;\\\" category_ids=\\\"10,11,12,13,14,15\\\" style=\\\"wooden\\\" enable_lazy_loading=\\\"yes\\\"][\\/product-categories]<\\/shortcode><shortcode>[products style=\\\"wooden\\\" title=\\\"Popular &lt;span&gt;Products&lt;\\/span&gt;\\\" limit=\\\"10\\\" enable_lazy_loading=\\\"yes\\\"][\\/products]<\\/shortcode><shortcode>[deal-product flash_sale_id=\\\"1\\\" style=\\\"wooden\\\" enable_lazy_loading=\\\"yes\\\"][\\/deal-product]<\\/shortcode><shortcode>[gallery title=\\\"ninico-shop\\\" limit=\\\"6\\\" subtitle=\\\"Follow On\\\" enable_lazy_loading=\\\"yes\\\"][\\/gallery]<\\/shortcode>\",\"gallery\":null,\"submitter\":\"apply\",\"status\":\"published\",\"template\":\"full-width\",\"header_style\":\"collapsed\",\"image\":null,\"banner_image\":null,\"customize_footer\":\"inherit\",\"footer_background_color\":\"#F8F8F8\",\"footer_text_color\":\"#000000\",\"footer_text_muted_color\":\"#686666\",\"footer_logo\":\"general\\/logo-white.png\",\"footer_border_color\":\"#E0E0E0\",\"footer_bottom_background_color\":\"#ededed\"}','updated','Mozilla/5.0 (Windows NT 10.0; Win64; x64) AppleWebKit/537.36 (KHTML, like Gecko) Chrome/136.0.0.0 Safari/537.36 Edg/136.0.0.0','127.0.0.1',1,1,'Wooden Home','primary','2025-05-21 12:58:21','2025-05-21 12:58:21'),(6,1,'page','{\"name\":\"Wooden Home\",\"model\":\"Botble\\\\Page\\\\Models\\\\Page\",\"slug\":\"http:\\/\\/127.0.0.1:8000\",\"description\":null,\"content\":\"<p><br>&nbsp;<\\/p><shortcode>[product-categories title=\\\"Top &lt;span&gt;Categories&lt;\\/span&gt;\\\" category_ids=\\\"10,11,12,13,14,15\\\" style=\\\"wooden\\\" enable_lazy_loading=\\\"yes\\\"][\\/product-categories]<\\/shortcode><shortcode>[products style=\\\"wooden\\\" title=\\\"Popular &lt;span&gt;Products&lt;\\/span&gt;\\\" limit=\\\"10\\\" enable_lazy_loading=\\\"yes\\\"][\\/products]<\\/shortcode><shortcode>[deal-product flash_sale_id=\\\"1\\\" style=\\\"wooden\\\" enable_lazy_loading=\\\"yes\\\"][\\/deal-product]<\\/shortcode><shortcode>[gallery title=\\\"ninico-shop\\\" limit=\\\"6\\\" subtitle=\\\"Follow On\\\" enable_lazy_loading=\\\"yes\\\"][\\/gallery]<\\/shortcode>\",\"gallery\":null,\"submitter\":\"apply\",\"status\":\"published\",\"template\":\"full-width\",\"header_style\":\"collapsed\",\"image\":null,\"banner_image\":null,\"customize_footer\":\"inherit\",\"footer_background_color\":\"#F8F8F8\",\"footer_text_color\":\"#000000\",\"footer_text_muted_color\":\"#686666\",\"footer_logo\":\"general\\/logo-white.png\",\"footer_border_color\":\"#E0E0E0\",\"footer_bottom_background_color\":\"#ededed\"}','updated','Mozilla/5.0 (Windows NT 10.0; Win64; x64) AppleWebKit/537.36 (KHTML, like Gecko) Chrome/136.0.0.0 Safari/537.36 Edg/136.0.0.0','127.0.0.1',1,1,'Wooden Home','primary','2025-05-21 12:59:05','2025-05-21 12:59:05'),(7,1,'simpleslideritem','{\"simple_slider_id\":\"1\",\"title\":\"Up To <i>40% Off<\\/i> latest Creations\",\"subtitle\":\"Accessories\",\"action_label\":\"Shop Now\",\"link\":\"\\/products\",\"description\":\"Accessories\",\"order\":\"1\",\"image\":\"home-8495378-1280.png\",\"tablet_image\":null,\"mobile_image\":null}','updated','Mozilla/5.0 (Windows NT 10.0; Win64; x64) AppleWebKit/537.36 (KHTML, like Gecko) Chrome/136.0.0.0 Safari/537.36 Edg/136.0.0.0','127.0.0.1',1,1,'Up To <i>40% Off</i> latest Creations','primary','2025-05-21 13:01:29','2025-05-21 13:01:29'),(8,1,'page','{\"name\":\"Wooden Home\",\"model\":\"Botble\\\\Page\\\\Models\\\\Page\",\"slug\":\"http:\\/\\/127.0.0.1:8000\",\"description\":null,\"content\":\"<shortcode>[product-categories title=\\\"Top &lt;span&gt;Categories&lt;\\/span&gt;\\\" category_ids=\\\"10,11,12,13,14,15\\\" style=\\\"wooden\\\" enable_lazy_loading=\\\"yes\\\"][\\/product-categories]<\\/shortcode><shortcode>[products style=\\\"wooden\\\" title=\\\"Popular &lt;span&gt;Products&lt;\\/span&gt;\\\" limit=\\\"10\\\" enable_lazy_loading=\\\"yes\\\"][\\/products]<\\/shortcode><shortcode>[deal-product flash_sale_id=\\\"1\\\" style=\\\"wooden\\\" enable_lazy_loading=\\\"yes\\\"][\\/deal-product]<\\/shortcode><shortcode>[gallery title=\\\"ninico-shop\\\" limit=\\\"6\\\" subtitle=\\\"Follow On\\\" enable_lazy_loading=\\\"yes\\\"][\\/gallery]<\\/shortcode>\",\"gallery\":null,\"submitter\":\"apply\",\"status\":\"published\",\"template\":\"full-width\",\"header_style\":\"collapsed\",\"image\":null,\"banner_image\":null,\"customize_footer\":\"inherit\",\"footer_background_color\":\"#F8F8F8\",\"footer_text_color\":\"#000000\",\"footer_text_muted_color\":\"#686666\",\"footer_logo\":\"general\\/logo-white.png\",\"footer_border_color\":\"#E0E0E0\",\"footer_bottom_background_color\":\"#ededed\"}','updated','Mozilla/5.0 (Windows NT 10.0; Win64; x64) AppleWebKit/537.36 (KHTML, like Gecko) Chrome/136.0.0.0 Safari/537.36 Edg/136.0.0.0','127.0.0.1',1,1,'Wooden Home','primary','2025-05-21 13:03:21','2025-05-21 13:03:21'),(9,1,'product-category','{\"order\":\"1\",\"name\":\"D\\u00e9coration murale\",\"model\":\"Botble\\\\Ecommerce\\\\Models\\\\ProductCategory\",\"slug\":\"decoration-murale\",\"slug_id\":\"0\",\"is_slug_editable\":\"1\",\"parent_id\":\"0\",\"description\":\"<figure class=\\\"table\\\"><table><tbody><tr><td data-start=\\\"702\\\" data-end=\\\"734\\\" data-col-size=\\\"sm\\\">&nbsp;<\\/td><\\/tr><\\/tbody><\\/table><\\/figure><figure class=\\\"table\\\"><table><tbody><tr><td data-col-size=\\\"md\\\" data-start=\\\"734\\\" data-end=\\\"799\\\">\\u201cObjets pour d\\u00e9corer les murs : tableaux, miroirs, horloges\\u2026\\u201d<\\/td><\\/tr><\\/tbody><\\/table><\\/figure>\",\"status\":\"published\",\"image\":\"13309a1b466102e84072852691f9123e.jpg\",\"icon_image\":null,\"is_featured\":\"0\",\"seo_meta\":{\"seo_title\":null,\"seo_description\":null,\"index\":\"index\"},\"seo_meta_image\":null,\"submitter\":\"apply\",\"icon\":null}','created','Mozilla/5.0 (Windows NT 10.0; Win64; x64) AppleWebKit/537.36 (KHTML, like Gecko) Chrome/136.0.0.0 Safari/537.36 Edg/136.0.0.0','127.0.0.1',1,18,'Décoration murale','info','2025-05-21 13:23:24','2025-05-21 13:23:24'),(10,1,'product-category','{\"order\":\"2\",\"name\":\"Tableaux\",\"model\":\"Botble\\\\Ecommerce\\\\Models\\\\ProductCategory\",\"slug\":\"tableaux\",\"slug_id\":\"0\",\"is_slug_editable\":\"1\",\"parent_id\":\"18\",\"description\":null,\"status\":\"published\",\"image\":null,\"icon_image\":null,\"is_featured\":\"0\",\"seo_meta\":{\"seo_title\":null,\"seo_description\":null,\"index\":\"index\"},\"seo_meta_image\":null,\"submitter\":\"apply\",\"icon\":null}','created','Mozilla/5.0 (Windows NT 10.0; Win64; x64) AppleWebKit/537.36 (KHTML, like Gecko) Chrome/136.0.0.0 Safari/537.36 Edg/136.0.0.0','127.0.0.1',1,19,'Tableaux','info','2025-05-21 13:26:20','2025-05-21 13:26:20'),(11,1,'product-category','{\"order\":\"2\",\"name\":\"Miroirs\",\"model\":\"Botble\\\\Ecommerce\\\\Models\\\\ProductCategory\",\"slug\":\"miroirs\",\"slug_id\":\"0\",\"is_slug_editable\":\"1\",\"parent_id\":\"18\",\"description\":null,\"status\":\"published\",\"image\":null,\"icon_image\":null,\"is_featured\":\"0\",\"seo_meta\":{\"seo_title\":null,\"seo_description\":null,\"index\":\"index\"},\"seo_meta_image\":null,\"submitter\":\"apply\",\"icon\":null}','created','Mozilla/5.0 (Windows NT 10.0; Win64; x64) AppleWebKit/537.36 (KHTML, like Gecko) Chrome/136.0.0.0 Safari/537.36 Edg/136.0.0.0','127.0.0.1',1,20,'Miroirs','info','2025-05-21 13:26:57','2025-05-21 13:26:57'),(12,1,'product-category','{\"order\":\"2\",\"name\":\"Horloges\",\"model\":\"Botble\\\\Ecommerce\\\\Models\\\\ProductCategory\",\"slug\":\"horloges\",\"slug_id\":\"0\",\"is_slug_editable\":\"1\",\"parent_id\":\"18\",\"description\":null,\"status\":\"published\",\"image\":null,\"icon_image\":null,\"is_featured\":\"0\",\"seo_meta\":{\"seo_title\":null,\"seo_description\":null,\"index\":\"index\"},\"seo_meta_image\":null,\"submitter\":\"apply\",\"icon\":null}','created','Mozilla/5.0 (Windows NT 10.0; Win64; x64) AppleWebKit/537.36 (KHTML, like Gecko) Chrome/136.0.0.0 Safari/537.36 Edg/136.0.0.0','127.0.0.1',1,21,'Horloges','info','2025-05-21 13:27:25','2025-05-21 13:27:25'),(13,1,'product-category','{\"order\":\"2\",\"name\":\"Meubles\",\"model\":\"Botble\\\\Ecommerce\\\\Models\\\\ProductCategory\",\"slug\":\"meubles\",\"slug_id\":\"0\",\"is_slug_editable\":\"1\",\"parent_id\":\"0\",\"description\":null,\"status\":\"published\",\"image\":\"home-8495378-1280.png\",\"icon_image\":null,\"is_featured\":\"0\",\"seo_meta\":{\"seo_title\":null,\"seo_description\":null,\"index\":\"index\"},\"seo_meta_image\":null,\"submitter\":\"apply\",\"icon\":null}','created','Mozilla/5.0 (Windows NT 10.0; Win64; x64) AppleWebKit/537.36 (KHTML, like Gecko) Chrome/136.0.0.0 Safari/537.36 Edg/136.0.0.0','127.0.0.1',1,22,'Meubles','info','2025-05-21 13:27:56','2025-05-21 13:27:56'),(14,1,'product-category','{\"order\":\"3\",\"name\":\"Canap\\u00e9s\",\"model\":\"Botble\\\\Ecommerce\\\\Models\\\\ProductCategory\",\"slug\":\"canapes\",\"slug_id\":\"0\",\"is_slug_editable\":\"1\",\"parent_id\":\"22\",\"description\":null,\"status\":\"published\",\"image\":null,\"icon_image\":null,\"is_featured\":\"0\",\"seo_meta\":{\"seo_title\":null,\"seo_description\":null,\"index\":\"index\"},\"seo_meta_image\":null,\"submitter\":\"apply\",\"icon\":null}','created','Mozilla/5.0 (Windows NT 10.0; Win64; x64) AppleWebKit/537.36 (KHTML, like Gecko) Chrome/136.0.0.0 Safari/537.36 Edg/136.0.0.0','127.0.0.1',1,23,'Canapés','info','2025-05-21 13:28:22','2025-05-21 13:28:22'),(15,1,'product-category','{\"order\":\"3\",\"name\":\"Tables\",\"model\":\"Botble\\\\Ecommerce\\\\Models\\\\ProductCategory\",\"slug\":\"tables\",\"slug_id\":\"0\",\"is_slug_editable\":\"1\",\"parent_id\":\"22\",\"description\":null,\"status\":\"published\",\"image\":null,\"icon_image\":null,\"is_featured\":\"0\",\"seo_meta\":{\"seo_title\":null,\"seo_description\":null,\"index\":\"index\"},\"seo_meta_image\":null,\"submitter\":\"apply\",\"icon\":null}','created','Mozilla/5.0 (Windows NT 10.0; Win64; x64) AppleWebKit/537.36 (KHTML, like Gecko) Chrome/136.0.0.0 Safari/537.36 Edg/136.0.0.0','127.0.0.1',1,24,'Tables','info','2025-05-21 13:28:47','2025-05-21 13:28:47'),(16,1,'product-category','{\"order\":\"3\",\"name\":\"Plantes & Fleurs\",\"model\":\"Botble\\\\Ecommerce\\\\Models\\\\ProductCategory\",\"slug\":\"plantes-fleurs\",\"slug_id\":\"0\",\"is_slug_editable\":\"1\",\"parent_id\":\"0\",\"description\":null,\"status\":\"published\",\"image\":null,\"icon_image\":null,\"is_featured\":\"0\",\"seo_meta\":{\"seo_title\":null,\"seo_description\":null,\"index\":\"index\"},\"seo_meta_image\":null,\"submitter\":\"apply\",\"icon\":null}','created','Mozilla/5.0 (Windows NT 10.0; Win64; x64) AppleWebKit/537.36 (KHTML, like Gecko) Chrome/136.0.0.0 Safari/537.36 Edg/136.0.0.0','127.0.0.1',1,25,'Plantes & Fleurs','info','2025-05-21 13:29:35','2025-05-21 13:29:35'),(17,1,'product-category','{\"order\":\"4\",\"name\":\"Vases\",\"model\":\"Botble\\\\Ecommerce\\\\Models\\\\ProductCategory\",\"slug\":\"vases\",\"slug_id\":\"0\",\"is_slug_editable\":\"1\",\"parent_id\":\"25\",\"description\":null,\"status\":\"published\",\"image\":null,\"icon_image\":null,\"is_featured\":\"0\",\"seo_meta\":{\"seo_title\":null,\"seo_description\":null,\"index\":\"index\"},\"seo_meta_image\":null,\"submitter\":\"apply\",\"icon\":null}','created','Mozilla/5.0 (Windows NT 10.0; Win64; x64) AppleWebKit/537.36 (KHTML, like Gecko) Chrome/136.0.0.0 Safari/537.36 Edg/136.0.0.0','127.0.0.1',1,26,'Vases','info','2025-05-21 13:30:00','2025-05-21 13:30:00'),(18,1,'product-category','{\"order\":\"4\",\"name\":\"Plantes artificielles\",\"model\":\"Botble\\\\Ecommerce\\\\Models\\\\ProductCategory\",\"slug\":\"plantes-artificielles\",\"slug_id\":\"0\",\"is_slug_editable\":\"1\",\"parent_id\":\"25\",\"description\":null,\"status\":\"published\",\"image\":null,\"icon_image\":null,\"is_featured\":\"0\",\"seo_meta\":{\"seo_title\":null,\"seo_description\":null,\"index\":\"index\"},\"seo_meta_image\":null,\"submitter\":\"apply\",\"icon\":null}','created','Mozilla/5.0 (Windows NT 10.0; Win64; x64) AppleWebKit/537.36 (KHTML, like Gecko) Chrome/136.0.0.0 Safari/537.36 Edg/136.0.0.0','127.0.0.1',1,27,'Plantes artificielles','info','2025-05-21 13:30:26','2025-05-21 13:30:26'),(19,1,'product-category','{\"order\":\"4\",\"name\":\"Textiles d\'int\\u00e9rieur\",\"model\":\"Botble\\\\Ecommerce\\\\Models\\\\ProductCategory\",\"slug\":\"textiles-dinterieur\",\"slug_id\":\"0\",\"is_slug_editable\":\"1\",\"parent_id\":\"0\",\"description\":null,\"status\":\"published\",\"image\":null,\"icon_image\":null,\"is_featured\":\"0\",\"seo_meta\":{\"seo_title\":null,\"seo_description\":null,\"index\":\"index\"},\"seo_meta_image\":null,\"submitter\":\"apply\",\"icon\":null}','created','Mozilla/5.0 (Windows NT 10.0; Win64; x64) AppleWebKit/537.36 (KHTML, like Gecko) Chrome/136.0.0.0 Safari/537.36 Edg/136.0.0.0','127.0.0.1',1,28,'Textiles d\'intérieur','info','2025-05-21 13:31:09','2025-05-21 13:31:09'),(20,1,'product-category','{\"order\":\"5\",\"name\":\"Rideaux\",\"model\":\"Botble\\\\Ecommerce\\\\Models\\\\ProductCategory\",\"slug\":\"rideaux\",\"slug_id\":\"0\",\"is_slug_editable\":\"1\",\"parent_id\":\"28\",\"description\":null,\"status\":\"published\",\"image\":null,\"icon_image\":null,\"is_featured\":\"0\",\"seo_meta\":{\"seo_title\":null,\"seo_description\":null,\"index\":\"index\"},\"seo_meta_image\":null,\"submitter\":\"apply\",\"icon\":null}','created','Mozilla/5.0 (Windows NT 10.0; Win64; x64) AppleWebKit/537.36 (KHTML, like Gecko) Chrome/136.0.0.0 Safari/537.36 Edg/136.0.0.0','127.0.0.1',1,29,'Rideaux','info','2025-05-21 13:31:34','2025-05-21 13:31:34'),(21,1,'product-category','{\"order\":\"5\",\"name\":\"Coussins\",\"model\":\"Botble\\\\Ecommerce\\\\Models\\\\ProductCategory\",\"slug\":\"coussins\",\"slug_id\":\"0\",\"is_slug_editable\":\"1\",\"parent_id\":\"28\",\"description\":null,\"status\":\"published\",\"image\":null,\"icon_image\":null,\"is_featured\":\"0\",\"seo_meta\":{\"seo_title\":null,\"seo_description\":null,\"index\":\"index\"},\"seo_meta_image\":null,\"submitter\":\"apply\",\"icon\":null}','created','Mozilla/5.0 (Windows NT 10.0; Win64; x64) AppleWebKit/537.36 (KHTML, like Gecko) Chrome/136.0.0.0 Safari/537.36 Edg/136.0.0.0','127.0.0.1',1,30,'Coussins','info','2025-05-21 13:31:52','2025-05-21 13:31:52'),(22,1,'product-category','{\"order\":\"5\",\"name\":\"Tapis\",\"model\":\"Botble\\\\Ecommerce\\\\Models\\\\ProductCategory\",\"slug\":\"tapis\",\"slug_id\":\"0\",\"is_slug_editable\":\"1\",\"parent_id\":\"28\",\"description\":null,\"status\":\"published\",\"image\":null,\"icon_image\":null,\"is_featured\":\"0\",\"seo_meta\":{\"seo_title\":null,\"seo_description\":null,\"index\":\"index\"},\"seo_meta_image\":null,\"submitter\":\"apply\",\"icon\":null}','created','Mozilla/5.0 (Windows NT 10.0; Win64; x64) AppleWebKit/537.36 (KHTML, like Gecko) Chrome/136.0.0.0 Safari/537.36 Edg/136.0.0.0','127.0.0.1',1,31,'Tapis','info','2025-05-21 13:32:11','2025-05-21 13:32:11'),(23,1,'product-category','{\"order\":\"5\",\"name\":\"Accessoires d\\u00e9coratifs\",\"model\":\"Botble\\\\Ecommerce\\\\Models\\\\ProductCategory\",\"slug\":\"accessoires-decoratifs\",\"slug_id\":\"0\",\"is_slug_editable\":\"1\",\"parent_id\":\"0\",\"description\":null,\"status\":\"published\",\"image\":null,\"icon_image\":null,\"is_featured\":\"0\",\"seo_meta\":{\"seo_title\":null,\"seo_description\":null,\"index\":\"index\"},\"seo_meta_image\":null,\"submitter\":\"apply\",\"icon\":null}','created','Mozilla/5.0 (Windows NT 10.0; Win64; x64) AppleWebKit/537.36 (KHTML, like Gecko) Chrome/136.0.0.0 Safari/537.36 Edg/136.0.0.0','127.0.0.1',1,32,'Accessoires décoratifs','info','2025-05-21 13:32:32','2025-05-21 13:32:32'),(24,1,'product','{\"name\":\"Tableau Abstrait Moderne\",\"model\":\"Botble\\\\Ecommerce\\\\Models\\\\Product\",\"slug\":\"tableau-abstrait-moderne\",\"slug_id\":\"0\",\"is_slug_editable\":\"1\",\"description\":null,\"content\":null,\"images\":[null,\"oip-11.jpg\"],\"product_type\":\"physical\",\"specification_table_id\":null,\"sale_type\":\"0\",\"sku\":\"DECOR001\",\"price\":\"299.00\",\"sale_price\":\"249.00\",\"start_date\":null,\"end_date\":null,\"cost_per_item\":\"0\",\"product_id\":null,\"barcode\":null,\"with_storehouse_management\":\"0\",\"quantity\":\"0\",\"allow_checkout_when_out_of_stock\":\"0\",\"stock_status\":\"in_stock\",\"weight\":\"0\",\"length\":\"0\",\"wide\":\"0\",\"height\":\"0\",\"is_added_attributes\":\"0\",\"has_product_options\":\"1\",\"related_products\":null,\"faq_schema_config\":\"[]\",\"seo_meta\":{\"seo_title\":null,\"seo_description\":null,\"index\":\"index\"},\"seo_meta_image\":null,\"status\":\"published\",\"is_featured\":\"0\",\"categories\":[\"19\"],\"brand_id\":null,\"image\":null,\"minimum_order_quantity\":\"0\",\"maximum_order_quantity\":\"0\",\"tag\":null}','created','Mozilla/5.0 (Windows NT 10.0; Win64; x64) AppleWebKit/537.36 (KHTML, like Gecko) Chrome/136.0.0.0 Safari/537.36 Edg/136.0.0.0','127.0.0.1',1,266,'Tableau Abstrait Moderne','info','2025-05-21 14:00:33','2025-05-21 14:00:33'),(25,1,'product','{\"name\":\"Miroirs salon\",\"model\":\"Botble\\\\Ecommerce\\\\Models\\\\Product\",\"slug\":\"miroirs\",\"slug_id\":\"0\",\"is_slug_editable\":\"1\",\"description\":null,\"content\":null,\"images\":[null,\"set-de-3-espejos-circulares-natura-blanco.jpg\"],\"product_type\":\"physical\",\"specification_table_id\":null,\"sale_type\":\"0\",\"sku\":\"NN-2443-QTHXX\",\"price\":\"0\",\"sale_price\":null,\"start_date\":null,\"end_date\":null,\"cost_per_item\":\"199\",\"product_id\":null,\"barcode\":\"159\",\"with_storehouse_management\":\"0\",\"quantity\":\"0\",\"allow_checkout_when_out_of_stock\":\"0\",\"stock_status\":\"in_stock\",\"weight\":\"0\",\"length\":\"55\",\"wide\":\"0\",\"height\":\"50\",\"is_added_attributes\":\"0\",\"has_product_options\":\"1\",\"related_products\":null,\"faq_schema_config\":\"[]\",\"seo_meta\":{\"seo_title\":null,\"seo_description\":null,\"index\":\"index\"},\"seo_meta_image\":null,\"status\":\"published\",\"is_featured\":\"0\",\"categories\":[\"20\"],\"brand_id\":null,\"image\":null,\"minimum_order_quantity\":\"0\",\"maximum_order_quantity\":\"0\",\"tag\":null}','created','Mozilla/5.0 (Windows NT 10.0; Win64; x64) AppleWebKit/537.36 (KHTML, like Gecko) Chrome/136.0.0.0 Safari/537.36 Edg/136.0.0.0','127.0.0.1',1,267,'Miroirs salon','info','2025-05-21 14:05:50','2025-05-21 14:05:50'),(26,1,'product','{\"name\":\"Miroirs salon\",\"model\":\"Botble\\\\Ecommerce\\\\Models\\\\Product\",\"slug\":\"miroirs\",\"slug_id\":\"352\",\"is_slug_editable\":\"1\",\"description\":null,\"content\":null,\"images\":[null,\"set-de-3-espejos-circulares-natura-blanco.jpg\"],\"product_type\":\"physical\",\"specification_table_id\":null,\"sale_type\":\"0\",\"sku\":\"NN-2443-QTHXX\",\"price\":\"199\",\"sale_price\":\"159\",\"start_date\":null,\"end_date\":null,\"cost_per_item\":null,\"product_id\":\"267\",\"barcode\":null,\"with_storehouse_management\":\"0\",\"quantity\":\"0\",\"allow_checkout_when_out_of_stock\":\"0\",\"stock_status\":\"in_stock\",\"weight\":\"0\",\"length\":\"55\",\"wide\":\"0\",\"height\":\"50\",\"is_added_attributes\":\"0\",\"has_product_options\":\"1\",\"related_products\":null,\"faq_schema_config\":[[{\"key\":\"question\",\"value\":null},{\"key\":\"answer\",\"value\":null}]],\"seo_meta\":{\"seo_title\":null,\"seo_description\":null,\"index\":\"index\"},\"seo_meta_image\":null,\"status\":\"published\",\"is_featured\":\"0\",\"categories\":[\"20\"],\"brand_id\":null,\"image\":\"set-de-3-espejos-circulares-natura-blanco.jpg\",\"minimum_order_quantity\":\"0\",\"maximum_order_quantity\":\"0\",\"tag\":null,\"submitter\":\"apply\"}','updated','Mozilla/5.0 (Windows NT 10.0; Win64; x64) AppleWebKit/537.36 (KHTML, like Gecko) Chrome/136.0.0.0 Safari/537.36 Edg/136.0.0.0','127.0.0.1',1,267,'Miroirs salon','primary','2025-05-21 14:06:42','2025-05-21 14:06:42'),(27,1,'product','{\"name\":\"Canap\\u00e9\",\"model\":\"Botble\\\\Ecommerce\\\\Models\\\\Product\",\"slug\":\"canape\",\"slug_id\":\"0\",\"is_slug_editable\":\"1\",\"description\":\"<p>&nbsp;Canap\\u00e9 d\'angle modulable, 2 places, Vissle beige\\/m\\u00e9tal<\\/p>\",\"content\":null,\"images\":[null],\"product_type\":\"physical\",\"specification_table_id\":null,\"sale_type\":\"0\",\"sku\":\"NN-2443-SJ2ZF\",\"price\":\"799\",\"sale_price\":\"789\",\"start_date\":null,\"end_date\":null,\"cost_per_item\":\"0\",\"product_id\":null,\"barcode\":null,\"with_storehouse_management\":\"0\",\"quantity\":\"0\",\"allow_checkout_when_out_of_stock\":\"0\",\"stock_status\":\"in_stock\",\"weight\":\"0\",\"length\":\"0\",\"wide\":\"0\",\"height\":\"0\",\"is_added_attributes\":\"0\",\"has_product_options\":\"1\",\"related_products\":null,\"faq_schema_config\":\"[]\",\"seo_meta\":{\"seo_title\":null,\"seo_description\":null,\"index\":\"index\"},\"seo_meta_image\":null,\"submitter\":\"apply\",\"status\":\"published\",\"is_featured\":\"0\",\"brand_id\":null,\"image\":null,\"minimum_order_quantity\":\"0\",\"maximum_order_quantity\":\"0\",\"tag\":null}','created','Mozilla/5.0 (Windows NT 10.0; Win64; x64) AppleWebKit/537.36 (KHTML, like Gecko) Chrome/136.0.0.0 Safari/537.36 Edg/136.0.0.0','127.0.0.1',1,268,'Canapé','info','2025-05-21 14:13:13','2025-05-21 14:13:13'),(28,1,'product','{\"name\":\"Canap\\u00e9\",\"model\":\"Botble\\\\Ecommerce\\\\Models\\\\Product\",\"slug\":\"canape\",\"slug_id\":\"0\",\"is_slug_editable\":\"1\",\"description\":\"<p>&nbsp;Canap\\u00e9 d\'angle modulable, 2 places, Vissle beige\\/m\\u00e9tal<\\/p>\",\"content\":null,\"images\":[null],\"product_type\":\"physical\",\"specification_table_id\":null,\"sale_type\":\"0\",\"sku\":\"NN-2443-SJ2ZF\",\"price\":\"799\",\"sale_price\":\"789\",\"start_date\":null,\"end_date\":null,\"cost_per_item\":\"0\",\"product_id\":null,\"barcode\":null,\"with_storehouse_management\":\"0\",\"quantity\":\"0\",\"allow_checkout_when_out_of_stock\":\"0\",\"stock_status\":\"in_stock\",\"weight\":\"0\",\"length\":\"0\",\"wide\":\"0\",\"height\":\"0\",\"is_added_attributes\":\"0\",\"has_product_options\":\"1\",\"related_products\":null,\"faq_schema_config\":\"[]\",\"seo_meta\":{\"seo_title\":null,\"seo_description\":null,\"index\":\"index\"},\"seo_meta_image\":null,\"submitter\":\"apply\",\"status\":\"published\",\"is_featured\":\"0\",\"brand_id\":null,\"image\":null,\"minimum_order_quantity\":\"0\",\"maximum_order_quantity\":\"0\",\"tag\":null}','created','Mozilla/5.0 (Windows NT 10.0; Win64; x64) AppleWebKit/537.36 (KHTML, like Gecko) Chrome/136.0.0.0 Safari/537.36 Edg/136.0.0.0','127.0.0.1',1,269,'Canapé','info','2025-05-21 14:13:14','2025-05-21 14:13:14'),(29,1,'product','{\"name\":\"Canap\\u00e9\",\"model\":\"Botble\\\\Ecommerce\\\\Models\\\\Product\",\"slug\":\"canape\",\"slug_id\":\"0\",\"is_slug_editable\":\"1\",\"description\":\"<p>&nbsp;Canap\\u00e9 d\'angle modulable, 2 places, Vissle beige\\/m\\u00e9tal<\\/p>\",\"content\":null,\"images\":[null],\"product_type\":\"physical\",\"specification_table_id\":null,\"sale_type\":\"0\",\"sku\":\"NN-2443-SJ2ZF\",\"price\":\"799\",\"sale_price\":\"789\",\"start_date\":null,\"end_date\":null,\"cost_per_item\":\"0\",\"product_id\":null,\"barcode\":null,\"with_storehouse_management\":\"0\",\"quantity\":\"0\",\"allow_checkout_when_out_of_stock\":\"0\",\"stock_status\":\"in_stock\",\"weight\":\"0\",\"length\":\"0\",\"wide\":\"0\",\"height\":\"0\",\"is_added_attributes\":\"0\",\"has_product_options\":\"1\",\"related_products\":null,\"faq_schema_config\":\"[]\",\"seo_meta\":{\"seo_title\":null,\"seo_description\":null,\"index\":\"index\"},\"seo_meta_image\":null,\"submitter\":\"apply\",\"status\":\"published\",\"is_featured\":\"0\",\"brand_id\":null,\"image\":null,\"minimum_order_quantity\":\"0\",\"maximum_order_quantity\":\"0\",\"tag\":null}','created','Mozilla/5.0 (Windows NT 10.0; Win64; x64) AppleWebKit/537.36 (KHTML, like Gecko) Chrome/136.0.0.0 Safari/537.36 Edg/136.0.0.0','127.0.0.1',1,270,'Canapé','info','2025-05-21 14:13:15','2025-05-21 14:13:15'),(30,1,'product','{\"name\":\"Canap\\u00e9\",\"model\":\"Botble\\\\Ecommerce\\\\Models\\\\Product\",\"slug\":\"canape\",\"slug_id\":\"0\",\"is_slug_editable\":\"1\",\"description\":\"<p>&nbsp;Canap\\u00e9 d\'angle modulable, 2 places, Vissle beige\\/m\\u00e9tal<\\/p>\",\"content\":null,\"images\":[null],\"product_type\":\"physical\",\"specification_table_id\":null,\"sale_type\":\"0\",\"sku\":\"NN-2443-SJ2ZF\",\"price\":\"799\",\"sale_price\":\"789\",\"start_date\":null,\"end_date\":null,\"cost_per_item\":\"0\",\"product_id\":null,\"barcode\":null,\"with_storehouse_management\":\"0\",\"quantity\":\"0\",\"allow_checkout_when_out_of_stock\":\"0\",\"stock_status\":\"in_stock\",\"weight\":\"0\",\"length\":\"0\",\"wide\":\"0\",\"height\":\"0\",\"is_added_attributes\":\"0\",\"has_product_options\":\"1\",\"related_products\":null,\"faq_schema_config\":\"[]\",\"seo_meta\":{\"seo_title\":null,\"seo_description\":null,\"index\":\"index\"},\"seo_meta_image\":null,\"submitter\":\"apply\",\"status\":\"published\",\"is_featured\":\"0\",\"brand_id\":null,\"image\":null,\"minimum_order_quantity\":\"0\",\"maximum_order_quantity\":\"0\",\"tag\":null}','created','Mozilla/5.0 (Windows NT 10.0; Win64; x64) AppleWebKit/537.36 (KHTML, like Gecko) Chrome/136.0.0.0 Safari/537.36 Edg/136.0.0.0','127.0.0.1',1,271,'Canapé','info','2025-05-21 14:13:15','2025-05-21 14:13:15'),(31,1,'product','{\"name\":\"Canap\\u00e9\",\"model\":\"Botble\\\\Ecommerce\\\\Models\\\\Product\",\"slug\":\"canape\",\"slug_id\":\"0\",\"is_slug_editable\":\"1\",\"description\":\"<p>&nbsp;Canap\\u00e9 d\'angle modulable, 2 places, Vissle beige\\/m\\u00e9tal<\\/p>\",\"content\":null,\"images\":[null],\"product_type\":\"physical\",\"specification_table_id\":null,\"sale_type\":\"0\",\"sku\":\"NN-2443-SJ2ZF\",\"price\":\"799\",\"sale_price\":\"789\",\"start_date\":null,\"end_date\":null,\"cost_per_item\":\"0\",\"product_id\":null,\"barcode\":null,\"with_storehouse_management\":\"0\",\"quantity\":\"0\",\"allow_checkout_when_out_of_stock\":\"0\",\"stock_status\":\"in_stock\",\"weight\":\"0\",\"length\":\"0\",\"wide\":\"0\",\"height\":\"0\",\"is_added_attributes\":\"0\",\"has_product_options\":\"1\",\"related_products\":null,\"faq_schema_config\":\"[]\",\"seo_meta\":{\"seo_title\":null,\"seo_description\":null,\"index\":\"index\"},\"seo_meta_image\":null,\"submitter\":\"apply\",\"status\":\"published\",\"is_featured\":\"0\",\"brand_id\":null,\"image\":null,\"minimum_order_quantity\":\"0\",\"maximum_order_quantity\":\"0\",\"tag\":null}','created','Mozilla/5.0 (Windows NT 10.0; Win64; x64) AppleWebKit/537.36 (KHTML, like Gecko) Chrome/136.0.0.0 Safari/537.36 Edg/136.0.0.0','127.0.0.1',1,272,'Canapé','info','2025-05-21 14:13:16','2025-05-21 14:13:16'),(32,1,'product','{\"name\":\"Canap\\u00e9\",\"model\":\"Botble\\\\Ecommerce\\\\Models\\\\Product\",\"slug\":\"canape\",\"slug_id\":\"0\",\"is_slug_editable\":\"1\",\"description\":\"<p>&nbsp;Canap\\u00e9 d\'angle modulable, 2 places, Vissle beige\\/m\\u00e9tal<\\/p>\",\"content\":null,\"images\":[null],\"product_type\":\"physical\",\"specification_table_id\":null,\"sale_type\":\"0\",\"sku\":\"NN-2443-SJ2ZF\",\"price\":\"799\",\"sale_price\":\"789\",\"start_date\":null,\"end_date\":null,\"cost_per_item\":\"0\",\"product_id\":null,\"barcode\":null,\"with_storehouse_management\":\"0\",\"quantity\":\"0\",\"allow_checkout_when_out_of_stock\":\"0\",\"stock_status\":\"in_stock\",\"weight\":\"0\",\"length\":\"0\",\"wide\":\"0\",\"height\":\"0\",\"is_added_attributes\":\"0\",\"has_product_options\":\"1\",\"related_products\":null,\"faq_schema_config\":\"[]\",\"seo_meta\":{\"seo_title\":null,\"seo_description\":null,\"index\":\"index\"},\"seo_meta_image\":null,\"submitter\":\"apply\",\"status\":\"published\",\"is_featured\":\"0\",\"brand_id\":null,\"image\":null,\"minimum_order_quantity\":\"0\",\"maximum_order_quantity\":\"0\",\"tag\":null}','created','Mozilla/5.0 (Windows NT 10.0; Win64; x64) AppleWebKit/537.36 (KHTML, like Gecko) Chrome/136.0.0.0 Safari/537.36 Edg/136.0.0.0','127.0.0.1',1,273,'Canapé','info','2025-05-21 14:13:17','2025-05-21 14:13:17'),(33,1,'product','{\"name\":\"Canap\\u00e9\",\"model\":\"Botble\\\\Ecommerce\\\\Models\\\\Product\",\"slug\":\"canape\",\"slug_id\":\"0\",\"is_slug_editable\":\"1\",\"description\":\"<p>&nbsp;Canap\\u00e9 d\'angle modulable, 2 places, Vissle beige\\/m\\u00e9tal<\\/p>\",\"content\":null,\"images\":[null],\"product_type\":\"physical\",\"specification_table_id\":null,\"sale_type\":\"0\",\"sku\":\"NN-2443-SJ2ZF\",\"price\":\"799\",\"sale_price\":\"789\",\"start_date\":null,\"end_date\":null,\"cost_per_item\":\"0\",\"product_id\":null,\"barcode\":null,\"with_storehouse_management\":\"0\",\"quantity\":\"0\",\"allow_checkout_when_out_of_stock\":\"0\",\"stock_status\":\"in_stock\",\"weight\":\"0\",\"length\":\"0\",\"wide\":\"0\",\"height\":\"0\",\"is_added_attributes\":\"0\",\"has_product_options\":\"1\",\"related_products\":null,\"faq_schema_config\":\"[]\",\"seo_meta\":{\"seo_title\":null,\"seo_description\":null,\"index\":\"index\"},\"seo_meta_image\":null,\"submitter\":\"apply\",\"status\":\"published\",\"is_featured\":\"0\",\"brand_id\":null,\"image\":null,\"minimum_order_quantity\":\"0\",\"maximum_order_quantity\":\"0\",\"tag\":null}','created','Mozilla/5.0 (Windows NT 10.0; Win64; x64) AppleWebKit/537.36 (KHTML, like Gecko) Chrome/136.0.0.0 Safari/537.36 Edg/136.0.0.0','127.0.0.1',1,274,'Canapé','info','2025-05-21 14:13:17','2025-05-21 14:13:17'),(34,1,'product','{\"name\":\"Canap\\u00e9\",\"model\":\"Botble\\\\Ecommerce\\\\Models\\\\Product\",\"slug\":\"canape\",\"slug_id\":\"0\",\"is_slug_editable\":\"1\",\"description\":\"<p>&nbsp;Canap\\u00e9 d\'angle modulable, 2 places, Vissle beige\\/m\\u00e9tal<\\/p>\",\"content\":null,\"images\":[null],\"product_type\":\"physical\",\"specification_table_id\":null,\"sale_type\":\"0\",\"sku\":\"NN-2443-SJ2ZF\",\"price\":\"799\",\"sale_price\":\"789\",\"start_date\":null,\"end_date\":null,\"cost_per_item\":\"0\",\"product_id\":null,\"barcode\":null,\"with_storehouse_management\":\"0\",\"quantity\":\"0\",\"allow_checkout_when_out_of_stock\":\"0\",\"stock_status\":\"in_stock\",\"weight\":\"0\",\"length\":\"0\",\"wide\":\"0\",\"height\":\"0\",\"is_added_attributes\":\"0\",\"has_product_options\":\"1\",\"related_products\":null,\"faq_schema_config\":\"[]\",\"seo_meta\":{\"seo_title\":null,\"seo_description\":null,\"index\":\"index\"},\"seo_meta_image\":null,\"submitter\":\"apply\",\"status\":\"published\",\"is_featured\":\"0\",\"brand_id\":null,\"image\":null,\"minimum_order_quantity\":\"0\",\"maximum_order_quantity\":\"0\",\"tag\":null}','created','Mozilla/5.0 (Windows NT 10.0; Win64; x64) AppleWebKit/537.36 (KHTML, like Gecko) Chrome/136.0.0.0 Safari/537.36 Edg/136.0.0.0','127.0.0.1',1,275,'Canapé','info','2025-05-21 14:13:18','2025-05-21 14:13:18'),(35,1,'product','{\"name\":\"Canap\\u00e9\",\"model\":\"Botble\\\\Ecommerce\\\\Models\\\\Product\",\"slug\":\"canape\",\"slug_id\":\"0\",\"is_slug_editable\":\"1\",\"description\":\"<p>&nbsp;Canap\\u00e9 d\'angle modulable, 2 places, Vissle beige\\/m\\u00e9tal<\\/p>\",\"content\":null,\"images\":[null],\"product_type\":\"physical\",\"specification_table_id\":null,\"sale_type\":\"0\",\"sku\":\"NN-2443-SJ2ZF\",\"price\":\"799\",\"sale_price\":\"789\",\"start_date\":null,\"end_date\":null,\"cost_per_item\":\"0\",\"product_id\":null,\"barcode\":null,\"with_storehouse_management\":\"0\",\"quantity\":\"0\",\"allow_checkout_when_out_of_stock\":\"0\",\"stock_status\":\"in_stock\",\"weight\":\"0\",\"length\":\"0\",\"wide\":\"0\",\"height\":\"0\",\"is_added_attributes\":\"0\",\"has_product_options\":\"1\",\"related_products\":null,\"faq_schema_config\":\"[]\",\"seo_meta\":{\"seo_title\":null,\"seo_description\":null,\"index\":\"index\"},\"seo_meta_image\":null,\"submitter\":\"apply\",\"status\":\"published\",\"is_featured\":\"0\",\"brand_id\":null,\"image\":null,\"minimum_order_quantity\":\"0\",\"maximum_order_quantity\":\"0\",\"tag\":null}','created','Mozilla/5.0 (Windows NT 10.0; Win64; x64) AppleWebKit/537.36 (KHTML, like Gecko) Chrome/136.0.0.0 Safari/537.36 Edg/136.0.0.0','127.0.0.1',1,276,'Canapé','info','2025-05-21 14:13:19','2025-05-21 14:13:19'),(36,1,'product','{\"name\":\"Canap\\u00e9\",\"model\":\"Botble\\\\Ecommerce\\\\Models\\\\Product\",\"slug\":\"canape\",\"slug_id\":\"0\",\"is_slug_editable\":\"1\",\"description\":\"<p>&nbsp;Canap\\u00e9 d\'angle modulable, 2 places, Vissle beige\\/m\\u00e9tal<\\/p>\",\"content\":null,\"images\":[null],\"product_type\":\"physical\",\"specification_table_id\":null,\"sale_type\":\"0\",\"sku\":\"NN-2443-SJ2ZF\",\"price\":\"799\",\"sale_price\":\"789\",\"start_date\":null,\"end_date\":null,\"cost_per_item\":\"0\",\"product_id\":null,\"barcode\":null,\"with_storehouse_management\":\"0\",\"quantity\":\"0\",\"allow_checkout_when_out_of_stock\":\"0\",\"stock_status\":\"in_stock\",\"weight\":\"0\",\"length\":\"0\",\"wide\":\"0\",\"height\":\"0\",\"is_added_attributes\":\"0\",\"has_product_options\":\"1\",\"related_products\":null,\"faq_schema_config\":\"[]\",\"seo_meta\":{\"seo_title\":null,\"seo_description\":null,\"index\":\"index\"},\"seo_meta_image\":null,\"submitter\":\"apply\",\"status\":\"published\",\"is_featured\":\"0\",\"brand_id\":null,\"image\":null,\"minimum_order_quantity\":\"0\",\"maximum_order_quantity\":\"0\",\"tag\":null}','created','Mozilla/5.0 (Windows NT 10.0; Win64; x64) AppleWebKit/537.36 (KHTML, like Gecko) Chrome/136.0.0.0 Safari/537.36 Edg/136.0.0.0','127.0.0.1',1,277,'Canapé','info','2025-05-21 14:13:19','2025-05-21 14:13:19'),(37,1,'product','{\"name\":\"Canap\\u00e9\",\"model\":\"Botble\\\\Ecommerce\\\\Models\\\\Product\",\"slug\":\"canape\",\"slug_id\":\"0\",\"is_slug_editable\":\"1\",\"description\":\"<p>&nbsp;Canap\\u00e9 d\'angle modulable, 2 places, Vissle beige\\/m\\u00e9tal<\\/p>\",\"content\":null,\"images\":[null],\"product_type\":\"physical\",\"specification_table_id\":null,\"sale_type\":\"0\",\"sku\":\"NN-2443-SJ2ZF\",\"price\":\"799\",\"sale_price\":\"789\",\"start_date\":null,\"end_date\":null,\"cost_per_item\":\"0\",\"product_id\":null,\"barcode\":null,\"with_storehouse_management\":\"0\",\"quantity\":\"0\",\"allow_checkout_when_out_of_stock\":\"0\",\"stock_status\":\"in_stock\",\"weight\":\"0\",\"length\":\"0\",\"wide\":\"0\",\"height\":\"0\",\"is_added_attributes\":\"0\",\"has_product_options\":\"1\",\"related_products\":null,\"faq_schema_config\":\"[]\",\"seo_meta\":{\"seo_title\":null,\"seo_description\":null,\"index\":\"index\"},\"seo_meta_image\":null,\"submitter\":\"apply\",\"status\":\"published\",\"is_featured\":\"0\",\"brand_id\":null,\"image\":null,\"minimum_order_quantity\":\"0\",\"maximum_order_quantity\":\"0\",\"tag\":null}','created','Mozilla/5.0 (Windows NT 10.0; Win64; x64) AppleWebKit/537.36 (KHTML, like Gecko) Chrome/136.0.0.0 Safari/537.36 Edg/136.0.0.0','127.0.0.1',1,278,'Canapé','info','2025-05-21 14:13:20','2025-05-21 14:13:20'),(38,1,'product','{\"name\":\"Canap\\u00e9\",\"model\":\"Botble\\\\Ecommerce\\\\Models\\\\Product\",\"slug\":\"canape\",\"slug_id\":\"0\",\"is_slug_editable\":\"1\",\"description\":\"<p>&nbsp;Canap\\u00e9 d\'angle modulable, 2 places, Vissle beige\\/m\\u00e9tal<\\/p>\",\"content\":null,\"images\":[null],\"product_type\":\"physical\",\"specification_table_id\":null,\"sale_type\":\"0\",\"sku\":\"NN-2443-SJ2ZF\",\"price\":\"799\",\"sale_price\":\"789\",\"start_date\":null,\"end_date\":null,\"cost_per_item\":\"0\",\"product_id\":null,\"barcode\":null,\"with_storehouse_management\":\"0\",\"quantity\":\"0\",\"allow_checkout_when_out_of_stock\":\"0\",\"stock_status\":\"in_stock\",\"weight\":\"0\",\"length\":\"0\",\"wide\":\"0\",\"height\":\"0\",\"is_added_attributes\":\"0\",\"has_product_options\":\"1\",\"related_products\":null,\"faq_schema_config\":\"[]\",\"seo_meta\":{\"seo_title\":null,\"seo_description\":null,\"index\":\"index\"},\"seo_meta_image\":null,\"submitter\":\"apply\",\"status\":\"published\",\"is_featured\":\"0\",\"brand_id\":null,\"image\":null,\"minimum_order_quantity\":\"0\",\"maximum_order_quantity\":\"0\",\"tag\":null}','created','Mozilla/5.0 (Windows NT 10.0; Win64; x64) AppleWebKit/537.36 (KHTML, like Gecko) Chrome/136.0.0.0 Safari/537.36 Edg/136.0.0.0','127.0.0.1',1,279,'Canapé','info','2025-05-21 14:13:21','2025-05-21 14:13:21'),(39,1,'product','{\"name\":\"Canap\\u00e9\",\"model\":\"Botble\\\\Ecommerce\\\\Models\\\\Product\",\"slug\":\"canape\",\"slug_id\":\"0\",\"is_slug_editable\":\"1\",\"description\":\"<p>&nbsp;Canap\\u00e9 d\'angle modulable, 2 places, Vissle beige\\/m\\u00e9tal<\\/p>\",\"content\":null,\"images\":[null],\"product_type\":\"physical\",\"specification_table_id\":null,\"sale_type\":\"0\",\"sku\":\"NN-2443-SJ2ZF\",\"price\":\"799\",\"sale_price\":\"789\",\"start_date\":null,\"end_date\":null,\"cost_per_item\":\"0\",\"product_id\":null,\"barcode\":null,\"with_storehouse_management\":\"0\",\"quantity\":\"0\",\"allow_checkout_when_out_of_stock\":\"0\",\"stock_status\":\"in_stock\",\"weight\":\"0\",\"length\":\"0\",\"wide\":\"0\",\"height\":\"0\",\"is_added_attributes\":\"0\",\"has_product_options\":\"1\",\"related_products\":null,\"faq_schema_config\":\"[]\",\"seo_meta\":{\"seo_title\":null,\"seo_description\":null,\"index\":\"index\"},\"seo_meta_image\":null,\"submitter\":\"apply\",\"status\":\"published\",\"is_featured\":\"0\",\"brand_id\":null,\"image\":null,\"minimum_order_quantity\":\"0\",\"maximum_order_quantity\":\"0\",\"tag\":null}','created','Mozilla/5.0 (Windows NT 10.0; Win64; x64) AppleWebKit/537.36 (KHTML, like Gecko) Chrome/136.0.0.0 Safari/537.36 Edg/136.0.0.0','127.0.0.1',1,280,'Canapé','info','2025-05-21 14:13:21','2025-05-21 14:13:21'),(40,1,'product','{\"name\":\"Canap\\u00e9\",\"model\":\"Botble\\\\Ecommerce\\\\Models\\\\Product\",\"slug\":\"canape\",\"slug_id\":\"0\",\"is_slug_editable\":\"1\",\"description\":\"<p>&nbsp;Canap\\u00e9 d\'angle modulable, 2 places, Vissle beige\\/m\\u00e9tal<\\/p>\",\"content\":null,\"images\":[null],\"product_type\":\"physical\",\"specification_table_id\":null,\"sale_type\":\"0\",\"sku\":\"NN-2443-SJ2ZF\",\"price\":\"799\",\"sale_price\":\"789\",\"start_date\":null,\"end_date\":null,\"cost_per_item\":\"0\",\"product_id\":null,\"barcode\":null,\"with_storehouse_management\":\"0\",\"quantity\":\"0\",\"allow_checkout_when_out_of_stock\":\"0\",\"stock_status\":\"in_stock\",\"weight\":\"0\",\"length\":\"0\",\"wide\":\"0\",\"height\":\"0\",\"is_added_attributes\":\"0\",\"has_product_options\":\"1\",\"related_products\":null,\"faq_schema_config\":\"[]\",\"seo_meta\":{\"seo_title\":null,\"seo_description\":null,\"index\":\"index\"},\"seo_meta_image\":null,\"submitter\":\"apply\",\"status\":\"published\",\"is_featured\":\"0\",\"brand_id\":null,\"image\":null,\"minimum_order_quantity\":\"0\",\"maximum_order_quantity\":\"0\",\"tag\":null}','created','Mozilla/5.0 (Windows NT 10.0; Win64; x64) AppleWebKit/537.36 (KHTML, like Gecko) Chrome/136.0.0.0 Safari/537.36 Edg/136.0.0.0','127.0.0.1',1,281,'Canapé','info','2025-05-21 14:13:22','2025-05-21 14:13:22'),(41,1,'product','{\"name\":\"Canap\\u00e9\",\"model\":\"Botble\\\\Ecommerce\\\\Models\\\\Product\",\"slug\":\"canape\",\"slug_id\":\"0\",\"is_slug_editable\":\"1\",\"description\":\"<p>&nbsp;Canap\\u00e9 d\'angle modulable, 2 places, Vissle beige\\/m\\u00e9tal<\\/p>\",\"content\":null,\"images\":[null],\"product_type\":\"physical\",\"specification_table_id\":null,\"sale_type\":\"0\",\"sku\":\"NN-2443-SJ2ZF\",\"price\":\"799\",\"sale_price\":\"789\",\"start_date\":null,\"end_date\":null,\"cost_per_item\":\"0\",\"product_id\":null,\"barcode\":null,\"with_storehouse_management\":\"0\",\"quantity\":\"0\",\"allow_checkout_when_out_of_stock\":\"0\",\"stock_status\":\"in_stock\",\"weight\":\"0\",\"length\":\"0\",\"wide\":\"0\",\"height\":\"0\",\"is_added_attributes\":\"0\",\"has_product_options\":\"1\",\"related_products\":null,\"faq_schema_config\":\"[]\",\"seo_meta\":{\"seo_title\":null,\"seo_description\":null,\"index\":\"index\"},\"seo_meta_image\":null,\"submitter\":\"apply\",\"status\":\"published\",\"is_featured\":\"0\",\"brand_id\":null,\"image\":null,\"minimum_order_quantity\":\"0\",\"maximum_order_quantity\":\"0\",\"tag\":null}','created','Mozilla/5.0 (Windows NT 10.0; Win64; x64) AppleWebKit/537.36 (KHTML, like Gecko) Chrome/136.0.0.0 Safari/537.36 Edg/136.0.0.0','127.0.0.1',1,282,'Canapé','info','2025-05-21 14:13:22','2025-05-21 14:13:22'),(42,1,'product','{\"name\":\"Canap\\u00e9\",\"model\":\"Botble\\\\Ecommerce\\\\Models\\\\Product\",\"slug\":\"canape\",\"slug_id\":\"0\",\"is_slug_editable\":\"1\",\"description\":\"<p>&nbsp;Canap\\u00e9 d\'angle modulable, 2 places, Vissle beige\\/m\\u00e9tal<\\/p>\",\"content\":null,\"images\":[null],\"product_type\":\"physical\",\"specification_table_id\":null,\"sale_type\":\"0\",\"sku\":\"NN-2443-SJ2ZF\",\"price\":\"799\",\"sale_price\":\"789\",\"start_date\":null,\"end_date\":null,\"cost_per_item\":\"0\",\"product_id\":null,\"barcode\":null,\"with_storehouse_management\":\"0\",\"quantity\":\"0\",\"allow_checkout_when_out_of_stock\":\"0\",\"stock_status\":\"in_stock\",\"weight\":\"0\",\"length\":\"0\",\"wide\":\"0\",\"height\":\"0\",\"is_added_attributes\":\"0\",\"has_product_options\":\"1\",\"related_products\":null,\"faq_schema_config\":\"[]\",\"seo_meta\":{\"seo_title\":null,\"seo_description\":null,\"index\":\"index\"},\"seo_meta_image\":null,\"submitter\":\"apply\",\"status\":\"published\",\"is_featured\":\"0\",\"brand_id\":null,\"image\":null,\"minimum_order_quantity\":\"0\",\"maximum_order_quantity\":\"0\",\"tag\":null}','created','Mozilla/5.0 (Windows NT 10.0; Win64; x64) AppleWebKit/537.36 (KHTML, like Gecko) Chrome/136.0.0.0 Safari/537.36 Edg/136.0.0.0','127.0.0.1',1,283,'Canapé','info','2025-05-21 14:13:23','2025-05-21 14:13:23'),(43,1,'product','{\"name\":\"Canap\\u00e9\",\"model\":\"Botble\\\\Ecommerce\\\\Models\\\\Product\",\"slug\":\"canape\",\"slug_id\":\"0\",\"is_slug_editable\":\"1\",\"description\":\"<p>&nbsp;Canap\\u00e9 d\'angle modulable, 2 places, Vissle beige\\/m\\u00e9tal<\\/p>\",\"content\":null,\"images\":[null],\"product_type\":\"physical\",\"specification_table_id\":null,\"sale_type\":\"0\",\"sku\":\"NN-2443-SJ2ZF\",\"price\":\"799\",\"sale_price\":\"789\",\"start_date\":null,\"end_date\":null,\"cost_per_item\":\"0\",\"product_id\":null,\"barcode\":null,\"with_storehouse_management\":\"0\",\"quantity\":\"0\",\"allow_checkout_when_out_of_stock\":\"0\",\"stock_status\":\"in_stock\",\"weight\":\"0\",\"length\":\"0\",\"wide\":\"0\",\"height\":\"0\",\"is_added_attributes\":\"0\",\"has_product_options\":\"1\",\"related_products\":null,\"faq_schema_config\":\"[]\",\"seo_meta\":{\"seo_title\":null,\"seo_description\":null,\"index\":\"index\"},\"seo_meta_image\":null,\"submitter\":\"apply\",\"status\":\"published\",\"is_featured\":\"0\",\"brand_id\":null,\"image\":null,\"minimum_order_quantity\":\"0\",\"maximum_order_quantity\":\"0\",\"tag\":null}','created','Mozilla/5.0 (Windows NT 10.0; Win64; x64) AppleWebKit/537.36 (KHTML, like Gecko) Chrome/136.0.0.0 Safari/537.36 Edg/136.0.0.0','127.0.0.1',1,284,'Canapé','info','2025-05-21 14:13:24','2025-05-21 14:13:24'),(44,1,'product','{\"name\":\"Canap\\u00e9\",\"model\":\"Botble\\\\Ecommerce\\\\Models\\\\Product\",\"slug\":\"canape\",\"slug_id\":\"0\",\"is_slug_editable\":\"1\",\"description\":\"<p>&nbsp;Canap\\u00e9 d\'angle modulable, 2 places, Vissle beige\\/m\\u00e9tal<\\/p>\",\"content\":null,\"images\":[null],\"product_type\":\"physical\",\"specification_table_id\":null,\"sale_type\":\"0\",\"sku\":\"NN-2443-SJ2ZF\",\"price\":\"799\",\"sale_price\":\"789\",\"start_date\":null,\"end_date\":null,\"cost_per_item\":\"0\",\"product_id\":null,\"barcode\":null,\"with_storehouse_management\":\"0\",\"quantity\":\"0\",\"allow_checkout_when_out_of_stock\":\"0\",\"stock_status\":\"in_stock\",\"weight\":\"0\",\"length\":\"0\",\"wide\":\"0\",\"height\":\"0\",\"is_added_attributes\":\"0\",\"has_product_options\":\"1\",\"related_products\":null,\"faq_schema_config\":\"[]\",\"seo_meta\":{\"seo_title\":null,\"seo_description\":null,\"index\":\"index\"},\"seo_meta_image\":null,\"submitter\":\"apply\",\"status\":\"published\",\"is_featured\":\"0\",\"brand_id\":null,\"image\":null,\"minimum_order_quantity\":\"0\",\"maximum_order_quantity\":\"0\",\"tag\":null}','created','Mozilla/5.0 (Windows NT 10.0; Win64; x64) AppleWebKit/537.36 (KHTML, like Gecko) Chrome/136.0.0.0 Safari/537.36 Edg/136.0.0.0','127.0.0.1',1,285,'Canapé','info','2025-05-21 14:13:24','2025-05-21 14:13:24'),(45,1,'product','{\"name\":\"Canap\\u00e9\",\"model\":\"Botble\\\\Ecommerce\\\\Models\\\\Product\",\"slug\":\"canape\",\"slug_id\":\"0\",\"is_slug_editable\":\"1\",\"description\":\"<p>&nbsp;Canap\\u00e9 d\'angle modulable, 2 places, Vissle beige\\/m\\u00e9tal<\\/p>\",\"content\":null,\"images\":[null],\"product_type\":\"physical\",\"specification_table_id\":null,\"sale_type\":\"0\",\"sku\":\"NN-2443-SJ2ZF\",\"price\":\"799\",\"sale_price\":\"789\",\"start_date\":null,\"end_date\":null,\"cost_per_item\":\"0\",\"product_id\":null,\"barcode\":null,\"with_storehouse_management\":\"0\",\"quantity\":\"0\",\"allow_checkout_when_out_of_stock\":\"0\",\"stock_status\":\"in_stock\",\"weight\":\"0\",\"length\":\"0\",\"wide\":\"0\",\"height\":\"0\",\"is_added_attributes\":\"0\",\"has_product_options\":\"1\",\"related_products\":null,\"faq_schema_config\":\"[]\",\"seo_meta\":{\"seo_title\":null,\"seo_description\":null,\"index\":\"index\"},\"seo_meta_image\":null,\"submitter\":\"apply\",\"status\":\"published\",\"is_featured\":\"0\",\"brand_id\":null,\"image\":null,\"minimum_order_quantity\":\"0\",\"maximum_order_quantity\":\"0\",\"tag\":null}','created','Mozilla/5.0 (Windows NT 10.0; Win64; x64) AppleWebKit/537.36 (KHTML, like Gecko) Chrome/136.0.0.0 Safari/537.36 Edg/136.0.0.0','127.0.0.1',1,286,'Canapé','info','2025-05-21 14:13:25','2025-05-21 14:13:25'),(46,1,'product','{\"name\":\"Canap\\u00e9\",\"model\":\"Botble\\\\Ecommerce\\\\Models\\\\Product\",\"slug\":\"canape\",\"slug_id\":\"0\",\"is_slug_editable\":\"1\",\"description\":\"<p>&nbsp;Canap\\u00e9 d\'angle modulable, 2 places, Vissle beige\\/m\\u00e9tal<\\/p>\",\"content\":null,\"images\":[null],\"product_type\":\"physical\",\"specification_table_id\":null,\"sale_type\":\"0\",\"sku\":\"NN-2443-SJ2ZF\",\"price\":\"799\",\"sale_price\":\"789\",\"start_date\":null,\"end_date\":null,\"cost_per_item\":\"0\",\"product_id\":null,\"barcode\":null,\"with_storehouse_management\":\"0\",\"quantity\":\"0\",\"allow_checkout_when_out_of_stock\":\"0\",\"stock_status\":\"in_stock\",\"weight\":\"0\",\"length\":\"0\",\"wide\":\"0\",\"height\":\"0\",\"is_added_attributes\":\"0\",\"has_product_options\":\"1\",\"related_products\":null,\"faq_schema_config\":\"[]\",\"seo_meta\":{\"seo_title\":null,\"seo_description\":null,\"index\":\"index\"},\"seo_meta_image\":null,\"submitter\":\"apply\",\"status\":\"published\",\"is_featured\":\"0\",\"brand_id\":null,\"image\":null,\"minimum_order_quantity\":\"0\",\"maximum_order_quantity\":\"0\",\"tag\":null}','created','Mozilla/5.0 (Windows NT 10.0; Win64; x64) AppleWebKit/537.36 (KHTML, like Gecko) Chrome/136.0.0.0 Safari/537.36 Edg/136.0.0.0','127.0.0.1',1,287,'Canapé','info','2025-05-21 14:13:26','2025-05-21 14:13:26'),(47,1,'product','{\"name\":\"Canap\\u00e9\",\"model\":\"Botble\\\\Ecommerce\\\\Models\\\\Product\",\"slug\":\"canape\",\"slug_id\":\"0\",\"is_slug_editable\":\"1\",\"description\":\"<p>&nbsp;Canap\\u00e9 d\'angle modulable, 2 places, Vissle beige\\/m\\u00e9tal<\\/p>\",\"content\":null,\"images\":[null],\"product_type\":\"physical\",\"specification_table_id\":null,\"sale_type\":\"0\",\"sku\":\"NN-2443-SJ2ZF\",\"price\":\"799\",\"sale_price\":\"789\",\"start_date\":null,\"end_date\":null,\"cost_per_item\":\"0\",\"product_id\":null,\"barcode\":null,\"with_storehouse_management\":\"0\",\"quantity\":\"0\",\"allow_checkout_when_out_of_stock\":\"0\",\"stock_status\":\"in_stock\",\"weight\":\"0\",\"length\":\"0\",\"wide\":\"0\",\"height\":\"0\",\"is_added_attributes\":\"0\",\"has_product_options\":\"1\",\"related_products\":null,\"faq_schema_config\":\"[]\",\"seo_meta\":{\"seo_title\":null,\"seo_description\":null,\"index\":\"index\"},\"seo_meta_image\":null,\"submitter\":\"apply\",\"status\":\"published\",\"is_featured\":\"0\",\"brand_id\":null,\"image\":null,\"minimum_order_quantity\":\"0\",\"maximum_order_quantity\":\"0\",\"tag\":null}','created','Mozilla/5.0 (Windows NT 10.0; Win64; x64) AppleWebKit/537.36 (KHTML, like Gecko) Chrome/136.0.0.0 Safari/537.36 Edg/136.0.0.0','127.0.0.1',1,288,'Canapé','info','2025-05-21 14:13:27','2025-05-21 14:13:27'),(48,1,'product','{\"name\":\"Canap\\u00e9\",\"model\":\"Botble\\\\Ecommerce\\\\Models\\\\Product\",\"slug\":\"canape\",\"slug_id\":\"0\",\"is_slug_editable\":\"1\",\"description\":\"<p>&nbsp;Canap\\u00e9 d\'angle modulable, 2 places, Vissle beige\\/m\\u00e9tal<\\/p>\",\"content\":null,\"images\":[null],\"product_type\":\"physical\",\"specification_table_id\":null,\"sale_type\":\"0\",\"sku\":\"NN-2443-SJ2ZF\",\"price\":\"799\",\"sale_price\":\"789\",\"start_date\":null,\"end_date\":null,\"cost_per_item\":\"0\",\"product_id\":null,\"barcode\":null,\"with_storehouse_management\":\"0\",\"quantity\":\"0\",\"allow_checkout_when_out_of_stock\":\"0\",\"stock_status\":\"in_stock\",\"weight\":\"0\",\"length\":\"0\",\"wide\":\"0\",\"height\":\"0\",\"is_added_attributes\":\"0\",\"has_product_options\":\"1\",\"related_products\":null,\"faq_schema_config\":\"[]\",\"seo_meta\":{\"seo_title\":null,\"seo_description\":null,\"index\":\"index\"},\"seo_meta_image\":null,\"submitter\":\"apply\",\"status\":\"published\",\"is_featured\":\"0\",\"brand_id\":null,\"image\":null,\"minimum_order_quantity\":\"0\",\"maximum_order_quantity\":\"0\",\"tag\":null}','created','Mozilla/5.0 (Windows NT 10.0; Win64; x64) AppleWebKit/537.36 (KHTML, like Gecko) Chrome/136.0.0.0 Safari/537.36 Edg/136.0.0.0','127.0.0.1',1,289,'Canapé','info','2025-05-21 14:13:27','2025-05-21 14:13:27'),(49,1,'product','{\"name\":\"Canap\\u00e9\",\"model\":\"Botble\\\\Ecommerce\\\\Models\\\\Product\",\"slug\":\"canape\",\"slug_id\":\"0\",\"is_slug_editable\":\"1\",\"description\":\"<p>&nbsp;Canap\\u00e9 d\'angle modulable, 2 places, Vissle beige\\/m\\u00e9tal<\\/p>\",\"content\":null,\"images\":[null],\"product_type\":\"physical\",\"specification_table_id\":null,\"sale_type\":\"0\",\"sku\":\"NN-2443-SJ2ZF\",\"price\":\"799\",\"sale_price\":\"789\",\"start_date\":null,\"end_date\":null,\"cost_per_item\":\"0\",\"product_id\":null,\"barcode\":null,\"with_storehouse_management\":\"0\",\"quantity\":\"0\",\"allow_checkout_when_out_of_stock\":\"0\",\"stock_status\":\"in_stock\",\"weight\":\"0\",\"length\":\"0\",\"wide\":\"0\",\"height\":\"0\",\"is_added_attributes\":\"0\",\"has_product_options\":\"1\",\"related_products\":null,\"faq_schema_config\":\"[]\",\"seo_meta\":{\"seo_title\":null,\"seo_description\":null,\"index\":\"index\"},\"seo_meta_image\":null,\"submitter\":\"apply\",\"status\":\"published\",\"is_featured\":\"0\",\"brand_id\":null,\"image\":null,\"minimum_order_quantity\":\"0\",\"maximum_order_quantity\":\"0\",\"tag\":null}','created','Mozilla/5.0 (Windows NT 10.0; Win64; x64) AppleWebKit/537.36 (KHTML, like Gecko) Chrome/136.0.0.0 Safari/537.36 Edg/136.0.0.0','127.0.0.1',1,290,'Canapé','info','2025-05-21 14:13:28','2025-05-21 14:13:28'),(50,1,'product','{\"name\":\"Canap\\u00e9\",\"model\":\"Botble\\\\Ecommerce\\\\Models\\\\Product\",\"slug\":\"canape\",\"slug_id\":\"0\",\"is_slug_editable\":\"1\",\"description\":\"<p>&nbsp;Canap\\u00e9 d\'angle modulable, 2 places, Vissle beige\\/m\\u00e9tal<\\/p>\",\"content\":null,\"images\":[null],\"product_type\":\"physical\",\"specification_table_id\":null,\"sale_type\":\"0\",\"sku\":\"NN-2443-SJ2ZF\",\"price\":\"799\",\"sale_price\":\"789\",\"start_date\":null,\"end_date\":null,\"cost_per_item\":\"0\",\"product_id\":null,\"barcode\":null,\"with_storehouse_management\":\"0\",\"quantity\":\"0\",\"allow_checkout_when_out_of_stock\":\"0\",\"stock_status\":\"in_stock\",\"weight\":\"0\",\"length\":\"0\",\"wide\":\"0\",\"height\":\"0\",\"is_added_attributes\":\"0\",\"has_product_options\":\"1\",\"related_products\":null,\"faq_schema_config\":\"[]\",\"seo_meta\":{\"seo_title\":null,\"seo_description\":null,\"index\":\"index\"},\"seo_meta_image\":null,\"submitter\":\"apply\",\"status\":\"published\",\"is_featured\":\"0\",\"brand_id\":null,\"image\":null,\"minimum_order_quantity\":\"0\",\"maximum_order_quantity\":\"0\",\"tag\":null}','created','Mozilla/5.0 (Windows NT 10.0; Win64; x64) AppleWebKit/537.36 (KHTML, like Gecko) Chrome/136.0.0.0 Safari/537.36 Edg/136.0.0.0','127.0.0.1',1,291,'Canapé','info','2025-05-21 14:13:29','2025-05-21 14:13:29'),(51,1,'product','{\"name\":\"Canap\\u00e9\",\"model\":\"Botble\\\\Ecommerce\\\\Models\\\\Product\",\"slug\":\"canape\",\"slug_id\":\"0\",\"is_slug_editable\":\"1\",\"description\":\"<p>&nbsp;Canap\\u00e9 d\'angle modulable, 2 places, Vissle beige\\/m\\u00e9tal<\\/p>\",\"content\":null,\"images\":[null],\"product_type\":\"physical\",\"specification_table_id\":null,\"sale_type\":\"0\",\"sku\":\"NN-2443-SJ2ZF\",\"price\":\"799\",\"sale_price\":\"789\",\"start_date\":null,\"end_date\":null,\"cost_per_item\":\"0\",\"product_id\":null,\"barcode\":null,\"with_storehouse_management\":\"0\",\"quantity\":\"0\",\"allow_checkout_when_out_of_stock\":\"0\",\"stock_status\":\"in_stock\",\"weight\":\"0\",\"length\":\"0\",\"wide\":\"0\",\"height\":\"0\",\"is_added_attributes\":\"0\",\"has_product_options\":\"1\",\"related_products\":null,\"faq_schema_config\":\"[]\",\"seo_meta\":{\"seo_title\":null,\"seo_description\":null,\"index\":\"index\"},\"seo_meta_image\":null,\"submitter\":\"apply\",\"status\":\"published\",\"is_featured\":\"0\",\"brand_id\":null,\"image\":null,\"minimum_order_quantity\":\"0\",\"maximum_order_quantity\":\"0\",\"tag\":null}','created','Mozilla/5.0 (Windows NT 10.0; Win64; x64) AppleWebKit/537.36 (KHTML, like Gecko) Chrome/136.0.0.0 Safari/537.36 Edg/136.0.0.0','127.0.0.1',1,292,'Canapé','info','2025-05-21 14:13:29','2025-05-21 14:13:29'),(52,1,'product','{\"name\":\"Canap\\u00e9\",\"model\":\"Botble\\\\Ecommerce\\\\Models\\\\Product\",\"slug\":\"canape\",\"slug_id\":\"0\",\"is_slug_editable\":\"1\",\"description\":\"<p>&nbsp;Canap\\u00e9 d\'angle modulable, 2 places, Vissle beige\\/m\\u00e9tal<\\/p>\",\"content\":null,\"images\":[null],\"product_type\":\"physical\",\"specification_table_id\":null,\"sale_type\":\"0\",\"sku\":\"NN-2443-SJ2ZF\",\"price\":\"799\",\"sale_price\":\"789\",\"start_date\":null,\"end_date\":null,\"cost_per_item\":\"0\",\"product_id\":null,\"barcode\":null,\"with_storehouse_management\":\"0\",\"quantity\":\"0\",\"allow_checkout_when_out_of_stock\":\"0\",\"stock_status\":\"in_stock\",\"weight\":\"0\",\"length\":\"0\",\"wide\":\"0\",\"height\":\"0\",\"is_added_attributes\":\"0\",\"has_product_options\":\"1\",\"related_products\":null,\"faq_schema_config\":\"[]\",\"seo_meta\":{\"seo_title\":null,\"seo_description\":null,\"index\":\"index\"},\"seo_meta_image\":null,\"submitter\":\"apply\",\"status\":\"published\",\"is_featured\":\"0\",\"brand_id\":null,\"image\":null,\"minimum_order_quantity\":\"0\",\"maximum_order_quantity\":\"0\",\"tag\":null}','created','Mozilla/5.0 (Windows NT 10.0; Win64; x64) AppleWebKit/537.36 (KHTML, like Gecko) Chrome/136.0.0.0 Safari/537.36 Edg/136.0.0.0','127.0.0.1',1,293,'Canapé','info','2025-05-21 14:13:30','2025-05-21 14:13:30'),(53,1,'product','{\"name\":\"Canap\\u00e9\",\"model\":\"Botble\\\\Ecommerce\\\\Models\\\\Product\",\"slug\":\"canape-25\",\"slug_id\":\"378\",\"is_slug_editable\":\"1\",\"description\":\"<p>&nbsp;Canap\\u00e9 d\'angle modulable, 2 places, Vissle beige\\/m\\u00e9tal<\\/p>\",\"content\":null,\"images\":[null],\"product_type\":\"physical\",\"specification_table_id\":null,\"sale_type\":\"0\",\"sku\":\"NN-2443-SJ2ZF\",\"price\":\"799\",\"sale_price\":\"789\",\"start_date\":null,\"end_date\":null,\"cost_per_item\":\"0\",\"product_id\":\"293\",\"barcode\":null,\"with_storehouse_management\":\"0\",\"quantity\":\"0\",\"allow_checkout_when_out_of_stock\":\"0\",\"stock_status\":\"in_stock\",\"weight\":\"0\",\"length\":\"0\",\"wide\":\"0\",\"height\":\"0\",\"is_added_attributes\":\"0\",\"has_product_options\":\"1\",\"related_products\":null,\"faq_schema_config\":[[{\"key\":\"question\",\"value\":null},{\"key\":\"answer\",\"value\":null}]],\"seo_meta\":{\"seo_title\":null,\"seo_description\":null,\"index\":\"index\"},\"seo_meta_image\":null,\"status\":\"published\",\"is_featured\":\"0\",\"categories\":[\"23\"],\"brand_id\":null,\"image\":null,\"minimum_order_quantity\":\"0\",\"maximum_order_quantity\":\"0\",\"tag\":null,\"submitter\":\"apply\"}','updated','Mozilla/5.0 (Windows NT 10.0; Win64; x64) AppleWebKit/537.36 (KHTML, like Gecko) Chrome/136.0.0.0 Safari/537.36 Edg/136.0.0.0','127.0.0.1',1,293,'Canapé','primary','2025-05-21 14:13:43','2025-05-21 14:13:43'),(54,1,'product','{\"name\":\"Canap\\u00e9\",\"model\":\"Botble\\\\Ecommerce\\\\Models\\\\Product\",\"slug\":\"canape-25\",\"slug_id\":\"378\",\"is_slug_editable\":\"1\",\"description\":\"<p>&nbsp;Canap\\u00e9 d\'angle modulable, 2 places, Vissle beige\\/m\\u00e9tal<\\/p>\",\"content\":null,\"images\":[null],\"product_type\":\"physical\",\"specification_table_id\":null,\"sale_type\":\"0\",\"sku\":\"NN-2443-SJ2ZF\",\"price\":\"799\",\"sale_price\":\"789\",\"start_date\":null,\"end_date\":null,\"cost_per_item\":\"0\",\"product_id\":\"293\",\"barcode\":null,\"with_storehouse_management\":\"0\",\"quantity\":\"0\",\"allow_checkout_when_out_of_stock\":\"0\",\"stock_status\":\"in_stock\",\"weight\":\"0\",\"length\":\"0\",\"wide\":\"0\",\"height\":\"0\",\"is_added_attributes\":\"0\",\"has_product_options\":\"1\",\"related_products\":null,\"faq_schema_config\":[[{\"key\":\"question\",\"value\":null},{\"key\":\"answer\",\"value\":null}]],\"seo_meta\":{\"seo_title\":null,\"seo_description\":null,\"index\":\"index\"},\"seo_meta_image\":null,\"status\":\"published\",\"is_featured\":\"0\",\"categories\":[\"23\"],\"brand_id\":null,\"image\":null,\"minimum_order_quantity\":\"0\",\"maximum_order_quantity\":\"0\",\"tag\":null}','updated','Mozilla/5.0 (Windows NT 10.0; Win64; x64) AppleWebKit/537.36 (KHTML, like Gecko) Chrome/136.0.0.0 Safari/537.36 Edg/136.0.0.0','127.0.0.1',1,293,'Canapé','primary','2025-05-21 14:14:41','2025-05-21 14:14:41'),(55,1,'product','{\"_method\":\"delete\"}','deleted','Mozilla/5.0 (Windows NT 10.0; Win64; x64) AppleWebKit/537.36 (KHTML, like Gecko) Chrome/136.0.0.0 Safari/537.36 Edg/136.0.0.0','127.0.0.1',1,273,'Canapé','danger','2025-05-21 14:15:36','2025-05-21 14:15:36'),(56,1,'product','{\"_method\":\"delete\"}','deleted','Mozilla/5.0 (Windows NT 10.0; Win64; x64) AppleWebKit/537.36 (KHTML, like Gecko) Chrome/136.0.0.0 Safari/537.36 Edg/136.0.0.0','127.0.0.1',1,293,'Canapé','danger','2025-05-21 14:15:42','2025-05-21 14:15:42'),(57,1,'product','{\"_method\":\"delete\"}','deleted','Mozilla/5.0 (Windows NT 10.0; Win64; x64) AppleWebKit/537.36 (KHTML, like Gecko) Chrome/136.0.0.0 Safari/537.36 Edg/136.0.0.0','127.0.0.1',1,292,'Canapé','danger','2025-05-21 14:15:46','2025-05-21 14:15:46'),(58,1,'product','{\"_method\":\"delete\"}','deleted','Mozilla/5.0 (Windows NT 10.0; Win64; x64) AppleWebKit/537.36 (KHTML, like Gecko) Chrome/136.0.0.0 Safari/537.36 Edg/136.0.0.0','127.0.0.1',1,291,'Canapé','danger','2025-05-21 14:15:51','2025-05-21 14:15:51'),(59,1,'product','{\"_method\":\"delete\"}','deleted','Mozilla/5.0 (Windows NT 10.0; Win64; x64) AppleWebKit/537.36 (KHTML, like Gecko) Chrome/136.0.0.0 Safari/537.36 Edg/136.0.0.0','127.0.0.1',1,290,'Canapé','danger','2025-05-21 14:15:57','2025-05-21 14:15:57'),(60,1,'product','{\"_method\":\"delete\"}','deleted','Mozilla/5.0 (Windows NT 10.0; Win64; x64) AppleWebKit/537.36 (KHTML, like Gecko) Chrome/136.0.0.0 Safari/537.36 Edg/136.0.0.0','127.0.0.1',1,289,'Canapé','danger','2025-05-21 14:16:02','2025-05-21 14:16:02'),(61,1,'product','{\"_method\":\"delete\"}','deleted','Mozilla/5.0 (Windows NT 10.0; Win64; x64) AppleWebKit/537.36 (KHTML, like Gecko) Chrome/136.0.0.0 Safari/537.36 Edg/136.0.0.0','127.0.0.1',1,288,'Canapé','danger','2025-05-21 14:16:07','2025-05-21 14:16:07'),(62,1,'product','{\"_method\":\"delete\"}','deleted','Mozilla/5.0 (Windows NT 10.0; Win64; x64) AppleWebKit/537.36 (KHTML, like Gecko) Chrome/136.0.0.0 Safari/537.36 Edg/136.0.0.0','127.0.0.1',1,287,'Canapé','danger','2025-05-21 14:16:11','2025-05-21 14:16:11'),(63,1,'product','{\"_method\":\"delete\"}','deleted','Mozilla/5.0 (Windows NT 10.0; Win64; x64) AppleWebKit/537.36 (KHTML, like Gecko) Chrome/136.0.0.0 Safari/537.36 Edg/136.0.0.0','127.0.0.1',1,286,'Canapé','danger','2025-05-21 14:16:15','2025-05-21 14:16:15'),(64,1,'product','{\"_method\":\"delete\"}','deleted','Mozilla/5.0 (Windows NT 10.0; Win64; x64) AppleWebKit/537.36 (KHTML, like Gecko) Chrome/136.0.0.0 Safari/537.36 Edg/136.0.0.0','127.0.0.1',1,284,'Canapé','danger','2025-05-21 14:16:19','2025-05-21 14:16:19'),(65,1,'product','{\"_method\":\"delete\"}','deleted','Mozilla/5.0 (Windows NT 10.0; Win64; x64) AppleWebKit/537.36 (KHTML, like Gecko) Chrome/136.0.0.0 Safari/537.36 Edg/136.0.0.0','127.0.0.1',1,283,'Canapé','danger','2025-05-21 14:16:23','2025-05-21 14:16:23'),(66,1,'product','{\"_method\":\"delete\"}','deleted','Mozilla/5.0 (Windows NT 10.0; Win64; x64) AppleWebKit/537.36 (KHTML, like Gecko) Chrome/136.0.0.0 Safari/537.36 Edg/136.0.0.0','127.0.0.1',1,282,'Canapé','danger','2025-05-21 14:16:27','2025-05-21 14:16:27'),(67,1,'product','{\"_method\":\"delete\"}','deleted','Mozilla/5.0 (Windows NT 10.0; Win64; x64) AppleWebKit/537.36 (KHTML, like Gecko) Chrome/136.0.0.0 Safari/537.36 Edg/136.0.0.0','127.0.0.1',1,281,'Canapé','danger','2025-05-21 14:16:31','2025-05-21 14:16:31'),(68,1,'product','{\"_method\":\"delete\"}','deleted','Mozilla/5.0 (Windows NT 10.0; Win64; x64) AppleWebKit/537.36 (KHTML, like Gecko) Chrome/136.0.0.0 Safari/537.36 Edg/136.0.0.0','127.0.0.1',1,280,'Canapé','danger','2025-05-21 14:16:34','2025-05-21 14:16:34'),(69,1,'product','{\"_method\":\"delete\"}','deleted','Mozilla/5.0 (Windows NT 10.0; Win64; x64) AppleWebKit/537.36 (KHTML, like Gecko) Chrome/136.0.0.0 Safari/537.36 Edg/136.0.0.0','127.0.0.1',1,279,'Canapé','danger','2025-05-21 14:16:38','2025-05-21 14:16:38'),(70,1,'product','{\"_method\":\"delete\"}','deleted','Mozilla/5.0 (Windows NT 10.0; Win64; x64) AppleWebKit/537.36 (KHTML, like Gecko) Chrome/136.0.0.0 Safari/537.36 Edg/136.0.0.0','127.0.0.1',1,278,'Canapé','danger','2025-05-21 14:16:43','2025-05-21 14:16:43'),(71,1,'product','{\"ids\":[\"285\",\"277\",\"276\",\"275\",\"274\",\"272\",\"271\",\"270\",\"269\",\"268\"],\"bulk_action\":1,\"bulk_action_table\":\"Botble\\\\Ecommerce\\\\Tables\\\\ProductTable\",\"bulk_action_target\":\"Botble\\\\Table\\\\BulkActions\\\\DeleteBulkAction\"}','deleted','Mozilla/5.0 (Windows NT 10.0; Win64; x64) AppleWebKit/537.36 (KHTML, like Gecko) Chrome/136.0.0.0 Safari/537.36 Edg/136.0.0.0','127.0.0.1',1,268,'Canapé','danger','2025-05-21 14:17:13','2025-05-21 14:17:13'),(72,1,'product','{\"ids\":[\"285\",\"277\",\"276\",\"275\",\"274\",\"272\",\"271\",\"270\",\"269\",\"268\"],\"bulk_action\":1,\"bulk_action_table\":\"Botble\\\\Ecommerce\\\\Tables\\\\ProductTable\",\"bulk_action_target\":\"Botble\\\\Table\\\\BulkActions\\\\DeleteBulkAction\"}','deleted','Mozilla/5.0 (Windows NT 10.0; Win64; x64) AppleWebKit/537.36 (KHTML, like Gecko) Chrome/136.0.0.0 Safari/537.36 Edg/136.0.0.0','127.0.0.1',1,269,'Canapé','danger','2025-05-21 14:17:13','2025-05-21 14:17:13'),(73,1,'product','{\"ids\":[\"285\",\"277\",\"276\",\"275\",\"274\",\"272\",\"271\",\"270\",\"269\",\"268\"],\"bulk_action\":1,\"bulk_action_table\":\"Botble\\\\Ecommerce\\\\Tables\\\\ProductTable\",\"bulk_action_target\":\"Botble\\\\Table\\\\BulkActions\\\\DeleteBulkAction\"}','deleted','Mozilla/5.0 (Windows NT 10.0; Win64; x64) AppleWebKit/537.36 (KHTML, like Gecko) Chrome/136.0.0.0 Safari/537.36 Edg/136.0.0.0','127.0.0.1',1,270,'Canapé','danger','2025-05-21 14:17:13','2025-05-21 14:17:13'),(74,1,'product','{\"ids\":[\"285\",\"277\",\"276\",\"275\",\"274\",\"272\",\"271\",\"270\",\"269\",\"268\"],\"bulk_action\":1,\"bulk_action_table\":\"Botble\\\\Ecommerce\\\\Tables\\\\ProductTable\",\"bulk_action_target\":\"Botble\\\\Table\\\\BulkActions\\\\DeleteBulkAction\"}','deleted','Mozilla/5.0 (Windows NT 10.0; Win64; x64) AppleWebKit/537.36 (KHTML, like Gecko) Chrome/136.0.0.0 Safari/537.36 Edg/136.0.0.0','127.0.0.1',1,271,'Canapé','danger','2025-05-21 14:17:13','2025-05-21 14:17:13'),(75,1,'product','{\"ids\":[\"285\",\"277\",\"276\",\"275\",\"274\",\"272\",\"271\",\"270\",\"269\",\"268\"],\"bulk_action\":1,\"bulk_action_table\":\"Botble\\\\Ecommerce\\\\Tables\\\\ProductTable\",\"bulk_action_target\":\"Botble\\\\Table\\\\BulkActions\\\\DeleteBulkAction\"}','deleted','Mozilla/5.0 (Windows NT 10.0; Win64; x64) AppleWebKit/537.36 (KHTML, like Gecko) Chrome/136.0.0.0 Safari/537.36 Edg/136.0.0.0','127.0.0.1',1,272,'Canapé','danger','2025-05-21 14:17:13','2025-05-21 14:17:13'),(76,1,'product','{\"ids\":[\"285\",\"277\",\"276\",\"275\",\"274\",\"272\",\"271\",\"270\",\"269\",\"268\"],\"bulk_action\":1,\"bulk_action_table\":\"Botble\\\\Ecommerce\\\\Tables\\\\ProductTable\",\"bulk_action_target\":\"Botble\\\\Table\\\\BulkActions\\\\DeleteBulkAction\"}','deleted','Mozilla/5.0 (Windows NT 10.0; Win64; x64) AppleWebKit/537.36 (KHTML, like Gecko) Chrome/136.0.0.0 Safari/537.36 Edg/136.0.0.0','127.0.0.1',1,274,'Canapé','danger','2025-05-21 14:17:14','2025-05-21 14:17:14'),(77,1,'product','{\"ids\":[\"285\",\"277\",\"276\",\"275\",\"274\",\"272\",\"271\",\"270\",\"269\",\"268\"],\"bulk_action\":1,\"bulk_action_table\":\"Botble\\\\Ecommerce\\\\Tables\\\\ProductTable\",\"bulk_action_target\":\"Botble\\\\Table\\\\BulkActions\\\\DeleteBulkAction\"}','deleted','Mozilla/5.0 (Windows NT 10.0; Win64; x64) AppleWebKit/537.36 (KHTML, like Gecko) Chrome/136.0.0.0 Safari/537.36 Edg/136.0.0.0','127.0.0.1',1,275,'Canapé','danger','2025-05-21 14:17:14','2025-05-21 14:17:14'),(78,1,'product','{\"ids\":[\"285\",\"277\",\"276\",\"275\",\"274\",\"272\",\"271\",\"270\",\"269\",\"268\"],\"bulk_action\":1,\"bulk_action_table\":\"Botble\\\\Ecommerce\\\\Tables\\\\ProductTable\",\"bulk_action_target\":\"Botble\\\\Table\\\\BulkActions\\\\DeleteBulkAction\"}','deleted','Mozilla/5.0 (Windows NT 10.0; Win64; x64) AppleWebKit/537.36 (KHTML, like Gecko) Chrome/136.0.0.0 Safari/537.36 Edg/136.0.0.0','127.0.0.1',1,276,'Canapé','danger','2025-05-21 14:17:14','2025-05-21 14:17:14'),(79,1,'product','{\"ids\":[\"285\",\"277\",\"276\",\"275\",\"274\",\"272\",\"271\",\"270\",\"269\",\"268\"],\"bulk_action\":1,\"bulk_action_table\":\"Botble\\\\Ecommerce\\\\Tables\\\\ProductTable\",\"bulk_action_target\":\"Botble\\\\Table\\\\BulkActions\\\\DeleteBulkAction\"}','deleted','Mozilla/5.0 (Windows NT 10.0; Win64; x64) AppleWebKit/537.36 (KHTML, like Gecko) Chrome/136.0.0.0 Safari/537.36 Edg/136.0.0.0','127.0.0.1',1,277,'Canapé','danger','2025-05-21 14:17:14','2025-05-21 14:17:14'),(80,1,'product','{\"ids\":[\"285\",\"277\",\"276\",\"275\",\"274\",\"272\",\"271\",\"270\",\"269\",\"268\"],\"bulk_action\":1,\"bulk_action_table\":\"Botble\\\\Ecommerce\\\\Tables\\\\ProductTable\",\"bulk_action_target\":\"Botble\\\\Table\\\\BulkActions\\\\DeleteBulkAction\"}','deleted','Mozilla/5.0 (Windows NT 10.0; Win64; x64) AppleWebKit/537.36 (KHTML, like Gecko) Chrome/136.0.0.0 Safari/537.36 Edg/136.0.0.0','127.0.0.1',1,285,'Canapé','danger','2025-05-21 14:17:14','2025-05-21 14:17:14'),(81,1,'product','{\"name\":\"Canap\\u00e9\",\"model\":\"Botble\\\\Ecommerce\\\\Models\\\\Product\",\"slug\":\"canape\",\"slug_id\":\"0\",\"is_slug_editable\":\"1\",\"description\":\"<p><span style=\\\"background-color:rgb(255,255,255);color:rgb(72,72,72);font-size:16px;\\\"><span style=\\\"-webkit-text-stroke-width:0px;display:inline !important;float:none;font-family:&quot;Noto IKEA&quot;, &quot;Noto Sans&quot;, Roboto, &quot;Open Sans&quot;, system-ui, sans-serif;font-style:normal;font-variant-caps:normal;font-variant-ligatures:normal;font-weight:400;letter-spacing:normal;orphans:2;text-align:start;text-decoration-color:initial;text-decoration-style:initial;text-decoration-thickness:initial;text-indent:0px;text-transform:none;white-space:normal;widows:2;word-spacing:0px;\\\">Canap\\u00e9 d\'angle modulable, 2 places, Vissle beige\\/m\\u00e9tal<\\/span><\\/span><\\/p>\",\"content\":null,\"images\":[null,\"lillehem-canape-dangle-modulable-2-places-vissle-beige-metal-1247089-pe922502-s5.avif\",\"lillehem-canape-dangle-modulable-2-places-vissle-beige-metal-1367776-ph184944-s5.avif\",\"lillehem-canape-dangle-modulable-2-places-vissle-beige-metal-1247179-pe922572-s5.avif\"],\"product_type\":\"physical\",\"specification_table_id\":null,\"sale_type\":\"0\",\"sku\":\"NN-2443-V3RUQ\",\"price\":\"799\",\"sale_price\":\"789\",\"start_date\":null,\"end_date\":null,\"cost_per_item\":\"0\",\"product_id\":null,\"barcode\":null,\"with_storehouse_management\":\"0\",\"quantity\":\"0\",\"allow_checkout_when_out_of_stock\":\"0\",\"stock_status\":\"in_stock\",\"weight\":\"0\",\"length\":\"150\",\"wide\":\"0\",\"height\":\"60\",\"is_added_attributes\":\"0\",\"has_product_options\":\"1\",\"related_products\":null,\"faq_schema_config\":\"[]\",\"seo_meta\":{\"seo_title\":null,\"seo_description\":null,\"index\":\"index\"},\"seo_meta_image\":null,\"status\":\"published\",\"is_featured\":\"0\",\"categories\":[\"23\"],\"brand_id\":null,\"image\":null,\"minimum_order_quantity\":\"0\",\"maximum_order_quantity\":\"0\",\"tag\":null}','created','Mozilla/5.0 (Windows NT 10.0; Win64; x64) AppleWebKit/537.36 (KHTML, like Gecko) Chrome/136.0.0.0 Safari/537.36 Edg/136.0.0.0','127.0.0.1',1,294,'Canapé','info','2025-05-21 14:18:50','2025-05-21 14:18:50'),(82,1,'product','{\"name\":\"Rideaux assombrissants\",\"model\":\"Botble\\\\Ecommerce\\\\Models\\\\Product\",\"slug\":\"rideaux-assombrissants\",\"slug_id\":\"0\",\"is_slug_editable\":\"1\",\"description\":\"<p><span style=\\\"background-color:rgb(255,255,255);color:rgb(72,72,72);font-size:16px;\\\"><span style=\\\"-webkit-text-stroke-width:0px;display:inline !important;float:none;font-family:&quot;Noto IKEA&quot;, &quot;Noto Sans&quot;, Roboto, &quot;Open Sans&quot;, system-ui, sans-serif;font-style:normal;font-variant-caps:normal;font-variant-ligatures:normal;font-weight:400;letter-spacing:normal;orphans:2;text-align:start;text-decoration-color:initial;text-decoration-style:initial;text-decoration-thickness:initial;text-indent:0px;text-transform:none;white-space:normal;widows:2;word-spacing:0px;\\\">Rideaux assombrissants, 2 pi\\u00e8ces, jaune-beige\\/ruflette<\\/span><\\/span><\\/p>\",\"content\":null,\"images\":[null,\"rosenmandel-rideaux-assombrissants-2-pieces-jaune-beige-ruflette-1149270-pe887138-s5.webp\"],\"product_type\":\"physical\",\"specification_table_id\":null,\"sale_type\":\"0\",\"sku\":\"NN-2443-EJGTA\",\"price\":\"459\",\"sale_price\":\"400\",\"start_date\":null,\"end_date\":null,\"cost_per_item\":\"0\",\"product_id\":null,\"barcode\":null,\"with_storehouse_management\":\"0\",\"quantity\":\"0\",\"allow_checkout_when_out_of_stock\":\"0\",\"stock_status\":\"in_stock\",\"weight\":\"0\",\"length\":\"350\",\"wide\":\"0\",\"height\":\"300\",\"is_added_attributes\":\"0\",\"has_product_options\":\"1\",\"related_products\":null,\"faq_schema_config\":\"[]\",\"seo_meta\":{\"seo_title\":null,\"seo_description\":null,\"index\":\"index\"},\"seo_meta_image\":null,\"status\":\"published\",\"is_featured\":\"0\",\"categories\":[\"29\"],\"brand_id\":null,\"image\":null,\"minimum_order_quantity\":\"0\",\"maximum_order_quantity\":\"0\",\"tag\":null,\"submitter\":\"apply\"}','created','Mozilla/5.0 (Windows NT 10.0; Win64; x64) AppleWebKit/537.36 (KHTML, like Gecko) Chrome/136.0.0.0 Safari/537.36 Edg/136.0.0.0','127.0.0.1',1,295,'Rideaux assombrissants','info','2025-05-21 14:27:07','2025-05-21 14:27:07'),(83,1,'to the system',NULL,'logged in','Mozilla/5.0 (Windows NT 10.0; Win64; x64) AppleWebKit/537.36 (KHTML, like Gecko) Chrome/136.0.0.0 Safari/537.36 Edg/136.0.0.0','127.0.0.1',0,1,'Juliana Jerde','info','2025-05-22 15:29:04','2025-05-22 15:29:04'),(84,1,'to the system',NULL,'logged in','Mozilla/5.0 (Windows NT 10.0; Win64; x64) AppleWebKit/537.36 (KHTML, like Gecko) Chrome/136.0.0.0 Safari/537.36 Edg/136.0.0.0','127.0.0.1',0,1,'Juliana Jerde','info','2025-05-27 11:27:09','2025-05-27 11:27:09'),(85,1,'productcategory','{\"_method\":\"delete\"}','deleted','Mozilla/5.0 (Windows NT 10.0; Win64; x64) AppleWebKit/537.36 (KHTML, like Gecko) Chrome/136.0.0.0 Safari/537.36 Edg/136.0.0.0','127.0.0.1',1,2,'Casual Shoes','danger','2025-05-27 11:31:19','2025-05-27 11:31:19'),(86,1,'productcategory','{\"_method\":\"delete\"}','deleted','Mozilla/5.0 (Windows NT 10.0; Win64; x64) AppleWebKit/537.36 (KHTML, like Gecko) Chrome/136.0.0.0 Safari/537.36 Edg/136.0.0.0','127.0.0.1',1,15,'Finest Skincare Lotions','danger','2025-05-27 11:31:30','2025-05-27 11:31:30'),(87,1,'productcategory','{\"_method\":\"delete\"}','deleted','Mozilla/5.0 (Windows NT 10.0; Win64; x64) AppleWebKit/537.36 (KHTML, like Gecko) Chrome/136.0.0.0 Safari/537.36 Edg/136.0.0.0','127.0.0.1',1,17,'Sunglasses','danger','2025-05-27 11:31:51','2025-05-27 11:31:51'),(88,1,'productcategory','{\"_method\":\"delete\"}','deleted','Mozilla/5.0 (Windows NT 10.0; Win64; x64) AppleWebKit/537.36 (KHTML, like Gecko) Chrome/136.0.0.0 Safari/537.36 Edg/136.0.0.0','127.0.0.1',1,16,'Bags & Purses','danger','2025-05-27 11:31:56','2025-05-27 11:31:56'),(89,1,'productcategory','{\"_method\":\"delete\"}','deleted','Mozilla/5.0 (Windows NT 10.0; Win64; x64) AppleWebKit/537.36 (KHTML, like Gecko) Chrome/136.0.0.0 Safari/537.36 Edg/136.0.0.0','127.0.0.1',1,12,'Handy Cream','danger','2025-05-27 11:32:03','2025-05-27 11:32:03'),(90,1,'productcategory','{\"_method\":\"delete\"}','deleted','Mozilla/5.0 (Windows NT 10.0; Win64; x64) AppleWebKit/537.36 (KHTML, like Gecko) Chrome/136.0.0.0 Safari/537.36 Edg/136.0.0.0','127.0.0.1',1,1,'Pro Glasses','danger','2025-05-27 11:32:52','2025-05-27 11:32:52'),(91,1,'productcategory','{\"_method\":\"delete\"}','deleted','Mozilla/5.0 (Windows NT 10.0; Win64; x64) AppleWebKit/537.36 (KHTML, like Gecko) Chrome/136.0.0.0 Safari/537.36 Edg/136.0.0.0','127.0.0.1',1,11,'Plastic Gifts','danger','2025-05-27 11:33:02','2025-05-27 11:33:02'),(92,1,'product','{\"name\":\"Horloge murale\",\"model\":\"Botble\\\\Ecommerce\\\\Models\\\\Product\",\"slug\":\"horloge-murale\",\"slug_id\":\"0\",\"is_slug_editable\":\"1\",\"description\":\"<p><span style=\\\"background-color:rgb(255,255,255);color:rgb(72,72,72);\\\"><span class=\\\"pip-header-section__description-text\\\" style=\\\"-webkit-text-stroke-width:0px;box-sizing:inherit;font-family:&quot;Noto IKEA&quot;, &quot;Noto Sans&quot;, Roboto, &quot;Open Sans&quot;, system-ui, sans-serif;font-size:1rem;font-style:normal;font-variant-caps:normal;font-variant-ligatures:normal;font-weight:400;letter-spacing:normal;orphans:2;outline:none;text-align:start;text-decoration-color:initial;text-decoration-style:initial;text-decoration-thickness:initial;text-indent:0px;text-transform:none;white-space:normal;widows:2;word-spacing:0px;\\\">Horloge murale, noir<\\/span><\\/span><\\/p>\",\"content\":null,\"images\":[null],\"product_type\":\"physical\",\"specification_table_id\":null,\"sale_type\":\"0\",\"sku\":\"NN-2443-JK6CO\",\"price\":\"350\",\"sale_price\":\"329\",\"start_date\":null,\"end_date\":null,\"cost_per_item\":\"0\",\"product_id\":null,\"barcode\":null,\"with_storehouse_management\":\"0\",\"quantity\":\"0\",\"allow_checkout_when_out_of_stock\":\"0\",\"stock_status\":\"in_stock\",\"weight\":\"0\",\"length\":\"35\",\"wide\":\"0\",\"height\":\"30\",\"is_added_attributes\":\"0\",\"has_product_options\":\"1\",\"related_products\":null,\"faq_schema_config\":\"[]\",\"seo_meta\":{\"seo_title\":null,\"seo_description\":null,\"index\":\"index\"},\"seo_meta_image\":null,\"status\":\"published\",\"is_featured\":\"0\",\"categories\":[\"21\"],\"brand_id\":null,\"image\":null,\"minimum_order_quantity\":\"0\",\"maximum_order_quantity\":\"0\",\"tag\":null,\"submitter\":\"apply\"}','created','Mozilla/5.0 (Windows NT 10.0; Win64; x64) AppleWebKit/537.36 (KHTML, like Gecko) Chrome/136.0.0.0 Safari/537.36 Edg/136.0.0.0','127.0.0.1',1,296,'Horloge murale','info','2025-05-27 11:42:25','2025-05-27 11:42:25'),(93,1,'product','{\"name\":\"Horloge murale\",\"model\":\"Botble\\\\Ecommerce\\\\Models\\\\Product\",\"slug\":\"horloge-murale\",\"slug_id\":\"381\",\"is_slug_editable\":\"1\",\"description\":\"<p><span style=\\\"background-color:rgb(255,255,255);color:rgb(72,72,72);\\\"><span class=\\\"pip-header-section__description-text\\\" style=\\\"font-family:\'Noto IKEA\', \'Noto Sans\', Roboto, \'Open Sans\', \'system-ui\', sans-serif;font-size:1rem;font-style:normal;font-weight:400;word-spacing:0px;\\\">Horloge murale, noir<\\/span>&nbsp;<\\/span><\\/p>\",\"content\":null,\"images\":[null,\"stursk-horloge-murale-noir-0661138-pe711345-s5.avif\",\"stursk-horloge-murale-noir-1019406-ph168502-s5.avif\",\"stursk-horloge-murale-noir-0661136-pe711343-s5.avif\"],\"product_type\":\"physical\",\"specification_table_id\":null,\"sale_type\":\"0\",\"sku\":\"NN-2443-JK6CO\",\"price\":\"350\",\"sale_price\":\"329\",\"start_date\":null,\"end_date\":null,\"cost_per_item\":\"0\",\"product_id\":\"296\",\"barcode\":null,\"with_storehouse_management\":\"0\",\"quantity\":\"0\",\"allow_checkout_when_out_of_stock\":\"0\",\"stock_status\":\"in_stock\",\"weight\":\"0\",\"length\":\"35\",\"wide\":\"0\",\"height\":\"30\",\"is_added_attributes\":\"0\",\"has_product_options\":\"1\",\"related_products\":null,\"faq_schema_config\":[[{\"key\":\"question\",\"value\":null},{\"key\":\"answer\",\"value\":null}]],\"seo_meta\":{\"seo_title\":null,\"seo_description\":null,\"index\":\"index\"},\"seo_meta_image\":null,\"status\":\"published\",\"is_featured\":\"0\",\"categories\":[\"21\"],\"brand_id\":null,\"image\":null,\"minimum_order_quantity\":\"0\",\"maximum_order_quantity\":\"0\",\"tag\":null}','updated','Mozilla/5.0 (Windows NT 10.0; Win64; x64) AppleWebKit/537.36 (KHTML, like Gecko) Chrome/136.0.0.0 Safari/537.36 Edg/136.0.0.0','127.0.0.1',1,296,'Horloge murale','primary','2025-05-27 11:47:49','2025-05-27 11:47:49'),(94,1,'product','{\"name\":\"Horloge murale\",\"model\":\"Botble\\\\Ecommerce\\\\Models\\\\Product\",\"slug\":\"horloge-murale\",\"slug_id\":\"381\",\"is_slug_editable\":\"1\",\"description\":\"<p><span style=\\\"background-color:rgb(255,255,255);color:rgb(72,72,72);\\\"><span class=\\\"pip-header-section__description-text\\\" style=\\\"font-family:\'Noto IKEA\', \'Noto Sans\', Roboto, \'Open Sans\', \'system-ui\', sans-serif;font-size:1rem;font-style:normal;font-weight:400;word-spacing:0px;\\\">Horloge murale, noir<\\/span> &nbsp;<\\/span><\\/p>\",\"content\":null,\"images\":[null,\"stursk-horloge-murale-noir-1019406-ph168502-s5.avif\",\"stursk-horloge-murale-noir-0661136-pe711343-s5.avif\",\"stursk-horloge-murale-noir-0661138-pe711345-s5.avif\"],\"product_type\":\"physical\",\"specification_table_id\":null,\"sale_type\":\"0\",\"sku\":\"NN-2443-JK6CO\",\"price\":\"350\",\"sale_price\":\"329\",\"start_date\":null,\"end_date\":null,\"cost_per_item\":\"0\",\"product_id\":\"296\",\"barcode\":null,\"with_storehouse_management\":\"0\",\"quantity\":\"0\",\"allow_checkout_when_out_of_stock\":\"0\",\"stock_status\":\"in_stock\",\"weight\":\"0\",\"length\":\"35\",\"wide\":\"0\",\"height\":\"30\",\"is_added_attributes\":\"0\",\"has_product_options\":\"1\",\"related_products\":null,\"faq_schema_config\":[[{\"key\":\"question\",\"value\":null},{\"key\":\"answer\",\"value\":null}]],\"seo_meta\":{\"seo_title\":null,\"seo_description\":null,\"index\":\"index\"},\"seo_meta_image\":null,\"status\":\"published\",\"is_featured\":\"0\",\"categories\":[\"21\"],\"brand_id\":null,\"image\":\"stursk-horloge-murale-noir-0661138-pe711345-s5.avif\",\"minimum_order_quantity\":\"0\",\"maximum_order_quantity\":\"0\",\"tag\":null,\"submitter\":\"apply\"}','updated','Mozilla/5.0 (Windows NT 10.0; Win64; x64) AppleWebKit/537.36 (KHTML, like Gecko) Chrome/136.0.0.0 Safari/537.36 Edg/136.0.0.0','127.0.0.1',1,296,'Horloge murale','primary','2025-05-27 11:49:08','2025-05-27 11:49:08'),(95,1,'product','{\"name\":\"Table SUNDS\\u00d6\",\"model\":\"Botble\\\\Ecommerce\\\\Models\\\\Product\",\"slug\":\"table\",\"slug_id\":\"0\",\"is_slug_editable\":\"1\",\"description\":\"<p><span style=\\\"background-color:rgb(255,255,255);color:rgb(72,72,72);font-size:16px;\\\"><span style=\\\"-webkit-text-stroke-width:0px;display:inline !important;float:none;font-family:;\\\" noto=\\\"\\\">Table+ 2 chaises pliantes, ext\\u00e9rieur orange vif\\/orange vif<\\/span>&nbsp;<\\/span><\\/p>\",\"content\":null,\"images\":[null],\"product_type\":\"physical\",\"specification_table_id\":null,\"sale_type\":\"0\",\"sku\":\"NN-2443-FEHLW\",\"price\":\"2055\",\"sale_price\":\"2022\",\"start_date\":null,\"end_date\":null,\"cost_per_item\":\"0\",\"product_id\":null,\"barcode\":null,\"with_storehouse_management\":\"0\",\"quantity\":\"0\",\"allow_checkout_when_out_of_stock\":\"0\",\"stock_status\":\"on_backorder\",\"weight\":\"0\",\"length\":\"65\",\"wide\":\"0\",\"height\":\"65\",\"is_added_attributes\":\"0\",\"has_product_options\":\"1\",\"related_products\":null,\"faq_schema_config\":\"[]\",\"seo_meta\":{\"seo_title\":null,\"seo_description\":null,\"index\":\"index\"},\"seo_meta_image\":null,\"status\":\"published\",\"is_featured\":\"0\",\"categories\":[\"24\"],\"brand_id\":null,\"image\":null,\"minimum_order_quantity\":\"0\",\"maximum_order_quantity\":\"0\",\"tag\":null,\"submitter\":\"apply\"}','created','Mozilla/5.0 (Windows NT 10.0; Win64; x64) AppleWebKit/537.36 (KHTML, like Gecko) Chrome/136.0.0.0 Safari/537.36 Edg/136.0.0.0','127.0.0.1',1,297,'Table SUNDSÖ','info','2025-05-27 11:55:19','2025-05-27 11:55:19'),(96,1,'product','{\"name\":\"Table SUNDS\\u00d6\",\"model\":\"Botble\\\\Ecommerce\\\\Models\\\\Product\",\"slug\":\"table\",\"slug_id\":\"382\",\"is_slug_editable\":\"1\",\"description\":\"<p><span style=\\\"background-color:rgb(255,255,255);color:rgb(72,72,72);font-size:16px;\\\"><span>Table+ 2 chaises pliantes, ext\\u00e9rieur orange vif\\/orange vif<\\/span> &nbsp;<\\/span><\\/p>\",\"content\":null,\"images\":[null,\"sundsoe-table-2-chaises-pliantes-exterieur-orange-vif-orange-vif-1386975-pe964071-s5.avif\",\"sundsoe-table-2-chaises-pliantes-exterieur-orange-vif-orange-vif-1386976-pe964073-s5.avif\",\"sundsoe-table-2-chaises-pliantes-exterieur-orange-vif-orange-vif-1386972-pe964068-s5.avif\"],\"product_type\":\"physical\",\"specification_table_id\":null,\"sale_type\":\"0\",\"sku\":\"NN-2443-FEHLW\",\"price\":\"2055\",\"sale_price\":\"2022\",\"start_date\":null,\"end_date\":null,\"cost_per_item\":\"0\",\"product_id\":\"297\",\"barcode\":null,\"with_storehouse_management\":\"0\",\"quantity\":\"0\",\"allow_checkout_when_out_of_stock\":\"0\",\"stock_status\":\"on_backorder\",\"weight\":\"0\",\"length\":\"65\",\"wide\":\"0\",\"height\":\"65\",\"is_added_attributes\":\"0\",\"has_product_options\":\"1\",\"related_products\":null,\"faq_schema_config\":[[{\"key\":\"question\",\"value\":null},{\"key\":\"answer\",\"value\":null}]],\"seo_meta\":{\"seo_title\":null,\"seo_description\":null,\"index\":\"index\"},\"seo_meta_image\":null,\"status\":\"published\",\"is_featured\":\"0\",\"categories\":[\"24\"],\"brand_id\":null,\"image\":null,\"minimum_order_quantity\":\"0\",\"maximum_order_quantity\":\"0\",\"tag\":null,\"submitter\":\"apply\"}','updated','Mozilla/5.0 (Windows NT 10.0; Win64; x64) AppleWebKit/537.36 (KHTML, like Gecko) Chrome/136.0.0.0 Safari/537.36 Edg/136.0.0.0','127.0.0.1',1,297,'Table SUNDSÖ','primary','2025-05-27 11:56:27','2025-05-27 11:56:27'),(97,1,'product','{\"name\":\"Plante artificielle, FEJKA\",\"model\":\"Botble\\\\Ecommerce\\\\Models\\\\Product\",\"slug\":\"plante-artificielle\",\"slug_id\":\"0\",\"is_slug_editable\":\"1\",\"description\":\"<p><span style=\\\"background-color:rgb(255,255,255);color:rgb(72,72,72);font-size:16px;\\\"><span style=\\\"-webkit-text-stroke-width:0px;display:inline !important;float:none;font-family:&quot;Noto IKEA&quot;, &quot;Noto Sans&quot;, Roboto, &quot;Open Sans&quot;, system-ui, sans-serif;font-style:normal;font-variant-caps:normal;font-variant-ligatures:normal;font-weight:400;letter-spacing:normal;orphans:2;text-align:start;text-decoration-color:initial;text-decoration-style:initial;text-decoration-thickness:initial;text-indent:0px;text-transform:none;white-space:normal;widows:2;word-spacing:0px;\\\">Plante artificielle, int\\u00e9rieur\\/ext\\u00e9rieur<\\/span><\\/span><\\/p>\",\"content\":null,\"images\":[null,\"fejka-plante-artificielle-interieur-exterieur-1034066-pe840177-s5.avif\",\"fejka-plante-artificielle-interieur-exterieur-1359727-pe954242-s5.avif\",\"fejka-plante-artificielle-interieur-exterieur-1342027-pe948980-s5.avif\"],\"product_type\":\"physical\",\"specification_table_id\":null,\"sale_type\":\"0\",\"sku\":\"NN-2443-LMNHG\",\"price\":\"233\",\"sale_price\":null,\"start_date\":null,\"end_date\":null,\"cost_per_item\":\"0\",\"product_id\":null,\"barcode\":null,\"with_storehouse_management\":\"0\",\"quantity\":\"0\",\"allow_checkout_when_out_of_stock\":\"0\",\"stock_status\":\"in_stock\",\"weight\":\"0\",\"length\":\"80\",\"wide\":\"0\",\"height\":\"40\",\"is_added_attributes\":\"0\",\"has_product_options\":\"1\",\"related_products\":null,\"faq_schema_config\":\"[]\",\"seo_meta\":{\"seo_title\":null,\"seo_description\":null,\"index\":\"index\"},\"seo_meta_image\":null,\"status\":\"published\",\"is_featured\":\"0\",\"categories\":[\"27\"],\"brand_id\":null,\"image\":null,\"minimum_order_quantity\":\"0\",\"maximum_order_quantity\":\"0\",\"tag\":null,\"submitter\":\"apply\"}','created','Mozilla/5.0 (Windows NT 10.0; Win64; x64) AppleWebKit/537.36 (KHTML, like Gecko) Chrome/136.0.0.0 Safari/537.36 Edg/136.0.0.0','127.0.0.1',1,298,'Plante artificielle, FEJKA','info','2025-05-27 12:00:34','2025-05-27 12:00:34'),(98,1,'product','{\"name\":\"Housse de coussin GULDFLY\",\"model\":\"Botble\\\\Ecommerce\\\\Models\\\\Product\",\"slug\":\"housse-de-coussin\",\"slug_id\":\"0\",\"is_slug_editable\":\"1\",\"description\":\"<p><span style=\\\"background-color:rgb(255,255,255);color:rgb(72,72,72);font-size:16px;\\\"><span style=\\\"-webkit-text-stroke-width:0px;display:inline !important;float:none;font-family:&quot;Noto IKEA&quot;, &quot;Noto Sans&quot;, Roboto, &quot;Open Sans&quot;, system-ui, sans-serif;font-style:normal;font-variant-caps:normal;font-variant-ligatures:normal;font-weight:400;letter-spacing:normal;orphans:2;text-align:start;text-decoration-color:initial;text-decoration-style:initial;text-decoration-thickness:initial;text-indent:0px;text-transform:none;white-space:normal;widows:2;word-spacing:0px;\\\">Housse de coussin, orange-rouge\\/orange<\\/span><\\/span><\\/p>\",\"content\":null,\"images\":[null,\"guldfly-housse-de-coussin-orange-rouge-orange-1157000-pe887431-s5.avif\",\"guldfly-housse-de-coussin-orange-rouge-orange-1157002-pe887433-s5.webp\",\"guldfly-housse-de-coussin-orange-rouge-orange-1174365-pe894431-s5.avif\"],\"product_type\":\"physical\",\"specification_table_id\":null,\"sale_type\":\"0\",\"sku\":\"NN-2443-HHRUO\",\"price\":\"289\",\"sale_price\":\"200\",\"start_date\":null,\"end_date\":null,\"cost_per_item\":\"0\",\"product_id\":null,\"barcode\":null,\"with_storehouse_management\":\"0\",\"quantity\":\"0\",\"allow_checkout_when_out_of_stock\":\"0\",\"stock_status\":\"in_stock\",\"weight\":\"0\",\"length\":\"50\",\"wide\":\"0\",\"height\":\"50\",\"is_added_attributes\":\"0\",\"has_product_options\":\"1\",\"related_products\":null,\"faq_schema_config\":\"[]\",\"seo_meta\":{\"seo_title\":null,\"seo_description\":null,\"index\":\"index\"},\"seo_meta_image\":null,\"status\":\"published\",\"is_featured\":\"0\",\"categories\":[\"30\"],\"brand_id\":null,\"image\":null,\"minimum_order_quantity\":\"0\",\"maximum_order_quantity\":\"0\",\"tag\":null}','created','Mozilla/5.0 (Windows NT 10.0; Win64; x64) AppleWebKit/537.36 (KHTML, like Gecko) Chrome/136.0.0.0 Safari/537.36 Edg/136.0.0.0','127.0.0.1',1,299,'Housse de coussin GULDFLY','info','2025-05-27 13:05:09','2025-05-27 13:05:09'),(99,1,'product','{\"name\":\"Plante artificielle, FEJKA\",\"model\":\"Botble\\\\Ecommerce\\\\Models\\\\Product\",\"slug\":\"plante-artificielle\",\"slug_id\":\"383\",\"is_slug_editable\":\"1\",\"description\":\"<p><span style=\\\"background-color:rgb(255,255,255);color:rgb(72,72,72);font-size:16px;\\\"><span style=\\\"font-family:\'Noto IKEA\', \'Noto Sans\', Roboto, \'Open Sans\', \'system-ui\', sans-serif;font-style:normal;font-weight:400;word-spacing:0px;\\\">Plante artificielle, int\\u00e9rieur\\/ext\\u00e9rieur<\\/span>&nbsp;<\\/span><\\/p>\",\"content\":null,\"images\":[null,\"fejka-plante-artificielle-interieur-exterieur-1034066-pe840177-s5.avif\",\"fejka-plante-artificielle-interieur-exterieur-1359727-pe954242-s5.avif\",\"fejka-plante-artificielle-interieur-exterieur-1342027-pe948980-s5.avif\"],\"product_type\":\"physical\",\"specification_table_id\":null,\"sale_type\":\"0\",\"sku\":\"NN-2443-LMNHG\",\"price\":\"233\",\"sale_price\":null,\"start_date\":null,\"end_date\":null,\"cost_per_item\":\"0\",\"product_id\":\"298\",\"barcode\":null,\"with_storehouse_management\":\"0\",\"quantity\":\"0\",\"allow_checkout_when_out_of_stock\":\"0\",\"stock_status\":\"in_stock\",\"weight\":\"0\",\"length\":\"80\",\"wide\":\"0\",\"height\":\"40\",\"is_added_attributes\":\"0\",\"has_product_options\":\"1\",\"related_products\":null,\"faq_schema_config\":[[{\"key\":\"question\",\"value\":null},{\"key\":\"answer\",\"value\":null}]],\"seo_meta\":{\"seo_title\":null,\"seo_description\":null,\"index\":\"index\"},\"seo_meta_image\":null,\"status\":\"published\",\"is_featured\":\"0\",\"categories\":[\"27\"],\"brand_id\":null,\"image\":\"fejka-plante-artificielle-interieur-exterieur-1034066-pe840177-s5.avif\",\"product_labels\":[\"2\"],\"minimum_order_quantity\":\"0\",\"maximum_order_quantity\":\"0\",\"tag\":null,\"submitter\":\"apply\"}','updated','Mozilla/5.0 (Windows NT 10.0; Win64; x64) AppleWebKit/537.36 (KHTML, like Gecko) Chrome/136.0.0.0 Safari/537.36 Edg/136.0.0.0','127.0.0.1',1,298,'Plante artificielle, FEJKA','primary','2025-05-27 13:33:38','2025-05-27 13:33:38'),(100,1,'review','{\"product_id\":\"297\",\"customer_id\":\"8\",\"customer_name\":null,\"customer_email\":null,\"star\":\"5\",\"comment\":\"Great table !\",\"images\":[null],\"created_at\":\"2025-05-27 14:36:6\",\"submitter\":\"apply\"}','created','Mozilla/5.0 (Windows NT 10.0; Win64; x64) AppleWebKit/537.36 (KHTML, like Gecko) Chrome/136.0.0.0 Safari/537.36 Edg/136.0.0.0','127.0.0.1',1,1001,'ID: 1001','info','2025-05-27 13:37:02','2025-05-27 13:37:02'),(101,1,'review','{\"product_id\":\"299\",\"customer_id\":\"10\",\"customer_name\":null,\"customer_email\":null,\"star\":\"3\",\"comment\":\"useful !\",\"images\":[null],\"created_at\":\"2025-05-27 14:37:57\",\"submitter\":\"apply\"}','created','Mozilla/5.0 (Windows NT 10.0; Win64; x64) AppleWebKit/537.36 (KHTML, like Gecko) Chrome/136.0.0.0 Safari/537.36 Edg/136.0.0.0','127.0.0.1',1,1002,'ID: 1002','info','2025-05-27 13:38:52','2025-05-27 13:38:52'),(102,1,'review','{\"product_id\":\"267\",\"customer_id\":\"3\",\"customer_name\":null,\"customer_email\":null,\"star\":\"5\",\"comment\":\"Qualit\\u00e9 top !\",\"images\":[null],\"created_at\":\"2025-05-27 14:39:58\",\"submitter\":\"apply\"}','created','Mozilla/5.0 (Windows NT 10.0; Win64; x64) AppleWebKit/537.36 (KHTML, like Gecko) Chrome/136.0.0.0 Safari/537.36 Edg/136.0.0.0','127.0.0.1',1,1003,'ID: 1003','info','2025-05-27 13:41:42','2025-05-27 13:41:42'),(103,1,'to the system',NULL,'logged in','Mozilla/5.0 (Windows NT 10.0; Win64; x64) AppleWebKit/537.36 (KHTML, like Gecko) Chrome/136.0.0.0 Safari/537.36 Edg/136.0.0.0','127.0.0.1',0,1,'Juliana Jerde','info','2025-05-27 14:32:37','2025-05-27 14:32:37'),(104,1,'to the system',NULL,'logged in','Mozilla/5.0 (Windows NT 10.0; Win64; x64) AppleWebKit/537.36 (KHTML, like Gecko) Chrome/136.0.0.0 Safari/537.36 Edg/136.0.0.0','127.0.0.1',0,1,'Juliana Jerde','info','2025-05-27 14:32:41','2025-05-27 14:32:41'),(105,1,'product','{\"name\":\"FEJKA\",\"model\":\"Botble\\\\Ecommerce\\\\Models\\\\Product\",\"slug\":\"fejka\",\"slug_id\":\"0\",\"is_slug_editable\":\"1\",\"description\":\"<p><span style=\\\"background-color:rgb(255,255,255);color:rgb(72,72,72);font-size:16px;\\\"><span style=\\\"-webkit-text-stroke-width:0px;display:inline !important;float:none;font-family:&quot;Noto IKEA&quot;, &quot;Noto Sans&quot;, Roboto, &quot;Open Sans&quot;, system-ui, sans-serif;font-style:normal;font-variant-caps:normal;font-variant-ligatures:normal;font-weight:400;letter-spacing:normal;orphans:2;text-align:start;text-decoration-color:initial;text-decoration-style:initial;text-decoration-thickness:initial;text-indent:0px;text-transform:none;white-space:normal;widows:2;word-spacing:0px;\\\">Plante artificielle, int\\u00e9rieur\\/ext\\u00e9rieur monstera<\\/span><\\/span><\\/p>\",\"content\":null,\"images\":[null,\"fejka-plante-artificielle-interieur-exterieur-monstera-0901232-pe689306-s5.avif\",\"fejka-plante-artificielle-interieur-exterieur-monstera-0901230-pe687835-s5.avif\"],\"product_type\":\"physical\",\"specification_table_id\":null,\"sale_type\":\"0\",\"sku\":\"NN-2443-NT0NC\",\"price\":\"199\",\"sale_price\":\"150\",\"start_date\":null,\"end_date\":null,\"cost_per_item\":\"0\",\"product_id\":null,\"barcode\":null,\"with_storehouse_management\":\"0\",\"quantity\":\"0\",\"allow_checkout_when_out_of_stock\":\"0\",\"stock_status\":\"in_stock\",\"weight\":\"0\",\"length\":\"19\",\"wide\":\"0\",\"height\":\"0\",\"is_added_attributes\":\"0\",\"has_product_options\":\"1\",\"related_products\":null,\"faq_schema_config\":\"[]\",\"seo_meta\":{\"seo_title\":null,\"seo_description\":null,\"index\":\"index\"},\"seo_meta_image\":null,\"status\":\"published\",\"is_featured\":\"0\",\"categories\":[\"27\"],\"brand_id\":null,\"image\":null,\"product_collections\":[\"1\"],\"product_labels\":[\"3\"],\"taxes\":[\"1\"],\"minimum_order_quantity\":\"0\",\"maximum_order_quantity\":\"0\",\"tag\":null}','created','Mozilla/5.0 (Windows NT 10.0; Win64; x64) AppleWebKit/537.36 (KHTML, like Gecko) Chrome/136.0.0.0 Safari/537.36 Edg/136.0.0.0','127.0.0.1',1,300,'FEJKA','info','2025-05-27 14:40:05','2025-05-27 14:40:05'),(106,1,'product','{\"name\":\"Plante artificielle\",\"model\":\"Botble\\\\Ecommerce\\\\Models\\\\Product\",\"slug\":\"plante-artificielle-1\",\"slug_id\":\"0\",\"is_slug_editable\":\"1\",\"description\":\"<p><span style=\\\"background-color:rgb(255,255,255);color:rgb(72,72,72);font-size:16px;\\\"><span style=\\\"-webkit-text-stroke-width:0px;display:inline !important;float:none;font-family:&quot;Noto IKEA&quot;, &quot;Noto Sans&quot;, Roboto, &quot;Open Sans&quot;, system-ui, sans-serif;font-style:normal;font-variant-caps:normal;font-variant-ligatures:normal;font-weight:400;letter-spacing:normal;orphans:2;text-align:start;text-decoration-color:initial;text-decoration-style:initial;text-decoration-thickness:initial;text-indent:0px;text-transform:none;white-space:normal;widows:2;word-spacing:0px;\\\">Plante artificielle, int\\u00e9rieur\\/ext\\u00e9rieur\\/Cha\\u00eene de bananes \\u00e0 accrocher<\\/span><\\/span><\\/p>\",\"content\":null,\"images\":[null,\"fejka-plante-artificielle-interieur-exterieur-chaine-de-bananes-a-accrocher-1034087-pe840198-s5.avif\",\"fejka-plante-artificielle-interieur-exterieur-chaine-de-bananes-a-accrocher-1034088-pe840199-s5.avif\"],\"product_type\":\"physical\",\"specification_table_id\":null,\"sale_type\":\"0\",\"sku\":\"NN-2443-EM1IK\",\"price\":\"120\",\"sale_price\":\"99\",\"start_date\":null,\"end_date\":null,\"cost_per_item\":\"0\",\"product_id\":null,\"barcode\":null,\"with_storehouse_management\":\"0\",\"quantity\":\"0\",\"allow_checkout_when_out_of_stock\":\"0\",\"stock_status\":\"in_stock\",\"weight\":\"0\",\"length\":\"15\",\"wide\":\"0\",\"height\":\"0\",\"is_added_attributes\":\"0\",\"has_product_options\":\"1\",\"related_products\":null,\"faq_schema_config\":\"[]\",\"seo_meta\":{\"seo_title\":null,\"seo_description\":null,\"index\":\"index\"},\"seo_meta_image\":null,\"status\":\"published\",\"is_featured\":\"0\",\"categories\":[\"27\"],\"brand_id\":null,\"image\":null,\"product_labels\":[\"3\"],\"taxes\":[\"3\"],\"minimum_order_quantity\":\"0\",\"maximum_order_quantity\":\"0\",\"tag\":null,\"submitter\":\"apply\"}','created','Mozilla/5.0 (Windows NT 10.0; Win64; x64) AppleWebKit/537.36 (KHTML, like Gecko) Chrome/136.0.0.0 Safari/537.36 Edg/136.0.0.0','127.0.0.1',1,301,'Plante artificielle','info','2025-05-27 14:42:14','2025-05-27 14:42:14'),(107,1,'product','{\"name\":\"Plante artificielle CACTUS\",\"model\":\"Botble\\\\Ecommerce\\\\Models\\\\Product\",\"slug\":\"plante-artificielle-2\",\"slug_id\":\"0\",\"is_slug_editable\":\"1\",\"description\":\"<p><span style=\\\"background-color:rgb(255,255,255);color:rgb(72,72,72);font-size:16px;\\\"><span style=\\\"-webkit-text-stroke-width:0px;display:inline !important;float:none;font-family:&quot;Noto IKEA&quot;, &quot;Noto Sans&quot;, Roboto, &quot;Open Sans&quot;, system-ui, sans-serif;font-style:normal;font-variant-caps:normal;font-variant-ligatures:normal;font-weight:400;letter-spacing:normal;orphans:2;text-align:start;text-decoration-color:initial;text-decoration-style:initial;text-decoration-thickness:initial;text-indent:0px;text-transform:none;white-space:normal;widows:2;word-spacing:0px;\\\">Plante artificielle, int\\u00e9rieur\\/ext\\u00e9rieur cactus<\\/span><\\/span><\\/p>\",\"content\":null,\"images\":[null,\"fejka-plante-artificielle-interieur-exterieur-cactus-1389368-pe965194-s5.avif\",\"fejka-plante-artificielle-interieur-exterieur-cactus-1368362-pe957730-s5.avif\",\"fejka-plante-artificielle-interieur-exterieur-cactus-1342000-pe948960-s5.avif\"],\"product_type\":\"physical\",\"specification_table_id\":null,\"sale_type\":\"0\",\"sku\":\"NN-2443-9U3EP\",\"price\":\"100\",\"sale_price\":\"66\",\"start_date\":null,\"end_date\":null,\"cost_per_item\":\"0\",\"product_id\":null,\"barcode\":null,\"with_storehouse_management\":\"0\",\"quantity\":\"0\",\"allow_checkout_when_out_of_stock\":\"0\",\"stock_status\":\"in_stock\",\"weight\":\"0\",\"length\":\"10\",\"wide\":\"0\",\"height\":\"20\",\"is_added_attributes\":\"0\",\"has_product_options\":\"1\",\"related_products\":null,\"faq_schema_config\":\"[]\",\"seo_meta\":{\"seo_title\":null,\"seo_description\":null,\"index\":\"index\"},\"seo_meta_image\":null,\"status\":\"published\",\"is_featured\":\"0\",\"categories\":[\"27\"],\"brand_id\":null,\"image\":null,\"product_collections\":[\"2\"],\"product_labels\":[\"2\"],\"minimum_order_quantity\":\"0\",\"maximum_order_quantity\":\"0\",\"tag\":null,\"submitter\":\"apply\"}','created','Mozilla/5.0 (Windows NT 10.0; Win64; x64) AppleWebKit/537.36 (KHTML, like Gecko) Chrome/136.0.0.0 Safari/537.36 Edg/136.0.0.0','127.0.0.1',1,302,'Plante artificielle CACTUS','info','2025-05-27 14:44:50','2025-05-27 14:44:50'),(108,1,'product','{\"_method\":\"delete\"}','deleted','Mozilla/5.0 (Windows NT 10.0; Win64; x64) AppleWebKit/537.36 (KHTML, like Gecko) Chrome/136.0.0.0 Safari/537.36 Edg/136.0.0.0','127.0.0.1',1,187,'Iceland Macaroni Cheese Traybake','danger','2025-05-27 14:45:41','2025-05-27 14:45:41'),(109,1,'product','{\"_method\":\"delete\"}','deleted','Mozilla/5.0 (Windows NT 10.0; Win64; x64) AppleWebKit/537.36 (KHTML, like Gecko) Chrome/136.0.0.0 Safari/537.36 Edg/136.0.0.0','127.0.0.1',1,188,'Iceland Macaroni Cheese Traybake','danger','2025-05-27 14:45:41','2025-05-27 14:45:41'),(110,1,'product','{\"_method\":\"delete\"}','deleted','Mozilla/5.0 (Windows NT 10.0; Win64; x64) AppleWebKit/537.36 (KHTML, like Gecko) Chrome/136.0.0.0 Safari/537.36 Edg/136.0.0.0','127.0.0.1',1,46,'Iceland Macaroni Cheese Traybake','danger','2025-05-27 14:45:41','2025-05-27 14:45:41'),(111,1,'product','{\"_method\":\"delete\"}','deleted','Mozilla/5.0 (Windows NT 10.0; Win64; x64) AppleWebKit/537.36 (KHTML, like Gecko) Chrome/136.0.0.0 Safari/537.36 Edg/136.0.0.0','127.0.0.1',1,196,'Miko The Panda Water Bottle','danger','2025-05-27 14:45:53','2025-05-27 14:45:53'),(112,1,'product','{\"_method\":\"delete\"}','deleted','Mozilla/5.0 (Windows NT 10.0; Win64; x64) AppleWebKit/537.36 (KHTML, like Gecko) Chrome/136.0.0.0 Safari/537.36 Edg/136.0.0.0','127.0.0.1',1,197,'Miko The Panda Water Bottle','danger','2025-05-27 14:45:53','2025-05-27 14:45:53'),(113,1,'product','{\"_method\":\"delete\"}','deleted','Mozilla/5.0 (Windows NT 10.0; Win64; x64) AppleWebKit/537.36 (KHTML, like Gecko) Chrome/136.0.0.0 Safari/537.36 Edg/136.0.0.0','127.0.0.1',1,198,'Miko The Panda Water Bottle','danger','2025-05-27 14:45:53','2025-05-27 14:45:53'),(114,1,'product','{\"_method\":\"delete\"}','deleted','Mozilla/5.0 (Windows NT 10.0; Win64; x64) AppleWebKit/537.36 (KHTML, like Gecko) Chrome/136.0.0.0 Safari/537.36 Edg/136.0.0.0','127.0.0.1',1,199,'Miko The Panda Water Bottle','danger','2025-05-27 14:45:53','2025-05-27 14:45:53'),(115,1,'product','{\"_method\":\"delete\"}','deleted','Mozilla/5.0 (Windows NT 10.0; Win64; x64) AppleWebKit/537.36 (KHTML, like Gecko) Chrome/136.0.0.0 Safari/537.36 Edg/136.0.0.0','127.0.0.1',1,50,'Miko The Panda Water Bottle','danger','2025-05-27 14:45:53','2025-05-27 14:45:53'),(116,1,'product','{\"_method\":\"delete\"}','deleted','Mozilla/5.0 (Windows NT 10.0; Win64; x64) AppleWebKit/537.36 (KHTML, like Gecko) Chrome/136.0.0.0 Safari/537.36 Edg/136.0.0.0','127.0.0.1',1,191,'Sitema BakeIT Plastic Box','danger','2025-05-27 14:46:01','2025-05-27 14:46:01'),(117,1,'product','{\"_method\":\"delete\"}','deleted','Mozilla/5.0 (Windows NT 10.0; Win64; x64) AppleWebKit/537.36 (KHTML, like Gecko) Chrome/136.0.0.0 Safari/537.36 Edg/136.0.0.0','127.0.0.1',1,192,'Sitema BakeIT Plastic Box','danger','2025-05-27 14:46:01','2025-05-27 14:46:01'),(118,1,'product','{\"_method\":\"delete\"}','deleted','Mozilla/5.0 (Windows NT 10.0; Win64; x64) AppleWebKit/537.36 (KHTML, like Gecko) Chrome/136.0.0.0 Safari/537.36 Edg/136.0.0.0','127.0.0.1',1,48,'Sitema BakeIT Plastic Box','danger','2025-05-27 14:46:01','2025-05-27 14:46:01'),(119,1,'product','{\"_method\":\"delete\"}','deleted','Mozilla/5.0 (Windows NT 10.0; Win64; x64) AppleWebKit/537.36 (KHTML, like Gecko) Chrome/136.0.0.0 Safari/537.36 Edg/136.0.0.0','127.0.0.1',1,171,'Soft Mochi & Galeto Ice Cream','danger','2025-05-27 14:46:09','2025-05-27 14:46:09'),(120,1,'product','{\"_method\":\"delete\"}','deleted','Mozilla/5.0 (Windows NT 10.0; Win64; x64) AppleWebKit/537.36 (KHTML, like Gecko) Chrome/136.0.0.0 Safari/537.36 Edg/136.0.0.0','127.0.0.1',1,37,'Soft Mochi & Galeto Ice Cream','danger','2025-05-27 14:46:09','2025-05-27 14:46:09'),(121,1,'product','{\"name\":\"Orchid\\u00e9e blanc\",\"model\":\"Botble\\\\Ecommerce\\\\Models\\\\Product\",\"slug\":\"orchidee-blanc\",\"slug_id\":\"0\",\"is_slug_editable\":\"1\",\"description\":\"<p><span style=\\\"background-color:rgb(255,255,255);color:rgb(72,72,72);font-size:16px;\\\"><span style=\\\"-webkit-text-stroke-width:0px;display:inline !important;float:none;font-family:&quot;Noto IKEA&quot;, &quot;Noto Sans&quot;, Roboto, &quot;Open Sans&quot;, system-ui, sans-serif;font-style:normal;font-variant-caps:normal;font-variant-ligatures:normal;font-weight:400;letter-spacing:normal;orphans:2;text-align:start;text-decoration-color:initial;text-decoration-style:initial;text-decoration-thickness:initial;text-indent:0px;text-transform:none;white-space:normal;widows:2;word-spacing:0px;\\\">Plante artificielle, orchid\\u00e9e blanc,<\\/span><\\/span><\\/p>\",\"content\":null,\"images\":[null,\"fejka-plante-artificielle-orchidee-blanc-0771125-pe755671-s5.avif\",\"fejka-plante-artificielle-orchidee-blanc-0748887-pe745276-s5.avif\",\"fejka-plante-artificielle-orchidee-blanc-0771126-pe755670-s5.avif\"],\"product_type\":\"physical\",\"specification_table_id\":null,\"sale_type\":\"0\",\"sku\":\"NN-2443-BURDO\",\"price\":\"94\",\"sale_price\":null,\"start_date\":null,\"end_date\":null,\"cost_per_item\":\"0\",\"product_id\":null,\"barcode\":null,\"with_storehouse_management\":\"0\",\"quantity\":\"0\",\"allow_checkout_when_out_of_stock\":\"0\",\"stock_status\":\"in_stock\",\"weight\":\"0\",\"length\":\"12\",\"wide\":\"0\",\"height\":\"0\",\"is_added_attributes\":\"0\",\"has_product_options\":\"1\",\"related_products\":null,\"faq_schema_config\":\"[]\",\"seo_meta\":{\"seo_title\":null,\"seo_description\":null,\"index\":\"index\"},\"seo_meta_image\":null,\"status\":\"published\",\"is_featured\":\"0\",\"categories\":[\"27\"],\"brand_id\":null,\"image\":null,\"product_collections\":[\"3\"],\"product_labels\":[\"2\"],\"minimum_order_quantity\":\"0\",\"maximum_order_quantity\":\"0\",\"tag\":null,\"submitter\":\"apply\"}','created','Mozilla/5.0 (Windows NT 10.0; Win64; x64) AppleWebKit/537.36 (KHTML, like Gecko) Chrome/136.0.0.0 Safari/537.36 Edg/136.0.0.0','127.0.0.1',1,303,'Orchidée blanc','info','2025-05-27 14:49:31','2025-05-27 14:49:31'),(122,1,'product','{\"name\":\"Ar\\u00e9ca\",\"model\":\"Botble\\\\Ecommerce\\\\Models\\\\Product\",\"slug\":\"areca\",\"slug_id\":\"0\",\"is_slug_editable\":\"1\",\"description\":\"<p><span style=\\\"background-color:rgb(255,255,255);color:rgb(72,72,72);font-size:16px;\\\"><span style=\\\"-webkit-text-stroke-width:0px;display:inline !important;float:none;font-family:&quot;Noto IKEA&quot;, &quot;Noto Sans&quot;, Roboto, &quot;Open Sans&quot;, system-ui, sans-serif;font-style:normal;font-variant-caps:normal;font-variant-ligatures:normal;font-weight:400;letter-spacing:normal;orphans:2;text-align:start;text-decoration-color:initial;text-decoration-style:initial;text-decoration-thickness:initial;text-indent:0px;text-transform:none;white-space:normal;widows:2;word-spacing:0px;\\\">Plante artificielle, int\\u00e9rieur\\/ext\\u00e9rieur Ar\\u00e9ca<\\/span><\\/span><\\/p>\",\"content\":null,\"images\":[null,\"fejka-plante-artificielle-interieur-exterieur-areca-1034054-pe840165-s5.avif\",\"fejka-plante-artificielle-interieur-exterieur-areca-1034055-pe840166-s5.avif\"],\"product_type\":\"physical\",\"specification_table_id\":null,\"sale_type\":\"0\",\"sku\":\"NN-2443-NDUMQ\",\"price\":\"20\",\"sale_price\":null,\"start_date\":null,\"end_date\":null,\"cost_per_item\":\"0\",\"product_id\":null,\"barcode\":null,\"with_storehouse_management\":\"0\",\"quantity\":\"0\",\"allow_checkout_when_out_of_stock\":\"0\",\"stock_status\":\"in_stock\",\"weight\":\"0\",\"length\":\"16\",\"wide\":\"0\",\"height\":\"0\",\"is_added_attributes\":\"0\",\"has_product_options\":\"1\",\"related_products\":null,\"faq_schema_config\":\"[]\",\"seo_meta\":{\"seo_title\":null,\"seo_description\":null,\"index\":\"index\"},\"seo_meta_image\":null,\"status\":\"published\",\"is_featured\":\"0\",\"categories\":[\"27\"],\"brand_id\":null,\"image\":null,\"minimum_order_quantity\":\"0\",\"maximum_order_quantity\":\"0\",\"tag\":null}','created','Mozilla/5.0 (Windows NT 10.0; Win64; x64) AppleWebKit/537.36 (KHTML, like Gecko) Chrome/136.0.0.0 Safari/537.36 Edg/136.0.0.0','127.0.0.1',1,304,'Aréca','info','2025-05-27 14:51:28','2025-05-27 14:51:28'),(123,1,'product','{\"name\":\"lavande\",\"model\":\"Botble\\\\Ecommerce\\\\Models\\\\Product\",\"slug\":\"lavande\",\"slug_id\":\"0\",\"is_slug_editable\":\"1\",\"description\":\"<p><span style=\\\"background-color:rgb(255,255,255);color:rgb(72,72,72);font-size:16px;\\\"><span style=\\\"-webkit-text-stroke-width:0px;display:inline !important;float:none;font-family:&quot;Noto IKEA&quot;, &quot;Noto Sans&quot;, Roboto, &quot;Open Sans&quot;, system-ui, sans-serif;font-style:normal;font-variant-caps:normal;font-variant-ligatures:normal;font-weight:400;letter-spacing:normal;orphans:2;text-align:start;text-decoration-color:initial;text-decoration-style:initial;text-decoration-thickness:initial;text-indent:0px;text-transform:none;white-space:normal;widows:2;word-spacing:0px;\\\">Plante artificielle, int\\u00e9rieur\\/ext\\u00e9rieur lavande<\\/span><\\/span><\\/p>\",\"content\":null,\"images\":[null,\"fejka-plante-artificielle-interieur-exterieur-lavande-1389369-pe965193-s5.avif\",\"fejka-plante-artificielle-interieur-exterieur-lavande-1342007-pe948967-s5.avif\"],\"product_type\":\"physical\",\"specification_table_id\":null,\"sale_type\":\"0\",\"sku\":\"NN-2443-945G7\",\"price\":\"289\",\"sale_price\":\"229\",\"start_date\":null,\"end_date\":null,\"cost_per_item\":\"0\",\"product_id\":null,\"barcode\":null,\"with_storehouse_management\":\"0\",\"quantity\":\"0\",\"allow_checkout_when_out_of_stock\":\"0\",\"stock_status\":\"in_stock\",\"weight\":\"0\",\"length\":\"39\",\"wide\":\"0\",\"height\":\"0\",\"is_added_attributes\":\"0\",\"has_product_options\":\"1\",\"related_products\":null,\"faq_schema_config\":\"[]\",\"seo_meta\":{\"seo_title\":null,\"seo_description\":null,\"index\":\"index\"},\"seo_meta_image\":null,\"status\":\"published\",\"is_featured\":\"0\",\"categories\":[\"27\"],\"brand_id\":null,\"image\":null,\"product_labels\":[\"3\"],\"taxes\":[\"1\"],\"minimum_order_quantity\":\"0\",\"maximum_order_quantity\":\"0\",\"tag\":null}','created','Mozilla/5.0 (Windows NT 10.0; Win64; x64) AppleWebKit/537.36 (KHTML, like Gecko) Chrome/136.0.0.0 Safari/537.36 Edg/136.0.0.0','127.0.0.1',1,305,'lavande','info','2025-05-27 14:54:51','2025-05-27 14:54:51'),(124,1,'product-category','{\"order\":\"2\",\"name\":\"Plantes & Fleurs\",\"model\":\"Botble\\\\Ecommerce\\\\Models\\\\ProductCategory\",\"slug\":\"plantes-fleurs\",\"slug_id\":\"343\",\"is_slug_editable\":\"1\",\"parent_id\":\"0\",\"description\":null,\"status\":\"published\",\"image\":null,\"icon_image\":null,\"is_featured\":\"1\",\"seo_meta\":{\"seo_title\":null,\"seo_description\":null,\"index\":\"index\"},\"seo_meta_image\":null,\"submitter\":\"apply\",\"icon\":null}','updated','Mozilla/5.0 (Windows NT 10.0; Win64; x64) AppleWebKit/537.36 (KHTML, like Gecko) Chrome/136.0.0.0 Safari/537.36 Edg/136.0.0.0','127.0.0.1',1,25,'Plantes & Fleurs','primary','2025-05-27 14:59:40','2025-05-27 14:59:40'),(125,1,'product-category','{\"order\":\"1\",\"name\":\"Meubles\",\"model\":\"Botble\\\\Ecommerce\\\\Models\\\\ProductCategory\",\"slug\":\"meubles\",\"slug_id\":\"340\",\"is_slug_editable\":\"1\",\"parent_id\":\"0\",\"description\":null,\"status\":\"published\",\"image\":\"home-8495378-1280.png\",\"icon_image\":null,\"is_featured\":\"1\",\"seo_meta\":{\"seo_title\":null,\"seo_description\":null,\"index\":\"index\"},\"seo_meta_image\":null,\"submitter\":\"apply\",\"icon\":null}','updated','Mozilla/5.0 (Windows NT 10.0; Win64; x64) AppleWebKit/537.36 (KHTML, like Gecko) Chrome/136.0.0.0 Safari/537.36 Edg/136.0.0.0','127.0.0.1',1,22,'Meubles','primary','2025-05-27 15:00:11','2025-05-27 15:00:11'),(126,1,'product-category','{\"order\":\"2\",\"name\":\"Plantes & Fleurs\",\"model\":\"Botble\\\\Ecommerce\\\\Models\\\\ProductCategory\",\"slug\":\"plantes-fleurs\",\"slug_id\":\"343\",\"is_slug_editable\":\"1\",\"parent_id\":\"0\",\"description\":null,\"status\":\"published\",\"image\":\"fejka-plante-artificielle-interieur-exterieur-areca-1034055-pe840166-s5.avif\",\"icon_image\":null,\"is_featured\":\"1\",\"seo_meta\":{\"seo_title\":null,\"seo_description\":null,\"index\":\"index\"},\"seo_meta_image\":null,\"submitter\":\"apply\",\"icon\":null}','updated','Mozilla/5.0 (Windows NT 10.0; Win64; x64) AppleWebKit/537.36 (KHTML, like Gecko) Chrome/136.0.0.0 Safari/537.36 Edg/136.0.0.0','127.0.0.1',1,25,'Plantes & Fleurs','primary','2025-05-27 15:01:21','2025-05-27 15:01:21'),(127,1,'to the system',NULL,'logged in','Mozilla/5.0 (Windows NT 10.0; Win64; x64) AppleWebKit/537.36 (KHTML, like Gecko) Chrome/136.0.0.0 Safari/537.36 Edg/136.0.0.0','127.0.0.1',0,1,'Juliana Jerde','info','2025-05-29 18:20:55','2025-05-29 18:20:55'),(128,1,'to the system',NULL,'logged in','Mozilla/5.0 (Windows NT 10.0; Win64; x64) AppleWebKit/537.36 (KHTML, like Gecko) Chrome/137.0.0.0 Safari/537.36 Edg/137.0.0.0','127.0.0.1',0,1,'Juliana Jerde','info','2025-06-02 08:55:03','2025-06-02 08:55:03'),(129,1,'to the system',NULL,'logged in','Mozilla/5.0 (Windows NT 10.0; Win64; x64) AppleWebKit/537.36 (KHTML, like Gecko) Chrome/137.0.0.0 Safari/537.36 Edg/137.0.0.0','127.0.0.1',0,1,'Juliana Jerde','info','2025-06-02 12:50:05','2025-06-02 12:50:05');
/*!40000 ALTER TABLE `audit_histories` ENABLE KEYS */;
UNLOCK TABLES;

--
-- Table structure for table `cache`
--

DROP TABLE IF EXISTS `cache`;
/*!40101 SET @saved_cs_client     = @@character_set_client */;
/*!40101 SET character_set_client = utf8 */;
CREATE TABLE `cache` (
  `key` varchar(191) NOT NULL,
  `value` mediumtext NOT NULL,
  `expiration` int(11) NOT NULL,
  PRIMARY KEY (`key`)
) ENGINE=InnoDB DEFAULT CHARSET=utf8mb4 COLLATE=utf8mb4_unicode_ci;
/*!40101 SET character_set_client = @saved_cs_client */;

--
-- Dumping data for table `cache`
--

LOCK TABLES `cache` WRITE;
/*!40000 ALTER TABLE `cache` DISABLE KEYS */;
/*!40000 ALTER TABLE `cache` ENABLE KEYS */;
UNLOCK TABLES;

--
-- Table structure for table `cache_locks`
--

DROP TABLE IF EXISTS `cache_locks`;
/*!40101 SET @saved_cs_client     = @@character_set_client */;
/*!40101 SET character_set_client = utf8 */;
CREATE TABLE `cache_locks` (
  `key` varchar(191) NOT NULL,
  `owner` varchar(191) NOT NULL,
  `expiration` int(11) NOT NULL,
  PRIMARY KEY (`key`)
) ENGINE=InnoDB DEFAULT CHARSET=utf8mb4 COLLATE=utf8mb4_unicode_ci;
/*!40101 SET character_set_client = @saved_cs_client */;

--
-- Dumping data for table `cache_locks`
--

LOCK TABLES `cache_locks` WRITE;
/*!40000 ALTER TABLE `cache_locks` DISABLE KEYS */;
/*!40000 ALTER TABLE `cache_locks` ENABLE KEYS */;
UNLOCK TABLES;

--
-- Table structure for table `categories`
--

DROP TABLE IF EXISTS `categories`;
/*!40101 SET @saved_cs_client     = @@character_set_client */;
/*!40101 SET character_set_client = utf8 */;
CREATE TABLE `categories` (
  `id` bigint(20) unsigned NOT NULL AUTO_INCREMENT,
  `name` varchar(120) NOT NULL,
  `parent_id` bigint(20) unsigned NOT NULL DEFAULT 0,
  `description` varchar(400) DEFAULT NULL,
  `status` varchar(60) NOT NULL DEFAULT 'published',
  `author_id` bigint(20) unsigned DEFAULT NULL,
  `author_type` varchar(191) NOT NULL DEFAULT 'Botble\\ACL\\Models\\User',
  `icon` varchar(60) DEFAULT NULL,
  `order` int(10) unsigned NOT NULL DEFAULT 0,
  `is_featured` tinyint(4) NOT NULL DEFAULT 0,
  `is_default` tinyint(3) unsigned NOT NULL DEFAULT 0,
  `created_at` timestamp NULL DEFAULT NULL,
  `updated_at` timestamp NULL DEFAULT NULL,
  PRIMARY KEY (`id`),
  KEY `categories_parent_id_index` (`parent_id`),
  KEY `categories_status_index` (`status`),
  KEY `categories_created_at_index` (`created_at`)
) ENGINE=InnoDB AUTO_INCREMENT=5 DEFAULT CHARSET=utf8mb4 COLLATE=utf8mb4_unicode_ci;
/*!40101 SET character_set_client = @saved_cs_client */;

--
-- Dumping data for table `categories`
--

LOCK TABLES `categories` WRITE;
/*!40000 ALTER TABLE `categories` DISABLE KEYS */;
INSERT INTO `categories` VALUES (1,'Ecommerce',0,'Sit nam eum maxime. Quae optio vero saepe excepturi cumque. Id quis praesentium est est. Est cupiditate animi non vel velit.','published',1,'Botble\\ACL\\Models\\User',NULL,0,0,0,'2025-05-20 14:06:51','2025-05-21 12:33:11'),(2,'Fashion',0,'Rerum tempora omnis explicabo similique. Facilis nihil et ut sunt harum voluptatem. Non repellendus officiis tenetur quam sit. Totam eligendi et at libero.','published',1,'Botble\\ACL\\Models\\User',NULL,1,1,0,'2025-05-20 14:06:51','2025-05-21 12:33:11'),(3,'Electronic',0,'Minus aut ullam atque voluptas est qui magni. Quisquam eius reprehenderit doloremque sit illum autem aut non. Vel minus ut quod aut. Accusantium quia modi dolore.','published',1,'Botble\\ACL\\Models\\User',NULL,2,1,0,'2025-05-20 14:06:51','2025-05-21 12:33:11'),(4,'Commercial',0,'Nostrum aut a accusantium occaecati dolores est. Tempore similique ut ut. Non placeat voluptate debitis sint dolorum consequatur sunt et.','published',1,'Botble\\ACL\\Models\\User',NULL,3,1,0,'2025-05-20 14:06:51','2025-05-21 12:33:11');
/*!40000 ALTER TABLE `categories` ENABLE KEYS */;
UNLOCK TABLES;

--
-- Table structure for table `categories_translations`
--

DROP TABLE IF EXISTS `categories_translations`;
/*!40101 SET @saved_cs_client     = @@character_set_client */;
/*!40101 SET character_set_client = utf8 */;
CREATE TABLE `categories_translations` (
  `lang_code` varchar(20) NOT NULL,
  `categories_id` bigint(20) unsigned NOT NULL,
  `name` varchar(191) DEFAULT NULL,
  `description` varchar(400) DEFAULT NULL,
  PRIMARY KEY (`lang_code`,`categories_id`)
) ENGINE=InnoDB DEFAULT CHARSET=utf8mb4 COLLATE=utf8mb4_unicode_ci;
/*!40101 SET character_set_client = @saved_cs_client */;

--
-- Dumping data for table `categories_translations`
--

LOCK TABLES `categories_translations` WRITE;
/*!40000 ALTER TABLE `categories_translations` DISABLE KEYS */;
/*!40000 ALTER TABLE `categories_translations` ENABLE KEYS */;
UNLOCK TABLES;

--
-- Table structure for table `cities`
--

DROP TABLE IF EXISTS `cities`;
/*!40101 SET @saved_cs_client     = @@character_set_client */;
/*!40101 SET character_set_client = utf8 */;
CREATE TABLE `cities` (
  `id` bigint(20) unsigned NOT NULL AUTO_INCREMENT,
  `name` varchar(120) NOT NULL,
  `slug` varchar(120) DEFAULT NULL,
  `state_id` bigint(20) unsigned DEFAULT NULL,
  `country_id` bigint(20) unsigned DEFAULT NULL,
  `record_id` varchar(40) DEFAULT NULL,
  `order` tinyint(4) NOT NULL DEFAULT 0,
  `image` varchar(191) DEFAULT NULL,
  `is_default` tinyint(3) unsigned NOT NULL DEFAULT 0,
  `status` varchar(60) NOT NULL DEFAULT 'published',
  `created_at` timestamp NULL DEFAULT NULL,
  `updated_at` timestamp NULL DEFAULT NULL,
  `zip_code` varchar(20) DEFAULT NULL,
  PRIMARY KEY (`id`),
  UNIQUE KEY `cities_slug_unique` (`slug`)
) ENGINE=InnoDB DEFAULT CHARSET=utf8mb4 COLLATE=utf8mb4_unicode_ci;
/*!40101 SET character_set_client = @saved_cs_client */;

--
-- Dumping data for table `cities`
--

LOCK TABLES `cities` WRITE;
/*!40000 ALTER TABLE `cities` DISABLE KEYS */;
/*!40000 ALTER TABLE `cities` ENABLE KEYS */;
UNLOCK TABLES;

--
-- Table structure for table `cities_translations`
--

DROP TABLE IF EXISTS `cities_translations`;
/*!40101 SET @saved_cs_client     = @@character_set_client */;
/*!40101 SET character_set_client = utf8 */;
CREATE TABLE `cities_translations` (
  `lang_code` varchar(20) NOT NULL,
  `cities_id` bigint(20) unsigned NOT NULL,
  `name` varchar(120) DEFAULT NULL,
  `slug` varchar(120) DEFAULT NULL,
  PRIMARY KEY (`lang_code`,`cities_id`)
) ENGINE=InnoDB DEFAULT CHARSET=utf8mb4 COLLATE=utf8mb4_unicode_ci;
/*!40101 SET character_set_client = @saved_cs_client */;

--
-- Dumping data for table `cities_translations`
--

LOCK TABLES `cities_translations` WRITE;
/*!40000 ALTER TABLE `cities_translations` DISABLE KEYS */;
/*!40000 ALTER TABLE `cities_translations` ENABLE KEYS */;
UNLOCK TABLES;

--
-- Table structure for table `contact_custom_field_options`
--

DROP TABLE IF EXISTS `contact_custom_field_options`;
/*!40101 SET @saved_cs_client     = @@character_set_client */;
/*!40101 SET character_set_client = utf8 */;
CREATE TABLE `contact_custom_field_options` (
  `id` bigint(20) unsigned NOT NULL AUTO_INCREMENT,
  `custom_field_id` bigint(20) unsigned NOT NULL,
  `label` varchar(191) DEFAULT NULL,
  `value` varchar(191) NOT NULL,
  `order` int(11) NOT NULL DEFAULT 999,
  `created_at` timestamp NULL DEFAULT NULL,
  `updated_at` timestamp NULL DEFAULT NULL,
  PRIMARY KEY (`id`)
) ENGINE=InnoDB DEFAULT CHARSET=utf8mb4 COLLATE=utf8mb4_unicode_ci;
/*!40101 SET character_set_client = @saved_cs_client */;

--
-- Dumping data for table `contact_custom_field_options`
--

LOCK TABLES `contact_custom_field_options` WRITE;
/*!40000 ALTER TABLE `contact_custom_field_options` DISABLE KEYS */;
/*!40000 ALTER TABLE `contact_custom_field_options` ENABLE KEYS */;
UNLOCK TABLES;

--
-- Table structure for table `contact_custom_field_options_translations`
--

DROP TABLE IF EXISTS `contact_custom_field_options_translations`;
/*!40101 SET @saved_cs_client     = @@character_set_client */;
/*!40101 SET character_set_client = utf8 */;
CREATE TABLE `contact_custom_field_options_translations` (
  `contact_custom_field_options_id` bigint(20) unsigned NOT NULL,
  `lang_code` varchar(191) NOT NULL,
  `label` varchar(191) DEFAULT NULL,
  `value` varchar(191) DEFAULT NULL,
  PRIMARY KEY (`lang_code`,`contact_custom_field_options_id`)
) ENGINE=InnoDB DEFAULT CHARSET=utf8mb4 COLLATE=utf8mb4_unicode_ci;
/*!40101 SET character_set_client = @saved_cs_client */;

--
-- Dumping data for table `contact_custom_field_options_translations`
--

LOCK TABLES `contact_custom_field_options_translations` WRITE;
/*!40000 ALTER TABLE `contact_custom_field_options_translations` DISABLE KEYS */;
/*!40000 ALTER TABLE `contact_custom_field_options_translations` ENABLE KEYS */;
UNLOCK TABLES;

--
-- Table structure for table `contact_custom_fields`
--

DROP TABLE IF EXISTS `contact_custom_fields`;
/*!40101 SET @saved_cs_client     = @@character_set_client */;
/*!40101 SET character_set_client = utf8 */;
CREATE TABLE `contact_custom_fields` (
  `id` bigint(20) unsigned NOT NULL AUTO_INCREMENT,
  `type` varchar(191) NOT NULL,
  `required` tinyint(1) NOT NULL DEFAULT 0,
  `name` varchar(191) NOT NULL,
  `placeholder` varchar(191) DEFAULT NULL,
  `order` int(11) NOT NULL DEFAULT 999,
  `status` varchar(191) NOT NULL DEFAULT 'published',
  `created_at` timestamp NULL DEFAULT NULL,
  `updated_at` timestamp NULL DEFAULT NULL,
  PRIMARY KEY (`id`)
) ENGINE=InnoDB DEFAULT CHARSET=utf8mb4 COLLATE=utf8mb4_unicode_ci;
/*!40101 SET character_set_client = @saved_cs_client */;

--
-- Dumping data for table `contact_custom_fields`
--

LOCK TABLES `contact_custom_fields` WRITE;
/*!40000 ALTER TABLE `contact_custom_fields` DISABLE KEYS */;
/*!40000 ALTER TABLE `contact_custom_fields` ENABLE KEYS */;
UNLOCK TABLES;

--
-- Table structure for table `contact_custom_fields_translations`
--

DROP TABLE IF EXISTS `contact_custom_fields_translations`;
/*!40101 SET @saved_cs_client     = @@character_set_client */;
/*!40101 SET character_set_client = utf8 */;
CREATE TABLE `contact_custom_fields_translations` (
  `contact_custom_fields_id` bigint(20) unsigned NOT NULL,
  `lang_code` varchar(191) NOT NULL,
  `name` varchar(191) DEFAULT NULL,
  `placeholder` varchar(191) DEFAULT NULL,
  PRIMARY KEY (`lang_code`,`contact_custom_fields_id`)
) ENGINE=InnoDB DEFAULT CHARSET=utf8mb4 COLLATE=utf8mb4_unicode_ci;
/*!40101 SET character_set_client = @saved_cs_client */;

--
-- Dumping data for table `contact_custom_fields_translations`
--

LOCK TABLES `contact_custom_fields_translations` WRITE;
/*!40000 ALTER TABLE `contact_custom_fields_translations` DISABLE KEYS */;
/*!40000 ALTER TABLE `contact_custom_fields_translations` ENABLE KEYS */;
UNLOCK TABLES;

--
-- Table structure for table `contact_replies`
--

DROP TABLE IF EXISTS `contact_replies`;
/*!40101 SET @saved_cs_client     = @@character_set_client */;
/*!40101 SET character_set_client = utf8 */;
CREATE TABLE `contact_replies` (
  `id` bigint(20) unsigned NOT NULL AUTO_INCREMENT,
  `message` longtext NOT NULL,
  `contact_id` bigint(20) unsigned NOT NULL,
  `created_at` timestamp NULL DEFAULT NULL,
  `updated_at` timestamp NULL DEFAULT NULL,
  PRIMARY KEY (`id`)
) ENGINE=InnoDB DEFAULT CHARSET=utf8mb4 COLLATE=utf8mb4_unicode_ci;
/*!40101 SET character_set_client = @saved_cs_client */;

--
-- Dumping data for table `contact_replies`
--

LOCK TABLES `contact_replies` WRITE;
/*!40000 ALTER TABLE `contact_replies` DISABLE KEYS */;
/*!40000 ALTER TABLE `contact_replies` ENABLE KEYS */;
UNLOCK TABLES;

--
-- Table structure for table `contacts`
--

DROP TABLE IF EXISTS `contacts`;
/*!40101 SET @saved_cs_client     = @@character_set_client */;
/*!40101 SET character_set_client = utf8 */;
CREATE TABLE `contacts` (
  `id` bigint(20) unsigned NOT NULL AUTO_INCREMENT,
  `name` varchar(60) NOT NULL,
  `email` varchar(60) DEFAULT NULL,
  `phone` varchar(60) DEFAULT NULL,
  `address` varchar(120) DEFAULT NULL,
  `subject` varchar(120) DEFAULT NULL,
  `content` longtext NOT NULL,
  `custom_fields` text DEFAULT NULL,
  `status` varchar(60) NOT NULL DEFAULT 'unread',
  `created_at` timestamp NULL DEFAULT NULL,
  `updated_at` timestamp NULL DEFAULT NULL,
  PRIMARY KEY (`id`)
) ENGINE=InnoDB DEFAULT CHARSET=utf8mb4 COLLATE=utf8mb4_unicode_ci;
/*!40101 SET character_set_client = @saved_cs_client */;

--
-- Dumping data for table `contacts`
--

LOCK TABLES `contacts` WRITE;
/*!40000 ALTER TABLE `contacts` DISABLE KEYS */;
/*!40000 ALTER TABLE `contacts` ENABLE KEYS */;
UNLOCK TABLES;

--
-- Table structure for table `countries`
--

DROP TABLE IF EXISTS `countries`;
/*!40101 SET @saved_cs_client     = @@character_set_client */;
/*!40101 SET character_set_client = utf8 */;
CREATE TABLE `countries` (
  `id` bigint(20) unsigned NOT NULL AUTO_INCREMENT,
  `name` varchar(120) NOT NULL,
  `nationality` varchar(120) DEFAULT NULL,
  `order` tinyint(4) NOT NULL DEFAULT 0,
  `image` varchar(191) DEFAULT NULL,
  `is_default` tinyint(3) unsigned NOT NULL DEFAULT 0,
  `status` varchar(60) NOT NULL DEFAULT 'published',
  `created_at` timestamp NULL DEFAULT NULL,
  `updated_at` timestamp NULL DEFAULT NULL,
  `code` varchar(10) DEFAULT NULL,
  PRIMARY KEY (`id`)
) ENGINE=InnoDB DEFAULT CHARSET=utf8mb4 COLLATE=utf8mb4_unicode_ci;
/*!40101 SET character_set_client = @saved_cs_client */;

--
-- Dumping data for table `countries`
--

LOCK TABLES `countries` WRITE;
/*!40000 ALTER TABLE `countries` DISABLE KEYS */;
/*!40000 ALTER TABLE `countries` ENABLE KEYS */;
UNLOCK TABLES;

--
-- Table structure for table `countries_translations`
--

DROP TABLE IF EXISTS `countries_translations`;
/*!40101 SET @saved_cs_client     = @@character_set_client */;
/*!40101 SET character_set_client = utf8 */;
CREATE TABLE `countries_translations` (
  `lang_code` varchar(20) NOT NULL,
  `countries_id` bigint(20) unsigned NOT NULL,
  `name` varchar(120) DEFAULT NULL,
  `nationality` varchar(120) DEFAULT NULL,
  PRIMARY KEY (`lang_code`,`countries_id`)
) ENGINE=InnoDB DEFAULT CHARSET=utf8mb4 COLLATE=utf8mb4_unicode_ci;
/*!40101 SET character_set_client = @saved_cs_client */;

--
-- Dumping data for table `countries_translations`
--

LOCK TABLES `countries_translations` WRITE;
/*!40000 ALTER TABLE `countries_translations` DISABLE KEYS */;
/*!40000 ALTER TABLE `countries_translations` ENABLE KEYS */;
UNLOCK TABLES;

--
-- Table structure for table `dashboard_widget_settings`
--

DROP TABLE IF EXISTS `dashboard_widget_settings`;
/*!40101 SET @saved_cs_client     = @@character_set_client */;
/*!40101 SET character_set_client = utf8 */;
CREATE TABLE `dashboard_widget_settings` (
  `id` bigint(20) unsigned NOT NULL AUTO_INCREMENT,
  `settings` text DEFAULT NULL,
  `user_id` bigint(20) unsigned NOT NULL,
  `widget_id` bigint(20) unsigned NOT NULL,
  `order` tinyint(3) unsigned NOT NULL DEFAULT 0,
  `status` tinyint(3) unsigned NOT NULL DEFAULT 1,
  `created_at` timestamp NULL DEFAULT NULL,
  `updated_at` timestamp NULL DEFAULT NULL,
  PRIMARY KEY (`id`),
  KEY `dashboard_widget_settings_user_id_index` (`user_id`),
  KEY `dashboard_widget_settings_widget_id_index` (`widget_id`)
) ENGINE=InnoDB DEFAULT CHARSET=utf8mb4 COLLATE=utf8mb4_unicode_ci;
/*!40101 SET character_set_client = @saved_cs_client */;

--
-- Dumping data for table `dashboard_widget_settings`
--

LOCK TABLES `dashboard_widget_settings` WRITE;
/*!40000 ALTER TABLE `dashboard_widget_settings` DISABLE KEYS */;
/*!40000 ALTER TABLE `dashboard_widget_settings` ENABLE KEYS */;
UNLOCK TABLES;

--
-- Table structure for table `dashboard_widgets`
--

DROP TABLE IF EXISTS `dashboard_widgets`;
/*!40101 SET @saved_cs_client     = @@character_set_client */;
/*!40101 SET character_set_client = utf8 */;
CREATE TABLE `dashboard_widgets` (
  `id` bigint(20) unsigned NOT NULL AUTO_INCREMENT,
  `name` varchar(120) NOT NULL,
  `created_at` timestamp NULL DEFAULT NULL,
  `updated_at` timestamp NULL DEFAULT NULL,
  PRIMARY KEY (`id`)
) ENGINE=InnoDB AUTO_INCREMENT=12 DEFAULT CHARSET=utf8mb4 COLLATE=utf8mb4_unicode_ci;
/*!40101 SET character_set_client = @saved_cs_client */;

--
-- Dumping data for table `dashboard_widgets`
--

LOCK TABLES `dashboard_widgets` WRITE;
/*!40000 ALTER TABLE `dashboard_widgets` DISABLE KEYS */;
INSERT INTO `dashboard_widgets` VALUES (1,'widget_total_1','2025-05-20 14:15:36','2025-05-20 14:15:36'),(2,'widget_total_2','2025-05-20 14:15:36','2025-05-20 14:15:36'),(3,'widget_total_3','2025-05-20 14:15:36','2025-05-20 14:15:36'),(4,'widget_total_4','2025-05-20 14:15:36','2025-05-20 14:15:36'),(5,'widget_total_themes','2025-05-20 14:15:36','2025-05-20 14:15:36'),(6,'widget_total_users','2025-05-20 14:15:37','2025-05-20 14:15:37'),(7,'widget_total_plugins','2025-05-20 14:15:37','2025-05-20 14:15:37'),(8,'widget_total_pages','2025-05-20 14:15:37','2025-05-20 14:15:37'),(9,'widget_posts_recent','2025-05-20 14:15:37','2025-05-20 14:15:37'),(10,'widget_audit_logs','2025-05-20 14:15:38','2025-05-20 14:15:38'),(11,'widget_ecommerce_report_general','2025-05-20 14:15:38','2025-05-20 14:15:38');
/*!40000 ALTER TABLE `dashboard_widgets` ENABLE KEYS */;
UNLOCK TABLES;

--
-- Table structure for table `ec_brands`
--

DROP TABLE IF EXISTS `ec_brands`;
/*!40101 SET @saved_cs_client     = @@character_set_client */;
/*!40101 SET character_set_client = utf8 */;
CREATE TABLE `ec_brands` (
  `id` bigint(20) unsigned NOT NULL AUTO_INCREMENT,
  `name` varchar(191) NOT NULL,
  `description` mediumtext DEFAULT NULL,
  `website` varchar(191) DEFAULT NULL,
  `logo` varchar(191) DEFAULT NULL,
  `status` varchar(60) NOT NULL DEFAULT 'published',
  `order` tinyint(3) unsigned NOT NULL DEFAULT 0,
  `is_featured` tinyint(3) unsigned NOT NULL DEFAULT 0,
  `created_at` timestamp NULL DEFAULT NULL,
  `updated_at` timestamp NULL DEFAULT NULL,
  PRIMARY KEY (`id`)
) ENGINE=InnoDB AUTO_INCREMENT=7 DEFAULT CHARSET=utf8mb4 COLLATE=utf8mb4_unicode_ci;
/*!40101 SET character_set_client = @saved_cs_client */;

--
-- Dumping data for table `ec_brands`
--

LOCK TABLES `ec_brands` WRITE;
/*!40000 ALTER TABLE `ec_brands` DISABLE KEYS */;
INSERT INTO `ec_brands` VALUES (1,'Fashion live',NULL,NULL,'brands/brand-01.png','published',0,0,'2025-05-20 14:07:10','2025-05-20 14:07:10'),(2,'Hand crafted',NULL,NULL,'brands/brand-02.png','published',1,0,'2025-05-20 14:07:10','2025-05-20 14:07:10'),(3,'Mestonix',NULL,NULL,'brands/brand-03.png','published',2,0,'2025-05-20 14:07:10','2025-05-20 14:07:10'),(4,'Sunshine',NULL,NULL,'brands/brand-04.png','published',3,0,'2025-05-20 14:07:10','2025-05-20 14:07:10'),(5,'Pure',NULL,NULL,'brands/brand-05.png','published',4,1,'2025-05-20 14:07:10','2025-05-20 14:07:10'),(6,'Anfold',NULL,NULL,'brands/brand-06.png','published',5,0,'2025-05-20 14:07:10','2025-05-20 14:07:10');
/*!40000 ALTER TABLE `ec_brands` ENABLE KEYS */;
UNLOCK TABLES;

--
-- Table structure for table `ec_brands_translations`
--

DROP TABLE IF EXISTS `ec_brands_translations`;
/*!40101 SET @saved_cs_client     = @@character_set_client */;
/*!40101 SET character_set_client = utf8 */;
CREATE TABLE `ec_brands_translations` (
  `lang_code` varchar(191) NOT NULL,
  `ec_brands_id` bigint(20) unsigned NOT NULL,
  `name` varchar(191) DEFAULT NULL,
  `description` mediumtext DEFAULT NULL,
  PRIMARY KEY (`lang_code`,`ec_brands_id`)
) ENGINE=InnoDB DEFAULT CHARSET=utf8mb4 COLLATE=utf8mb4_unicode_ci;
/*!40101 SET character_set_client = @saved_cs_client */;

--
-- Dumping data for table `ec_brands_translations`
--

LOCK TABLES `ec_brands_translations` WRITE;
/*!40000 ALTER TABLE `ec_brands_translations` DISABLE KEYS */;
/*!40000 ALTER TABLE `ec_brands_translations` ENABLE KEYS */;
UNLOCK TABLES;

--
-- Table structure for table `ec_cart`
--

DROP TABLE IF EXISTS `ec_cart`;
/*!40101 SET @saved_cs_client     = @@character_set_client */;
/*!40101 SET character_set_client = utf8 */;
CREATE TABLE `ec_cart` (
  `identifier` varchar(60) NOT NULL,
  `instance` varchar(60) NOT NULL,
  `content` longtext NOT NULL,
  `created_at` timestamp NULL DEFAULT NULL,
  `updated_at` timestamp NULL DEFAULT NULL,
  PRIMARY KEY (`identifier`,`instance`)
) ENGINE=InnoDB DEFAULT CHARSET=utf8mb4 COLLATE=utf8mb4_unicode_ci;
/*!40101 SET character_set_client = @saved_cs_client */;

--
-- Dumping data for table `ec_cart`
--

LOCK TABLES `ec_cart` WRITE;
/*!40000 ALTER TABLE `ec_cart` DISABLE KEYS */;
/*!40000 ALTER TABLE `ec_cart` ENABLE KEYS */;
UNLOCK TABLES;

--
-- Table structure for table `ec_currencies`
--

DROP TABLE IF EXISTS `ec_currencies`;
/*!40101 SET @saved_cs_client     = @@character_set_client */;
/*!40101 SET character_set_client = utf8 */;
CREATE TABLE `ec_currencies` (
  `id` bigint(20) unsigned NOT NULL AUTO_INCREMENT,
  `title` varchar(191) NOT NULL,
  `symbol` varchar(10) NOT NULL,
  `is_prefix_symbol` tinyint(3) unsigned NOT NULL DEFAULT 0,
  `decimals` tinyint(3) unsigned DEFAULT 0,
  `order` int(10) unsigned DEFAULT 0,
  `is_default` tinyint(4) NOT NULL DEFAULT 0,
  `exchange_rate` double NOT NULL DEFAULT 1,
  `created_at` timestamp NULL DEFAULT NULL,
  `updated_at` timestamp NULL DEFAULT NULL,
  PRIMARY KEY (`id`)
) ENGINE=InnoDB AUTO_INCREMENT=5 DEFAULT CHARSET=utf8mb4 COLLATE=utf8mb4_unicode_ci;
/*!40101 SET character_set_client = @saved_cs_client */;

--
-- Dumping data for table `ec_currencies`
--

LOCK TABLES `ec_currencies` WRITE;
/*!40000 ALTER TABLE `ec_currencies` DISABLE KEYS */;
INSERT INTO `ec_currencies` VALUES (1,'USD','$',1,2,0,1,1,'2025-05-20 14:06:43','2025-05-20 14:06:43'),(2,'EUR','€',0,2,1,0,0.84,'2025-05-20 14:06:43','2025-05-20 14:06:43'),(3,'VND','₫',0,0,2,0,23203,'2025-05-20 14:06:43','2025-05-20 14:06:43'),(4,'NGN','₦',1,2,2,0,895.52,'2025-05-20 14:06:43','2025-05-20 14:06:43');
/*!40000 ALTER TABLE `ec_currencies` ENABLE KEYS */;
UNLOCK TABLES;

--
-- Table structure for table `ec_customer_addresses`
--

DROP TABLE IF EXISTS `ec_customer_addresses`;
/*!40101 SET @saved_cs_client     = @@character_set_client */;
/*!40101 SET character_set_client = utf8 */;
CREATE TABLE `ec_customer_addresses` (
  `id` bigint(20) unsigned NOT NULL AUTO_INCREMENT,
  `name` varchar(191) NOT NULL,
  `email` varchar(60) DEFAULT NULL,
  `phone` varchar(20) DEFAULT NULL,
  `country` varchar(120) DEFAULT NULL,
  `state` varchar(120) DEFAULT NULL,
  `city` varchar(120) DEFAULT NULL,
  `address` varchar(191) DEFAULT NULL,
  `customer_id` bigint(20) unsigned NOT NULL,
  `is_default` tinyint(3) unsigned NOT NULL DEFAULT 0,
  `created_at` timestamp NULL DEFAULT NULL,
  `updated_at` timestamp NULL DEFAULT NULL,
  `zip_code` varchar(20) DEFAULT NULL,
  PRIMARY KEY (`id`)
) ENGINE=InnoDB AUTO_INCREMENT=13 DEFAULT CHARSET=utf8mb4 COLLATE=utf8mb4_unicode_ci;
/*!40101 SET character_set_client = @saved_cs_client */;

--
-- Dumping data for table `ec_customer_addresses`
--

LOCK TABLES `ec_customer_addresses` WRITE;
/*!40000 ALTER TABLE `ec_customer_addresses` DISABLE KEYS */;
INSERT INTO `ec_customer_addresses` VALUES (1,'Prof. Layne Schneider Jr.','customer@botble.com','+17067628258','SO','Maryland','Williamberg','341 Schimmel Cliff',1,1,'2025-05-20 14:07:44','2025-05-20 14:07:44','29438'),(2,'Prof. Layne Schneider Jr.','customer@botble.com','+15208270392','MZ','Arizona','Lauriemouth','232 Luigi Square',1,0,'2025-05-20 14:07:44','2025-05-20 14:07:44','69565'),(3,'Chaz Wolf MD','john.smith@botble.com','+16573374419','SZ','New Hampshire','Demondton','199 Dan Prairie',2,1,'2025-05-20 14:07:44','2025-05-20 14:07:44','58115'),(4,'Chaz Wolf MD','john.smith@botble.com','+19032967513','WS','Washington','West Rashadshire','612 Carlos Ports Apt. 959',2,0,'2025-05-20 14:07:44','2025-05-20 14:07:44','37620'),(5,'Ella Wunsch DDS','xblock@example.org','+18314824139','MV','Maine','Katelynntown','1234 Braden Islands',3,1,'2025-05-20 14:07:45','2025-05-20 14:07:45','66125-9731'),(6,'Prof. Dessie Torphy IV','angelita.renner@example.com','+17122975972','PG','Colorado','Alethatown','851 Nettie Bypass Suite 244',4,1,'2025-05-20 14:07:45','2025-05-20 14:07:45','54458-2185'),(7,'Keith Stokes','courtney.emmerich@example.com','+19378731524','KZ','Connecticut','Mathildeshire','5611 Edwin Cliffs Suite 990',5,1,'2025-05-20 14:07:45','2025-05-20 14:07:45','60705-8120'),(8,'Prof. Lucious Armstrong Sr.','fern02@example.com','+16698648209','GM','Oklahoma','Orvalmouth','596 Eichmann Circles',6,1,'2025-05-20 14:07:45','2025-05-20 14:07:45','20908-2351'),(9,'Ruthie Conn MD','gaylord.jaren@example.com','+15619358599','CC','Hawaii','Celestineberg','342 Edison Island Apt. 993',7,1,'2025-05-20 14:07:45','2025-05-20 14:07:45','91949-3030'),(10,'Dr. Reilly Keeling','monahan.andreane@example.com','+19078446412','ML','Mississippi','Lake Edport','968 Murazik Highway Suite 022',8,1,'2025-05-20 14:07:46','2025-05-20 14:07:46','62876-1377'),(11,'Mrs. Eliane Howe','mstrosin@example.net','+13089684585','ML','Maryland','Oswaldoport','8875 Clarabelle Loop',9,1,'2025-05-20 14:07:46','2025-05-20 14:07:46','58832'),(12,'Sammy Casper','dina.bednar@example.org','+13524716421','BJ','New Jersey','Newtonmouth','118 Pouros Views',10,1,'2025-05-20 14:07:46','2025-05-20 14:07:46','99966');
/*!40000 ALTER TABLE `ec_customer_addresses` ENABLE KEYS */;
UNLOCK TABLES;

--
-- Table structure for table `ec_customer_deletion_requests`
--

DROP TABLE IF EXISTS `ec_customer_deletion_requests`;
/*!40101 SET @saved_cs_client     = @@character_set_client */;
/*!40101 SET character_set_client = utf8 */;
CREATE TABLE `ec_customer_deletion_requests` (
  `id` bigint(20) unsigned NOT NULL AUTO_INCREMENT,
  `customer_id` bigint(20) unsigned NOT NULL,
  `customer_name` varchar(191) DEFAULT NULL,
  `customer_phone` varchar(191) DEFAULT NULL,
  `customer_email` varchar(191) DEFAULT NULL,
  `token` varchar(191) NOT NULL,
  `status` varchar(50) NOT NULL DEFAULT 'waiting_for_confirmation',
  `reason` text DEFAULT NULL,
  `confirmed_at` datetime DEFAULT NULL,
  `created_at` timestamp NULL DEFAULT NULL,
  `updated_at` timestamp NULL DEFAULT NULL,
  PRIMARY KEY (`id`),
  UNIQUE KEY `ec_customer_deletion_requests_token_unique` (`token`)
) ENGINE=InnoDB DEFAULT CHARSET=utf8mb4 COLLATE=utf8mb4_unicode_ci;
/*!40101 SET character_set_client = @saved_cs_client */;

--
-- Dumping data for table `ec_customer_deletion_requests`
--

LOCK TABLES `ec_customer_deletion_requests` WRITE;
/*!40000 ALTER TABLE `ec_customer_deletion_requests` DISABLE KEYS */;
/*!40000 ALTER TABLE `ec_customer_deletion_requests` ENABLE KEYS */;
UNLOCK TABLES;

--
-- Table structure for table `ec_customer_password_resets`
--

DROP TABLE IF EXISTS `ec_customer_password_resets`;
/*!40101 SET @saved_cs_client     = @@character_set_client */;
/*!40101 SET character_set_client = utf8 */;
CREATE TABLE `ec_customer_password_resets` (
  `email` varchar(191) NOT NULL,
  `token` varchar(191) NOT NULL,
  `created_at` timestamp NULL DEFAULT NULL,
  KEY `ec_customer_password_resets_email_index` (`email`),
  KEY `ec_customer_password_resets_token_index` (`token`)
) ENGINE=InnoDB DEFAULT CHARSET=utf8mb4 COLLATE=utf8mb4_unicode_ci;
/*!40101 SET character_set_client = @saved_cs_client */;

--
-- Dumping data for table `ec_customer_password_resets`
--

LOCK TABLES `ec_customer_password_resets` WRITE;
/*!40000 ALTER TABLE `ec_customer_password_resets` DISABLE KEYS */;
/*!40000 ALTER TABLE `ec_customer_password_resets` ENABLE KEYS */;
UNLOCK TABLES;

--
-- Table structure for table `ec_customer_recently_viewed_products`
--

DROP TABLE IF EXISTS `ec_customer_recently_viewed_products`;
/*!40101 SET @saved_cs_client     = @@character_set_client */;
/*!40101 SET character_set_client = utf8 */;
CREATE TABLE `ec_customer_recently_viewed_products` (
  `id` bigint(20) unsigned NOT NULL AUTO_INCREMENT,
  `customer_id` bigint(20) unsigned NOT NULL,
  `product_id` bigint(20) unsigned NOT NULL,
  PRIMARY KEY (`id`)
) ENGINE=InnoDB DEFAULT CHARSET=utf8mb4 COLLATE=utf8mb4_unicode_ci;
/*!40101 SET character_set_client = @saved_cs_client */;

--
-- Dumping data for table `ec_customer_recently_viewed_products`
--

LOCK TABLES `ec_customer_recently_viewed_products` WRITE;
/*!40000 ALTER TABLE `ec_customer_recently_viewed_products` DISABLE KEYS */;
/*!40000 ALTER TABLE `ec_customer_recently_viewed_products` ENABLE KEYS */;
UNLOCK TABLES;

--
-- Table structure for table `ec_customer_used_coupons`
--

DROP TABLE IF EXISTS `ec_customer_used_coupons`;
/*!40101 SET @saved_cs_client     = @@character_set_client */;
/*!40101 SET character_set_client = utf8 */;
CREATE TABLE `ec_customer_used_coupons` (
  `discount_id` bigint(20) unsigned NOT NULL,
  `customer_id` bigint(20) unsigned NOT NULL,
  PRIMARY KEY (`discount_id`,`customer_id`)
) ENGINE=InnoDB DEFAULT CHARSET=utf8mb4 COLLATE=utf8mb4_unicode_ci;
/*!40101 SET character_set_client = @saved_cs_client */;

--
-- Dumping data for table `ec_customer_used_coupons`
--

LOCK TABLES `ec_customer_used_coupons` WRITE;
/*!40000 ALTER TABLE `ec_customer_used_coupons` DISABLE KEYS */;
/*!40000 ALTER TABLE `ec_customer_used_coupons` ENABLE KEYS */;
UNLOCK TABLES;

--
-- Table structure for table `ec_customers`
--

DROP TABLE IF EXISTS `ec_customers`;
/*!40101 SET @saved_cs_client     = @@character_set_client */;
/*!40101 SET character_set_client = utf8 */;
CREATE TABLE `ec_customers` (
  `id` bigint(20) unsigned NOT NULL AUTO_INCREMENT,
  `name` varchar(191) NOT NULL,
  `email` varchar(191) DEFAULT NULL,
  `password` varchar(191) NOT NULL,
  `avatar` varchar(191) DEFAULT NULL,
  `dob` date DEFAULT NULL,
  `phone` varchar(20) DEFAULT NULL,
  `remember_token` varchar(100) DEFAULT NULL,
  `created_at` timestamp NULL DEFAULT NULL,
  `updated_at` timestamp NULL DEFAULT NULL,
  `confirmed_at` datetime DEFAULT NULL,
  `email_verify_token` varchar(120) DEFAULT NULL,
  `status` varchar(60) NOT NULL DEFAULT 'activated',
  `private_notes` text DEFAULT NULL,
  PRIMARY KEY (`id`),
  UNIQUE KEY `ec_customers_email_unique` (`email`)
) ENGINE=InnoDB AUTO_INCREMENT=11 DEFAULT CHARSET=utf8mb4 COLLATE=utf8mb4_unicode_ci;
/*!40101 SET character_set_client = @saved_cs_client */;

--
-- Dumping data for table `ec_customers`
--

LOCK TABLES `ec_customers` WRITE;
/*!40000 ALTER TABLE `ec_customers` DISABLE KEYS */;
INSERT INTO `ec_customers` VALUES (1,'Prof. Layne Schneider Jr.','customer@botble.com','$2y$12$7uetitc/H88JRicEE7w4AO1XJ3x0MIeQq3QO5Zfn1OrN5jmZwJDsu','customers/7.jpg','1993-05-12','+12542902997',NULL,'2025-05-20 14:07:44','2025-05-20 14:07:44','2025-05-20 15:07:44',NULL,'activated',NULL),(2,'Chaz Wolf MD','john.smith@botble.com','$2y$12$zFfFOHNbcKztWAqa2BQeUeh7vATrsIut0eHvSGImHSbwXxvFH1U1C','customers/1.jpg','2002-04-29','+13195690769',NULL,'2025-05-20 14:07:44','2025-05-20 14:07:44','2025-05-20 15:07:44',NULL,'activated',NULL),(3,'Ella Wunsch DDS','xblock@example.org','$2y$12$xYXPUe3C4/.PSXpW9BrfNOb4s5zWtLzjzvFdAAx8V12MDveLd99wC','customers/1.jpg','1985-04-23','+17089177684',NULL,'2025-05-20 14:07:44','2025-05-20 14:07:44','2025-05-20 15:07:44',NULL,'activated',NULL),(4,'Prof. Dessie Torphy IV','angelita.renner@example.com','$2y$12$u4Wj7.jgTKZcUumsogTn5eU/48jo7eAFTORQ/uXKW9bbYGHzeIf4K','customers/2.jpg','1978-05-12','+14306650559',NULL,'2025-05-20 14:07:45','2025-05-20 14:07:45','2025-05-20 15:07:45',NULL,'activated',NULL),(5,'Keith Stokes','courtney.emmerich@example.com','$2y$12$EVXh6pTqboV6U.g.iBuJN.0CFrQFk4WlpMZ/sinVrf9u2gU.UZk4W','customers/3.jpg','1997-05-13','+14025063358',NULL,'2025-05-20 14:07:45','2025-05-20 14:07:45','2025-05-20 15:07:45',NULL,'activated',NULL),(6,'Prof. Lucious Armstrong Sr.','fern02@example.com','$2y$12$1ABBRTXbn.yM6PPeV1dLJuXjP1Oa3dTp.7qZ.PKWalKVZmDIVd4sO','customers/4.jpg','1989-04-22','+14849998505',NULL,'2025-05-20 14:07:45','2025-05-20 14:07:45','2025-05-20 15:07:45',NULL,'activated',NULL),(7,'Ruthie Conn MD','gaylord.jaren@example.com','$2y$12$Mcp8aLVyZCyCTYmg5dnu2OtFcVDuUUNXrijH6jpNfm2FFDODEiwn2','customers/5.jpg','1988-05-10','+12198948752',NULL,'2025-05-20 14:07:45','2025-05-20 14:07:45','2025-05-20 15:07:45',NULL,'activated',NULL),(8,'Dr. Reilly Keeling','monahan.andreane@example.com','$2y$12$4/nYuW2X9/IDs6tw5wsHfualDXmDTkUAXkXT1Ub91BXmHum8LrLQG','customers/6.jpg','2002-05-02','+19319901039',NULL,'2025-05-20 14:07:46','2025-05-20 14:07:46','2025-05-20 15:07:46',NULL,'activated',NULL),(9,'Mrs. Eliane Howe','mstrosin@example.net','$2y$12$T4DiECQ8LxyYVzRhYsygCuLUryN0Iy3xqio0YKyKzGEeLb3xfN05O','customers/7.jpg','1989-05-06','+15856455494',NULL,'2025-05-20 14:07:46','2025-05-20 14:07:46','2025-05-20 15:07:46',NULL,'activated',NULL),(10,'Sammy Casper','dina.bednar@example.org','$2y$12$xgxFpCUbQzv2QAVHvWa0weMuToO./Rhj1mlBsK/.xCTRqQUapDL62','customers/8.jpg','1990-05-09','+16179584720',NULL,'2025-05-20 14:07:46','2025-05-20 14:07:46','2025-05-20 15:07:46',NULL,'activated',NULL);
/*!40000 ALTER TABLE `ec_customers` ENABLE KEYS */;
UNLOCK TABLES;

--
-- Table structure for table `ec_discount_customers`
--

DROP TABLE IF EXISTS `ec_discount_customers`;
/*!40101 SET @saved_cs_client     = @@character_set_client */;
/*!40101 SET character_set_client = utf8 */;
CREATE TABLE `ec_discount_customers` (
  `discount_id` bigint(20) unsigned NOT NULL,
  `customer_id` bigint(20) unsigned NOT NULL,
  PRIMARY KEY (`discount_id`,`customer_id`)
) ENGINE=InnoDB DEFAULT CHARSET=utf8mb4 COLLATE=utf8mb4_unicode_ci;
/*!40101 SET character_set_client = @saved_cs_client */;

--
-- Dumping data for table `ec_discount_customers`
--

LOCK TABLES `ec_discount_customers` WRITE;
/*!40000 ALTER TABLE `ec_discount_customers` DISABLE KEYS */;
/*!40000 ALTER TABLE `ec_discount_customers` ENABLE KEYS */;
UNLOCK TABLES;

--
-- Table structure for table `ec_discount_product_categories`
--

DROP TABLE IF EXISTS `ec_discount_product_categories`;
/*!40101 SET @saved_cs_client     = @@character_set_client */;
/*!40101 SET character_set_client = utf8 */;
CREATE TABLE `ec_discount_product_categories` (
  `discount_id` bigint(20) unsigned NOT NULL,
  `product_category_id` bigint(20) unsigned NOT NULL,
  PRIMARY KEY (`discount_id`,`product_category_id`)
) ENGINE=InnoDB DEFAULT CHARSET=utf8mb4 COLLATE=utf8mb4_unicode_ci;
/*!40101 SET character_set_client = @saved_cs_client */;

--
-- Dumping data for table `ec_discount_product_categories`
--

LOCK TABLES `ec_discount_product_categories` WRITE;
/*!40000 ALTER TABLE `ec_discount_product_categories` DISABLE KEYS */;
/*!40000 ALTER TABLE `ec_discount_product_categories` ENABLE KEYS */;
UNLOCK TABLES;

--
-- Table structure for table `ec_discount_product_collections`
--

DROP TABLE IF EXISTS `ec_discount_product_collections`;
/*!40101 SET @saved_cs_client     = @@character_set_client */;
/*!40101 SET character_set_client = utf8 */;
CREATE TABLE `ec_discount_product_collections` (
  `discount_id` bigint(20) unsigned NOT NULL,
  `product_collection_id` bigint(20) unsigned NOT NULL,
  PRIMARY KEY (`discount_id`,`product_collection_id`)
) ENGINE=InnoDB DEFAULT CHARSET=utf8mb4 COLLATE=utf8mb4_unicode_ci;
/*!40101 SET character_set_client = @saved_cs_client */;

--
-- Dumping data for table `ec_discount_product_collections`
--

LOCK TABLES `ec_discount_product_collections` WRITE;
/*!40000 ALTER TABLE `ec_discount_product_collections` DISABLE KEYS */;
/*!40000 ALTER TABLE `ec_discount_product_collections` ENABLE KEYS */;
UNLOCK TABLES;

--
-- Table structure for table `ec_discount_products`
--

DROP TABLE IF EXISTS `ec_discount_products`;
/*!40101 SET @saved_cs_client     = @@character_set_client */;
/*!40101 SET character_set_client = utf8 */;
CREATE TABLE `ec_discount_products` (
  `discount_id` bigint(20) unsigned NOT NULL,
  `product_id` bigint(20) unsigned NOT NULL,
  PRIMARY KEY (`discount_id`,`product_id`)
) ENGINE=InnoDB DEFAULT CHARSET=utf8mb4 COLLATE=utf8mb4_unicode_ci;
/*!40101 SET character_set_client = @saved_cs_client */;

--
-- Dumping data for table `ec_discount_products`
--

LOCK TABLES `ec_discount_products` WRITE;
/*!40000 ALTER TABLE `ec_discount_products` DISABLE KEYS */;
/*!40000 ALTER TABLE `ec_discount_products` ENABLE KEYS */;
UNLOCK TABLES;

--
-- Table structure for table `ec_discounts`
--

DROP TABLE IF EXISTS `ec_discounts`;
/*!40101 SET @saved_cs_client     = @@character_set_client */;
/*!40101 SET character_set_client = utf8 */;
CREATE TABLE `ec_discounts` (
  `id` bigint(20) unsigned NOT NULL AUTO_INCREMENT,
  `title` varchar(120) DEFAULT NULL,
  `code` varchar(20) DEFAULT NULL,
  `start_date` datetime DEFAULT NULL,
  `end_date` datetime DEFAULT NULL,
  `quantity` int(11) DEFAULT NULL,
  `total_used` int(10) unsigned NOT NULL DEFAULT 0,
  `value` double DEFAULT NULL,
  `type` varchar(60) DEFAULT 'coupon',
  `can_use_with_promotion` tinyint(1) NOT NULL DEFAULT 0,
  `can_use_with_flash_sale` tinyint(1) NOT NULL DEFAULT 0,
  `discount_on` varchar(20) DEFAULT NULL,
  `product_quantity` int(10) unsigned DEFAULT NULL,
  `type_option` varchar(100) NOT NULL DEFAULT 'amount',
  `target` varchar(100) NOT NULL DEFAULT 'all-orders',
  `min_order_price` decimal(15,2) DEFAULT NULL,
  `apply_via_url` tinyint(1) NOT NULL DEFAULT 0,
  `display_at_checkout` tinyint(1) NOT NULL DEFAULT 0,
  `created_at` timestamp NULL DEFAULT NULL,
  `updated_at` timestamp NULL DEFAULT NULL,
  `description` varchar(400) DEFAULT NULL,
  PRIMARY KEY (`id`),
  UNIQUE KEY `ec_discounts_code_unique` (`code`)
) ENGINE=InnoDB DEFAULT CHARSET=utf8mb4 COLLATE=utf8mb4_unicode_ci;
/*!40101 SET character_set_client = @saved_cs_client */;

--
-- Dumping data for table `ec_discounts`
--

LOCK TABLES `ec_discounts` WRITE;
/*!40000 ALTER TABLE `ec_discounts` DISABLE KEYS */;
/*!40000 ALTER TABLE `ec_discounts` ENABLE KEYS */;
UNLOCK TABLES;

--
-- Table structure for table `ec_flash_sale_products`
--

DROP TABLE IF EXISTS `ec_flash_sale_products`;
/*!40101 SET @saved_cs_client     = @@character_set_client */;
/*!40101 SET character_set_client = utf8 */;
CREATE TABLE `ec_flash_sale_products` (
  `flash_sale_id` bigint(20) unsigned NOT NULL,
  `product_id` bigint(20) unsigned NOT NULL,
  `price` double unsigned DEFAULT NULL,
  `quantity` int(10) unsigned DEFAULT NULL,
  `sold` int(10) unsigned NOT NULL DEFAULT 0
) ENGINE=InnoDB DEFAULT CHARSET=utf8mb4 COLLATE=utf8mb4_unicode_ci;
/*!40101 SET character_set_client = @saved_cs_client */;

--
-- Dumping data for table `ec_flash_sale_products`
--

LOCK TABLES `ec_flash_sale_products` WRITE;
/*!40000 ALTER TABLE `ec_flash_sale_products` DISABLE KEYS */;
INSERT INTO `ec_flash_sale_products` VALUES (1,1,339.7,12,5),(1,2,236.16,19,1),(1,3,414.17,14,3),(1,4,147.384,16,5),(1,5,237.18,17,2),(1,6,190.52,14,3),(1,7,106.64,10,4),(1,8,338.9607,19,2),(1,9,311.08,8,4),(1,10,248.96,9,3),(2,1,100,10,5);
/*!40000 ALTER TABLE `ec_flash_sale_products` ENABLE KEYS */;
UNLOCK TABLES;

--
-- Table structure for table `ec_flash_sales`
--

DROP TABLE IF EXISTS `ec_flash_sales`;
/*!40101 SET @saved_cs_client     = @@character_set_client */;
/*!40101 SET character_set_client = utf8 */;
CREATE TABLE `ec_flash_sales` (
  `id` bigint(20) unsigned NOT NULL AUTO_INCREMENT,
  `name` varchar(191) NOT NULL,
  `end_date` datetime NOT NULL,
  `status` varchar(60) NOT NULL DEFAULT 'published',
  `created_at` timestamp NULL DEFAULT NULL,
  `updated_at` timestamp NULL DEFAULT NULL,
  PRIMARY KEY (`id`)
) ENGINE=InnoDB AUTO_INCREMENT=3 DEFAULT CHARSET=utf8mb4 COLLATE=utf8mb4_unicode_ci;
/*!40101 SET character_set_client = @saved_cs_client */;

--
-- Dumping data for table `ec_flash_sales`
--

LOCK TABLES `ec_flash_sales` WRITE;
/*!40000 ALTER TABLE `ec_flash_sales` DISABLE KEYS */;
INSERT INTO `ec_flash_sales` VALUES (1,'Winter Sale','2025-06-19 00:00:00','published','2025-05-20 14:07:47','2025-05-20 14:07:47'),(2,'Cosmetics Sale','2025-06-19 00:00:00','published','2025-05-20 14:07:47','2025-05-20 14:07:47');
/*!40000 ALTER TABLE `ec_flash_sales` ENABLE KEYS */;
UNLOCK TABLES;

--
-- Table structure for table `ec_flash_sales_translations`
--

DROP TABLE IF EXISTS `ec_flash_sales_translations`;
/*!40101 SET @saved_cs_client     = @@character_set_client */;
/*!40101 SET character_set_client = utf8 */;
CREATE TABLE `ec_flash_sales_translations` (
  `lang_code` varchar(191) NOT NULL,
  `ec_flash_sales_id` bigint(20) unsigned NOT NULL,
  `name` varchar(191) DEFAULT NULL,
  PRIMARY KEY (`lang_code`,`ec_flash_sales_id`)
) ENGINE=InnoDB DEFAULT CHARSET=utf8mb4 COLLATE=utf8mb4_unicode_ci;
/*!40101 SET character_set_client = @saved_cs_client */;

--
-- Dumping data for table `ec_flash_sales_translations`
--

LOCK TABLES `ec_flash_sales_translations` WRITE;
/*!40000 ALTER TABLE `ec_flash_sales_translations` DISABLE KEYS */;
/*!40000 ALTER TABLE `ec_flash_sales_translations` ENABLE KEYS */;
UNLOCK TABLES;

--
-- Table structure for table `ec_global_option_value`
--

DROP TABLE IF EXISTS `ec_global_option_value`;
/*!40101 SET @saved_cs_client     = @@character_set_client */;
/*!40101 SET character_set_client = utf8 */;
CREATE TABLE `ec_global_option_value` (
  `id` bigint(20) unsigned NOT NULL AUTO_INCREMENT,
  `option_id` bigint(20) unsigned NOT NULL COMMENT 'option id',
  `option_value` tinytext DEFAULT NULL COMMENT 'option value',
  `affect_price` double DEFAULT NULL COMMENT 'value of price of this option affect',
  `order` int(11) NOT NULL DEFAULT 9999,
  `affect_type` tinyint(4) NOT NULL DEFAULT 0 COMMENT '0. fixed 1. percent',
  `created_at` timestamp NULL DEFAULT NULL,
  `updated_at` timestamp NULL DEFAULT NULL,
  PRIMARY KEY (`id`)
) ENGINE=InnoDB AUTO_INCREMENT=13 DEFAULT CHARSET=utf8mb4 COLLATE=utf8mb4_unicode_ci;
/*!40101 SET character_set_client = @saved_cs_client */;

--
-- Dumping data for table `ec_global_option_value`
--

LOCK TABLES `ec_global_option_value` WRITE;
/*!40000 ALTER TABLE `ec_global_option_value` DISABLE KEYS */;
INSERT INTO `ec_global_option_value` VALUES (1,1,'1 Year',0,9999,0,'2025-05-20 14:07:11','2025-05-20 14:07:11'),(2,1,'2 Year',10,9999,0,'2025-05-20 14:07:11','2025-05-20 14:07:11'),(3,1,'3 Year',20,9999,0,'2025-05-20 14:07:12','2025-05-20 14:07:12'),(4,2,'4GB',0,9999,0,'2025-05-20 14:07:12','2025-05-20 14:07:12'),(5,2,'8GB',10,9999,0,'2025-05-20 14:07:12','2025-05-20 14:07:12'),(6,2,'16GB',20,9999,0,'2025-05-20 14:07:12','2025-05-20 14:07:12'),(7,3,'Core i5',0,9999,0,'2025-05-20 14:07:12','2025-05-20 14:07:12'),(8,3,'Core i7',10,9999,0,'2025-05-20 14:07:12','2025-05-20 14:07:12'),(9,3,'Core i9',20,9999,0,'2025-05-20 14:07:12','2025-05-20 14:07:12'),(10,4,'128GB',0,9999,0,'2025-05-20 14:07:12','2025-05-20 14:07:12'),(11,4,'256GB',10,9999,0,'2025-05-20 14:07:12','2025-05-20 14:07:12'),(12,4,'512GB',20,9999,0,'2025-05-20 14:07:12','2025-05-20 14:07:12');
/*!40000 ALTER TABLE `ec_global_option_value` ENABLE KEYS */;
UNLOCK TABLES;

--
-- Table structure for table `ec_global_option_value_translations`
--

DROP TABLE IF EXISTS `ec_global_option_value_translations`;
/*!40101 SET @saved_cs_client     = @@character_set_client */;
/*!40101 SET character_set_client = utf8 */;
CREATE TABLE `ec_global_option_value_translations` (
  `lang_code` varchar(191) NOT NULL,
  `ec_global_option_value_id` bigint(20) unsigned NOT NULL,
  `option_value` varchar(191) DEFAULT NULL,
  PRIMARY KEY (`lang_code`,`ec_global_option_value_id`)
) ENGINE=InnoDB DEFAULT CHARSET=utf8mb4 COLLATE=utf8mb4_unicode_ci;
/*!40101 SET character_set_client = @saved_cs_client */;

--
-- Dumping data for table `ec_global_option_value_translations`
--

LOCK TABLES `ec_global_option_value_translations` WRITE;
/*!40000 ALTER TABLE `ec_global_option_value_translations` DISABLE KEYS */;
/*!40000 ALTER TABLE `ec_global_option_value_translations` ENABLE KEYS */;
UNLOCK TABLES;

--
-- Table structure for table `ec_global_options`
--

DROP TABLE IF EXISTS `ec_global_options`;
/*!40101 SET @saved_cs_client     = @@character_set_client */;
/*!40101 SET character_set_client = utf8 */;
CREATE TABLE `ec_global_options` (
  `id` bigint(20) unsigned NOT NULL AUTO_INCREMENT,
  `name` varchar(191) NOT NULL COMMENT 'Name of options',
  `option_type` varchar(191) NOT NULL COMMENT 'option type',
  `required` tinyint(1) NOT NULL DEFAULT 0 COMMENT 'Checked if this option is required',
  `created_at` timestamp NULL DEFAULT NULL,
  `updated_at` timestamp NULL DEFAULT NULL,
  PRIMARY KEY (`id`)
) ENGINE=InnoDB AUTO_INCREMENT=5 DEFAULT CHARSET=utf8mb4 COLLATE=utf8mb4_unicode_ci;
/*!40101 SET character_set_client = @saved_cs_client */;

--
-- Dumping data for table `ec_global_options`
--

LOCK TABLES `ec_global_options` WRITE;
/*!40000 ALTER TABLE `ec_global_options` DISABLE KEYS */;
INSERT INTO `ec_global_options` VALUES (1,'Warranty','Botble\\Ecommerce\\Option\\OptionType\\RadioButton',1,'2025-05-20 14:07:11','2025-05-20 14:07:11'),(2,'RAM','Botble\\Ecommerce\\Option\\OptionType\\RadioButton',1,'2025-05-20 14:07:12','2025-05-20 14:07:12'),(3,'CPU','Botble\\Ecommerce\\Option\\OptionType\\RadioButton',1,'2025-05-20 14:07:12','2025-05-20 14:07:12'),(4,'HDD','Botble\\Ecommerce\\Option\\OptionType\\Dropdown',0,'2025-05-20 14:07:12','2025-05-20 14:07:12');
/*!40000 ALTER TABLE `ec_global_options` ENABLE KEYS */;
UNLOCK TABLES;

--
-- Table structure for table `ec_global_options_translations`
--

DROP TABLE IF EXISTS `ec_global_options_translations`;
/*!40101 SET @saved_cs_client     = @@character_set_client */;
/*!40101 SET character_set_client = utf8 */;
CREATE TABLE `ec_global_options_translations` (
  `lang_code` varchar(191) NOT NULL,
  `ec_global_options_id` bigint(20) unsigned NOT NULL,
  `name` varchar(191) DEFAULT NULL,
  PRIMARY KEY (`lang_code`,`ec_global_options_id`)
) ENGINE=InnoDB DEFAULT CHARSET=utf8mb4 COLLATE=utf8mb4_unicode_ci;
/*!40101 SET character_set_client = @saved_cs_client */;

--
-- Dumping data for table `ec_global_options_translations`
--

LOCK TABLES `ec_global_options_translations` WRITE;
/*!40000 ALTER TABLE `ec_global_options_translations` DISABLE KEYS */;
/*!40000 ALTER TABLE `ec_global_options_translations` ENABLE KEYS */;
UNLOCK TABLES;

--
-- Table structure for table `ec_grouped_products`
--

DROP TABLE IF EXISTS `ec_grouped_products`;
/*!40101 SET @saved_cs_client     = @@character_set_client */;
/*!40101 SET character_set_client = utf8 */;
CREATE TABLE `ec_grouped_products` (
  `id` bigint(20) unsigned NOT NULL AUTO_INCREMENT,
  `parent_product_id` bigint(20) unsigned NOT NULL,
  `product_id` bigint(20) unsigned NOT NULL,
  `fixed_qty` int(11) NOT NULL DEFAULT 1,
  PRIMARY KEY (`id`)
) ENGINE=InnoDB DEFAULT CHARSET=utf8mb4 COLLATE=utf8mb4_unicode_ci;
/*!40101 SET character_set_client = @saved_cs_client */;

--
-- Dumping data for table `ec_grouped_products`
--

LOCK TABLES `ec_grouped_products` WRITE;
/*!40000 ALTER TABLE `ec_grouped_products` DISABLE KEYS */;
/*!40000 ALTER TABLE `ec_grouped_products` ENABLE KEYS */;
UNLOCK TABLES;

--
-- Table structure for table `ec_invoice_items`
--

DROP TABLE IF EXISTS `ec_invoice_items`;
/*!40101 SET @saved_cs_client     = @@character_set_client */;
/*!40101 SET character_set_client = utf8 */;
CREATE TABLE `ec_invoice_items` (
  `id` bigint(20) unsigned NOT NULL AUTO_INCREMENT,
  `invoice_id` bigint(20) unsigned NOT NULL,
  `reference_type` varchar(191) NOT NULL,
  `reference_id` bigint(20) unsigned NOT NULL,
  `name` varchar(191) NOT NULL,
  `description` varchar(400) DEFAULT NULL,
  `image` varchar(191) DEFAULT NULL,
  `qty` int(10) unsigned NOT NULL,
  `price` decimal(15,2) NOT NULL DEFAULT 0.00,
  `sub_total` decimal(15,2) unsigned NOT NULL,
  `tax_amount` decimal(15,2) unsigned NOT NULL DEFAULT 0.00,
  `discount_amount` decimal(15,2) unsigned NOT NULL DEFAULT 0.00,
  `amount` decimal(15,2) unsigned NOT NULL,
  `options` text DEFAULT NULL,
  `created_at` timestamp NULL DEFAULT NULL,
  `updated_at` timestamp NULL DEFAULT NULL,
  PRIMARY KEY (`id`),
  KEY `ec_invoice_items_reference_type_reference_id_index` (`reference_type`,`reference_id`)
) ENGINE=InnoDB DEFAULT CHARSET=utf8mb4 COLLATE=utf8mb4_unicode_ci;
/*!40101 SET character_set_client = @saved_cs_client */;

--
-- Dumping data for table `ec_invoice_items`
--

LOCK TABLES `ec_invoice_items` WRITE;
/*!40000 ALTER TABLE `ec_invoice_items` DISABLE KEYS */;
/*!40000 ALTER TABLE `ec_invoice_items` ENABLE KEYS */;
UNLOCK TABLES;

--
-- Table structure for table `ec_invoices`
--

DROP TABLE IF EXISTS `ec_invoices`;
/*!40101 SET @saved_cs_client     = @@character_set_client */;
/*!40101 SET character_set_client = utf8 */;
CREATE TABLE `ec_invoices` (
  `id` bigint(20) unsigned NOT NULL AUTO_INCREMENT,
  `reference_type` varchar(191) NOT NULL,
  `reference_id` bigint(20) unsigned NOT NULL,
  `code` varchar(191) NOT NULL,
  `customer_name` varchar(191) DEFAULT NULL,
  `company_name` varchar(191) DEFAULT NULL,
  `company_logo` varchar(191) DEFAULT NULL,
  `customer_email` varchar(191) DEFAULT NULL,
  `customer_phone` varchar(191) DEFAULT NULL,
  `customer_address` varchar(191) DEFAULT NULL,
  `customer_tax_id` varchar(191) DEFAULT NULL,
  `sub_total` decimal(15,2) unsigned NOT NULL,
  `tax_amount` decimal(15,2) unsigned NOT NULL DEFAULT 0.00,
  `shipping_amount` decimal(15,2) unsigned NOT NULL DEFAULT 0.00,
  `discount_amount` decimal(15,2) unsigned NOT NULL DEFAULT 0.00,
  `shipping_option` varchar(60) DEFAULT NULL,
  `shipping_method` varchar(60) NOT NULL DEFAULT 'default',
  `coupon_code` varchar(120) DEFAULT NULL,
  `discount_description` varchar(191) DEFAULT NULL,
  `amount` decimal(15,2) unsigned NOT NULL,
  `description` text DEFAULT NULL,
  `payment_id` bigint(20) unsigned DEFAULT NULL,
  `status` varchar(191) NOT NULL DEFAULT 'pending',
  `paid_at` timestamp NULL DEFAULT NULL,
  `created_at` timestamp NULL DEFAULT NULL,
  `updated_at` timestamp NULL DEFAULT NULL,
  PRIMARY KEY (`id`),
  UNIQUE KEY `ec_invoices_code_unique` (`code`),
  KEY `ec_invoices_reference_type_reference_id_index` (`reference_type`,`reference_id`),
  KEY `ec_invoices_payment_id_index` (`payment_id`),
  KEY `ec_invoices_status_index` (`status`)
) ENGINE=InnoDB DEFAULT CHARSET=utf8mb4 COLLATE=utf8mb4_unicode_ci;
/*!40101 SET character_set_client = @saved_cs_client */;

--
-- Dumping data for table `ec_invoices`
--

LOCK TABLES `ec_invoices` WRITE;
/*!40000 ALTER TABLE `ec_invoices` DISABLE KEYS */;
/*!40000 ALTER TABLE `ec_invoices` ENABLE KEYS */;
UNLOCK TABLES;

--
-- Table structure for table `ec_option_value`
--

DROP TABLE IF EXISTS `ec_option_value`;
/*!40101 SET @saved_cs_client     = @@character_set_client */;
/*!40101 SET character_set_client = utf8 */;
CREATE TABLE `ec_option_value` (
  `id` bigint(20) unsigned NOT NULL AUTO_INCREMENT,
  `option_id` bigint(20) unsigned NOT NULL COMMENT 'option id',
  `option_value` tinytext DEFAULT NULL COMMENT 'option value',
  `affect_price` double DEFAULT NULL COMMENT 'value of price of this option affect',
  `order` int(11) NOT NULL DEFAULT 9999,
  `affect_type` tinyint(4) NOT NULL DEFAULT 0 COMMENT '0. fixed 1. percent',
  `created_at` timestamp NULL DEFAULT NULL,
  `updated_at` timestamp NULL DEFAULT NULL,
  PRIMARY KEY (`id`)
) ENGINE=InnoDB DEFAULT CHARSET=utf8mb4 COLLATE=utf8mb4_unicode_ci;
/*!40101 SET character_set_client = @saved_cs_client */;

--
-- Dumping data for table `ec_option_value`
--

LOCK TABLES `ec_option_value` WRITE;
/*!40000 ALTER TABLE `ec_option_value` DISABLE KEYS */;
/*!40000 ALTER TABLE `ec_option_value` ENABLE KEYS */;
UNLOCK TABLES;

--
-- Table structure for table `ec_option_value_translations`
--

DROP TABLE IF EXISTS `ec_option_value_translations`;
/*!40101 SET @saved_cs_client     = @@character_set_client */;
/*!40101 SET character_set_client = utf8 */;
CREATE TABLE `ec_option_value_translations` (
  `lang_code` varchar(191) NOT NULL,
  `ec_option_value_id` bigint(20) unsigned NOT NULL,
  `option_value` varchar(191) DEFAULT NULL,
  PRIMARY KEY (`lang_code`,`ec_option_value_id`)
) ENGINE=InnoDB DEFAULT CHARSET=utf8mb4 COLLATE=utf8mb4_unicode_ci;
/*!40101 SET character_set_client = @saved_cs_client */;

--
-- Dumping data for table `ec_option_value_translations`
--

LOCK TABLES `ec_option_value_translations` WRITE;
/*!40000 ALTER TABLE `ec_option_value_translations` DISABLE KEYS */;
/*!40000 ALTER TABLE `ec_option_value_translations` ENABLE KEYS */;
UNLOCK TABLES;

--
-- Table structure for table `ec_options`
--

DROP TABLE IF EXISTS `ec_options`;
/*!40101 SET @saved_cs_client     = @@character_set_client */;
/*!40101 SET character_set_client = utf8 */;
CREATE TABLE `ec_options` (
  `id` bigint(20) unsigned NOT NULL AUTO_INCREMENT,
  `name` varchar(191) NOT NULL COMMENT 'Name of options',
  `option_type` varchar(191) DEFAULT NULL COMMENT 'option type',
  `product_id` bigint(20) unsigned NOT NULL DEFAULT 0,
  `order` int(11) NOT NULL DEFAULT 9999,
  `required` tinyint(1) NOT NULL DEFAULT 0 COMMENT 'Checked if this option is required',
  `created_at` timestamp NULL DEFAULT NULL,
  `updated_at` timestamp NULL DEFAULT NULL,
  PRIMARY KEY (`id`)
) ENGINE=InnoDB DEFAULT CHARSET=utf8mb4 COLLATE=utf8mb4_unicode_ci;
/*!40101 SET character_set_client = @saved_cs_client */;

--
-- Dumping data for table `ec_options`
--

LOCK TABLES `ec_options` WRITE;
/*!40000 ALTER TABLE `ec_options` DISABLE KEYS */;
/*!40000 ALTER TABLE `ec_options` ENABLE KEYS */;
UNLOCK TABLES;

--
-- Table structure for table `ec_options_translations`
--

DROP TABLE IF EXISTS `ec_options_translations`;
/*!40101 SET @saved_cs_client     = @@character_set_client */;
/*!40101 SET character_set_client = utf8 */;
CREATE TABLE `ec_options_translations` (
  `lang_code` varchar(191) NOT NULL,
  `ec_options_id` bigint(20) unsigned NOT NULL,
  `name` varchar(191) DEFAULT NULL,
  PRIMARY KEY (`lang_code`,`ec_options_id`)
) ENGINE=InnoDB DEFAULT CHARSET=utf8mb4 COLLATE=utf8mb4_unicode_ci;
/*!40101 SET character_set_client = @saved_cs_client */;

--
-- Dumping data for table `ec_options_translations`
--

LOCK TABLES `ec_options_translations` WRITE;
/*!40000 ALTER TABLE `ec_options_translations` DISABLE KEYS */;
/*!40000 ALTER TABLE `ec_options_translations` ENABLE KEYS */;
UNLOCK TABLES;

--
-- Table structure for table `ec_order_addresses`
--

DROP TABLE IF EXISTS `ec_order_addresses`;
/*!40101 SET @saved_cs_client     = @@character_set_client */;
/*!40101 SET character_set_client = utf8 */;
CREATE TABLE `ec_order_addresses` (
  `id` bigint(20) unsigned NOT NULL AUTO_INCREMENT,
  `name` varchar(191) NOT NULL,
  `phone` varchar(20) DEFAULT NULL,
  `email` varchar(191) DEFAULT NULL,
  `country` varchar(120) DEFAULT NULL,
  `state` varchar(120) DEFAULT NULL,
  `city` varchar(120) DEFAULT NULL,
  `address` varchar(191) DEFAULT NULL,
  `order_id` bigint(20) unsigned NOT NULL,
  `zip_code` varchar(20) DEFAULT NULL,
  `type` varchar(60) NOT NULL DEFAULT 'shipping_address',
  PRIMARY KEY (`id`)
) ENGINE=InnoDB DEFAULT CHARSET=utf8mb4 COLLATE=utf8mb4_unicode_ci;
/*!40101 SET character_set_client = @saved_cs_client */;

--
-- Dumping data for table `ec_order_addresses`
--

LOCK TABLES `ec_order_addresses` WRITE;
/*!40000 ALTER TABLE `ec_order_addresses` DISABLE KEYS */;
/*!40000 ALTER TABLE `ec_order_addresses` ENABLE KEYS */;
UNLOCK TABLES;

--
-- Table structure for table `ec_order_histories`
--

DROP TABLE IF EXISTS `ec_order_histories`;
/*!40101 SET @saved_cs_client     = @@character_set_client */;
/*!40101 SET character_set_client = utf8 */;
CREATE TABLE `ec_order_histories` (
  `id` bigint(20) unsigned NOT NULL AUTO_INCREMENT,
  `action` varchar(120) NOT NULL,
  `description` varchar(400) DEFAULT NULL,
  `user_id` bigint(20) unsigned DEFAULT NULL,
  `order_id` bigint(20) unsigned NOT NULL,
  `extras` text DEFAULT NULL,
  `created_at` timestamp NULL DEFAULT NULL,
  `updated_at` timestamp NULL DEFAULT NULL,
  PRIMARY KEY (`id`)
) ENGINE=InnoDB DEFAULT CHARSET=utf8mb4 COLLATE=utf8mb4_unicode_ci;
/*!40101 SET character_set_client = @saved_cs_client */;

--
-- Dumping data for table `ec_order_histories`
--

LOCK TABLES `ec_order_histories` WRITE;
/*!40000 ALTER TABLE `ec_order_histories` DISABLE KEYS */;
/*!40000 ALTER TABLE `ec_order_histories` ENABLE KEYS */;
UNLOCK TABLES;

--
-- Table structure for table `ec_order_product`
--

DROP TABLE IF EXISTS `ec_order_product`;
/*!40101 SET @saved_cs_client     = @@character_set_client */;
/*!40101 SET character_set_client = utf8 */;
CREATE TABLE `ec_order_product` (
  `id` bigint(20) unsigned NOT NULL AUTO_INCREMENT,
  `order_id` bigint(20) unsigned NOT NULL,
  `qty` int(11) NOT NULL,
  `price` decimal(15,2) NOT NULL,
  `tax_amount` decimal(15,2) NOT NULL,
  `options` text DEFAULT NULL,
  `product_options` text DEFAULT NULL COMMENT 'product option data',
  `product_id` bigint(20) unsigned DEFAULT NULL,
  `product_name` varchar(191) NOT NULL,
  `product_image` varchar(191) DEFAULT NULL,
  `weight` double DEFAULT 0,
  `restock_quantity` int(10) unsigned DEFAULT 0,
  `created_at` timestamp NULL DEFAULT NULL,
  `updated_at` timestamp NULL DEFAULT NULL,
  `product_type` varchar(60) NOT NULL DEFAULT 'physical',
  `times_downloaded` int(11) NOT NULL DEFAULT 0,
  `license_code` char(36) DEFAULT NULL,
  `downloaded_at` timestamp NULL DEFAULT NULL,
  PRIMARY KEY (`id`)
) ENGINE=InnoDB AUTO_INCREMENT=2 DEFAULT CHARSET=utf8mb4 COLLATE=utf8mb4_unicode_ci;
/*!40101 SET character_set_client = @saved_cs_client */;

--
-- Dumping data for table `ec_order_product`
--

LOCK TABLES `ec_order_product` WRITE;
/*!40000 ALTER TABLE `ec_order_product` DISABLE KEYS */;
INSERT INTO `ec_order_product` VALUES (1,1,1,20.00,0.00,'{\"image\":\"fejka-plante-artificielle-interieur-exterieur-areca-1034054-pe840165-s5.avif\",\"attributes\":\"\",\"taxRate\":0,\"taxClasses\":[],\"options\":[],\"extras\":[],\"sku\":\"NN-2443-NDUMQ\",\"weight\":0}','[]',304,'Aréca','fejka-plante-artificielle-interieur-exterieur-areca-1034054-pe840165-s5.avif',0.01,0,'2025-06-02 09:56:05','2025-06-02 09:56:05','physical',0,NULL,NULL);
/*!40000 ALTER TABLE `ec_order_product` ENABLE KEYS */;
UNLOCK TABLES;

--
-- Table structure for table `ec_order_referrals`
--

DROP TABLE IF EXISTS `ec_order_referrals`;
/*!40101 SET @saved_cs_client     = @@character_set_client */;
/*!40101 SET character_set_client = utf8 */;
CREATE TABLE `ec_order_referrals` (
  `id` bigint(20) unsigned NOT NULL AUTO_INCREMENT,
  `ip` varchar(39) DEFAULT NULL,
  `landing_domain` varchar(191) DEFAULT NULL,
  `landing_page` varchar(191) DEFAULT NULL,
  `landing_params` varchar(191) DEFAULT NULL,
  `referral` varchar(191) DEFAULT NULL,
  `gclid` varchar(191) DEFAULT NULL,
  `fclid` varchar(191) DEFAULT NULL,
  `utm_source` varchar(191) DEFAULT NULL,
  `utm_campaign` varchar(191) DEFAULT NULL,
  `utm_medium` varchar(191) DEFAULT NULL,
  `utm_term` varchar(191) DEFAULT NULL,
  `utm_content` varchar(191) DEFAULT NULL,
  `referrer_url` text DEFAULT NULL,
  `referrer_domain` varchar(191) DEFAULT NULL,
  `order_id` bigint(20) unsigned DEFAULT NULL,
  `created_at` timestamp NULL DEFAULT NULL,
  `updated_at` timestamp NULL DEFAULT NULL,
  PRIMARY KEY (`id`),
  KEY `ec_order_referrals_order_id_index` (`order_id`)
) ENGINE=InnoDB AUTO_INCREMENT=2 DEFAULT CHARSET=utf8mb4 COLLATE=utf8mb4_unicode_ci;
/*!40101 SET character_set_client = @saved_cs_client */;

--
-- Dumping data for table `ec_order_referrals`
--

LOCK TABLES `ec_order_referrals` WRITE;
/*!40000 ALTER TABLE `ec_order_referrals` DISABLE KEYS */;
INSERT INTO `ec_order_referrals` VALUES (1,'127.0.0.1','127.0.0.1','/',NULL,NULL,NULL,NULL,NULL,NULL,NULL,NULL,NULL,NULL,NULL,1,'2025-06-02 09:56:05','2025-06-02 09:56:05');
/*!40000 ALTER TABLE `ec_order_referrals` ENABLE KEYS */;
UNLOCK TABLES;

--
-- Table structure for table `ec_order_return_histories`
--

DROP TABLE IF EXISTS `ec_order_return_histories`;
/*!40101 SET @saved_cs_client     = @@character_set_client */;
/*!40101 SET character_set_client = utf8 */;
CREATE TABLE `ec_order_return_histories` (
  `id` bigint(20) unsigned NOT NULL AUTO_INCREMENT,
  `user_id` bigint(20) unsigned DEFAULT NULL,
  `order_return_id` bigint(20) unsigned NOT NULL,
  `action` varchar(191) NOT NULL,
  `description` varchar(400) DEFAULT NULL,
  `reason` varchar(191) DEFAULT NULL,
  `created_at` timestamp NULL DEFAULT NULL,
  `updated_at` timestamp NULL DEFAULT NULL,
  PRIMARY KEY (`id`)
) ENGINE=InnoDB DEFAULT CHARSET=utf8mb4 COLLATE=utf8mb4_unicode_ci;
/*!40101 SET character_set_client = @saved_cs_client */;

--
-- Dumping data for table `ec_order_return_histories`
--

LOCK TABLES `ec_order_return_histories` WRITE;
/*!40000 ALTER TABLE `ec_order_return_histories` DISABLE KEYS */;
/*!40000 ALTER TABLE `ec_order_return_histories` ENABLE KEYS */;
UNLOCK TABLES;

--
-- Table structure for table `ec_order_return_items`
--

DROP TABLE IF EXISTS `ec_order_return_items`;
/*!40101 SET @saved_cs_client     = @@character_set_client */;
/*!40101 SET character_set_client = utf8 */;
CREATE TABLE `ec_order_return_items` (
  `id` bigint(20) unsigned NOT NULL AUTO_INCREMENT,
  `order_return_id` bigint(20) unsigned NOT NULL COMMENT 'Order return id',
  `order_product_id` bigint(20) unsigned NOT NULL COMMENT 'Order product id',
  `product_id` bigint(20) unsigned NOT NULL COMMENT 'Product id',
  `product_name` varchar(191) NOT NULL,
  `product_image` varchar(191) DEFAULT NULL,
  `qty` int(11) NOT NULL COMMENT 'Quantity return',
  `price` decimal(15,2) NOT NULL COMMENT 'Price Product',
  `reason` text DEFAULT NULL,
  `created_at` timestamp NULL DEFAULT NULL,
  `updated_at` timestamp NULL DEFAULT NULL,
  `refund_amount` decimal(12,2) DEFAULT 0.00,
  PRIMARY KEY (`id`)
) ENGINE=InnoDB DEFAULT CHARSET=utf8mb4 COLLATE=utf8mb4_unicode_ci;
/*!40101 SET character_set_client = @saved_cs_client */;

--
-- Dumping data for table `ec_order_return_items`
--

LOCK TABLES `ec_order_return_items` WRITE;
/*!40000 ALTER TABLE `ec_order_return_items` DISABLE KEYS */;
/*!40000 ALTER TABLE `ec_order_return_items` ENABLE KEYS */;
UNLOCK TABLES;

--
-- Table structure for table `ec_order_returns`
--

DROP TABLE IF EXISTS `ec_order_returns`;
/*!40101 SET @saved_cs_client     = @@character_set_client */;
/*!40101 SET character_set_client = utf8 */;
CREATE TABLE `ec_order_returns` (
  `id` bigint(20) unsigned NOT NULL AUTO_INCREMENT,
  `code` varchar(191) DEFAULT NULL,
  `order_id` bigint(20) unsigned NOT NULL COMMENT 'Order ID',
  `store_id` bigint(20) unsigned DEFAULT NULL COMMENT 'Store ID',
  `user_id` bigint(20) unsigned NOT NULL COMMENT 'Customer ID',
  `reason` text DEFAULT NULL COMMENT 'Reason return order',
  `order_status` varchar(191) DEFAULT NULL COMMENT 'Order current status',
  `return_status` varchar(191) NOT NULL COMMENT 'Return status',
  `created_at` timestamp NULL DEFAULT NULL,
  `updated_at` timestamp NULL DEFAULT NULL,
  PRIMARY KEY (`id`),
  UNIQUE KEY `ec_order_returns_code_unique` (`code`)
) ENGINE=InnoDB DEFAULT CHARSET=utf8mb4 COLLATE=utf8mb4_unicode_ci;
/*!40101 SET character_set_client = @saved_cs_client */;

--
-- Dumping data for table `ec_order_returns`
--

LOCK TABLES `ec_order_returns` WRITE;
/*!40000 ALTER TABLE `ec_order_returns` DISABLE KEYS */;
/*!40000 ALTER TABLE `ec_order_returns` ENABLE KEYS */;
UNLOCK TABLES;

--
-- Table structure for table `ec_order_tax_information`
--

DROP TABLE IF EXISTS `ec_order_tax_information`;
/*!40101 SET @saved_cs_client     = @@character_set_client */;
/*!40101 SET character_set_client = utf8 */;
CREATE TABLE `ec_order_tax_information` (
  `id` bigint(20) unsigned NOT NULL AUTO_INCREMENT,
  `order_id` bigint(20) unsigned NOT NULL,
  `company_name` varchar(120) NOT NULL,
  `company_address` varchar(191) NOT NULL,
  `company_tax_code` varchar(20) NOT NULL,
  `company_email` varchar(60) NOT NULL,
  `created_at` timestamp NULL DEFAULT NULL,
  `updated_at` timestamp NULL DEFAULT NULL,
  PRIMARY KEY (`id`),
  KEY `ec_order_tax_information_order_id_index` (`order_id`)
) ENGINE=InnoDB DEFAULT CHARSET=utf8mb4 COLLATE=utf8mb4_unicode_ci;
/*!40101 SET character_set_client = @saved_cs_client */;

--
-- Dumping data for table `ec_order_tax_information`
--

LOCK TABLES `ec_order_tax_information` WRITE;
/*!40000 ALTER TABLE `ec_order_tax_information` DISABLE KEYS */;
/*!40000 ALTER TABLE `ec_order_tax_information` ENABLE KEYS */;
UNLOCK TABLES;

--
-- Table structure for table `ec_orders`
--

DROP TABLE IF EXISTS `ec_orders`;
/*!40101 SET @saved_cs_client     = @@character_set_client */;
/*!40101 SET character_set_client = utf8 */;
CREATE TABLE `ec_orders` (
  `id` bigint(20) unsigned NOT NULL AUTO_INCREMENT,
  `code` varchar(191) DEFAULT NULL,
  `user_id` bigint(20) unsigned NOT NULL,
  `shipping_option` varchar(60) DEFAULT NULL,
  `shipping_method` varchar(60) NOT NULL DEFAULT 'default',
  `status` varchar(120) NOT NULL DEFAULT 'pending',
  `amount` decimal(15,2) NOT NULL,
  `tax_amount` decimal(15,2) DEFAULT NULL,
  `shipping_amount` decimal(15,2) DEFAULT NULL,
  `description` text DEFAULT NULL,
  `coupon_code` varchar(120) DEFAULT NULL,
  `discount_amount` decimal(15,2) DEFAULT NULL,
  `sub_total` decimal(15,2) NOT NULL,
  `is_confirmed` tinyint(1) NOT NULL DEFAULT 0,
  `discount_description` varchar(191) DEFAULT NULL,
  `is_finished` tinyint(1) DEFAULT 0,
  `cancellation_reason` varchar(191) DEFAULT NULL,
  `cancellation_reason_description` varchar(191) DEFAULT NULL,
  `completed_at` timestamp NULL DEFAULT NULL,
  `token` varchar(120) DEFAULT NULL,
  `payment_id` bigint(20) unsigned DEFAULT NULL,
  `created_at` timestamp NULL DEFAULT NULL,
  `updated_at` timestamp NULL DEFAULT NULL,
  `proof_file` varchar(191) DEFAULT NULL,
  PRIMARY KEY (`id`),
  UNIQUE KEY `ec_orders_code_unique` (`code`),
  KEY `ec_orders_user_id_status_created_at_index` (`user_id`,`status`,`created_at`)
) ENGINE=InnoDB AUTO_INCREMENT=2 DEFAULT CHARSET=utf8mb4 COLLATE=utf8mb4_unicode_ci;
/*!40101 SET character_set_client = @saved_cs_client */;

--
-- Dumping data for table `ec_orders`
--

LOCK TABLES `ec_orders` WRITE;
/*!40000 ALTER TABLE `ec_orders` DISABLE KEYS */;
INSERT INTO `ec_orders` VALUES (1,'#10000001',0,NULL,'default','pending',20.00,0.00,0.00,NULL,NULL,0.00,20.00,0,NULL,0,NULL,NULL,NULL,'8eb8ca6a1ff72e1b37072be560fbb5a5',NULL,'2025-06-02 09:56:04','2025-06-02 09:56:04',NULL);
/*!40000 ALTER TABLE `ec_orders` ENABLE KEYS */;
UNLOCK TABLES;

--
-- Table structure for table `ec_product_attribute_sets`
--

DROP TABLE IF EXISTS `ec_product_attribute_sets`;
/*!40101 SET @saved_cs_client     = @@character_set_client */;
/*!40101 SET character_set_client = utf8 */;
CREATE TABLE `ec_product_attribute_sets` (
  `id` bigint(20) unsigned NOT NULL AUTO_INCREMENT,
  `title` varchar(120) NOT NULL,
  `slug` varchar(120) DEFAULT NULL,
  `display_layout` varchar(191) NOT NULL DEFAULT 'swatch_dropdown',
  `is_searchable` tinyint(3) unsigned NOT NULL DEFAULT 1,
  `is_comparable` tinyint(3) unsigned NOT NULL DEFAULT 1,
  `is_use_in_product_listing` tinyint(3) unsigned NOT NULL DEFAULT 0,
  `status` varchar(60) NOT NULL DEFAULT 'published',
  `order` tinyint(3) unsigned NOT NULL DEFAULT 0,
  `created_at` timestamp NULL DEFAULT NULL,
  `updated_at` timestamp NULL DEFAULT NULL,
  `use_image_from_product_variation` tinyint(3) unsigned NOT NULL DEFAULT 0,
  PRIMARY KEY (`id`)
) ENGINE=InnoDB AUTO_INCREMENT=3 DEFAULT CHARSET=utf8mb4 COLLATE=utf8mb4_unicode_ci;
/*!40101 SET character_set_client = @saved_cs_client */;

--
-- Dumping data for table `ec_product_attribute_sets`
--

LOCK TABLES `ec_product_attribute_sets` WRITE;
/*!40000 ALTER TABLE `ec_product_attribute_sets` DISABLE KEYS */;
INSERT INTO `ec_product_attribute_sets` VALUES (1,'Color','color','visual',1,1,1,'published',0,'2025-05-20 14:07:11','2025-05-20 14:07:11',1),(2,'Size','size','text',1,1,1,'published',1,'2025-05-20 14:07:11','2025-05-20 14:07:11',0);
/*!40000 ALTER TABLE `ec_product_attribute_sets` ENABLE KEYS */;
UNLOCK TABLES;

--
-- Table structure for table `ec_product_attribute_sets_translations`
--

DROP TABLE IF EXISTS `ec_product_attribute_sets_translations`;
/*!40101 SET @saved_cs_client     = @@character_set_client */;
/*!40101 SET character_set_client = utf8 */;
CREATE TABLE `ec_product_attribute_sets_translations` (
  `lang_code` varchar(191) NOT NULL,
  `ec_product_attribute_sets_id` bigint(20) unsigned NOT NULL,
  `title` varchar(191) DEFAULT NULL,
  PRIMARY KEY (`lang_code`,`ec_product_attribute_sets_id`)
) ENGINE=InnoDB DEFAULT CHARSET=utf8mb4 COLLATE=utf8mb4_unicode_ci;
/*!40101 SET character_set_client = @saved_cs_client */;

--
-- Dumping data for table `ec_product_attribute_sets_translations`
--

LOCK TABLES `ec_product_attribute_sets_translations` WRITE;
/*!40000 ALTER TABLE `ec_product_attribute_sets_translations` DISABLE KEYS */;
/*!40000 ALTER TABLE `ec_product_attribute_sets_translations` ENABLE KEYS */;
UNLOCK TABLES;

--
-- Table structure for table `ec_product_attributes`
--

DROP TABLE IF EXISTS `ec_product_attributes`;
/*!40101 SET @saved_cs_client     = @@character_set_client */;
/*!40101 SET character_set_client = utf8 */;
CREATE TABLE `ec_product_attributes` (
  `id` bigint(20) unsigned NOT NULL AUTO_INCREMENT,
  `attribute_set_id` bigint(20) unsigned NOT NULL,
  `title` varchar(120) NOT NULL,
  `slug` varchar(120) DEFAULT NULL,
  `color` varchar(50) DEFAULT NULL,
  `image` varchar(191) DEFAULT NULL,
  `is_default` tinyint(3) unsigned NOT NULL DEFAULT 0,
  `order` tinyint(3) unsigned NOT NULL DEFAULT 0,
  `created_at` timestamp NULL DEFAULT NULL,
  `updated_at` timestamp NULL DEFAULT NULL,
  PRIMARY KEY (`id`),
  KEY `attribute_set_status_index` (`attribute_set_id`)
) ENGINE=InnoDB AUTO_INCREMENT=11 DEFAULT CHARSET=utf8mb4 COLLATE=utf8mb4_unicode_ci;
/*!40101 SET character_set_client = @saved_cs_client */;

--
-- Dumping data for table `ec_product_attributes`
--

LOCK TABLES `ec_product_attributes` WRITE;
/*!40000 ALTER TABLE `ec_product_attributes` DISABLE KEYS */;
INSERT INTO `ec_product_attributes` VALUES (1,1,'Green','green','#5FB7D4',NULL,1,1,'2025-05-20 14:07:11','2025-05-20 14:07:11'),(2,1,'Blue','blue','#333333',NULL,0,2,'2025-05-20 14:07:11','2025-05-20 14:07:11'),(3,1,'Red','red','#DA323F',NULL,0,3,'2025-05-20 14:07:11','2025-05-20 14:07:11'),(4,1,'Black','black','#2F366C',NULL,0,4,'2025-05-20 14:07:11','2025-05-20 14:07:11'),(5,1,'Brown','brown','#87554B',NULL,0,5,'2025-05-20 14:07:11','2025-05-20 14:07:11'),(6,2,'S','s',NULL,NULL,1,1,'2025-05-20 14:07:11','2025-05-20 14:07:11'),(7,2,'M','m',NULL,NULL,0,2,'2025-05-20 14:07:11','2025-05-20 14:07:11'),(8,2,'L','l',NULL,NULL,0,3,'2025-05-20 14:07:11','2025-05-20 14:07:11'),(9,2,'XL','xl',NULL,NULL,0,4,'2025-05-20 14:07:11','2025-05-20 14:07:11'),(10,2,'XXL','xxl',NULL,NULL,0,5,'2025-05-20 14:07:11','2025-05-20 14:07:11');
/*!40000 ALTER TABLE `ec_product_attributes` ENABLE KEYS */;
UNLOCK TABLES;

--
-- Table structure for table `ec_product_attributes_translations`
--

DROP TABLE IF EXISTS `ec_product_attributes_translations`;
/*!40101 SET @saved_cs_client     = @@character_set_client */;
/*!40101 SET character_set_client = utf8 */;
CREATE TABLE `ec_product_attributes_translations` (
  `lang_code` varchar(191) NOT NULL,
  `ec_product_attributes_id` bigint(20) unsigned NOT NULL,
  `title` varchar(191) DEFAULT NULL,
  PRIMARY KEY (`lang_code`,`ec_product_attributes_id`)
) ENGINE=InnoDB DEFAULT CHARSET=utf8mb4 COLLATE=utf8mb4_unicode_ci;
/*!40101 SET character_set_client = @saved_cs_client */;

--
-- Dumping data for table `ec_product_attributes_translations`
--

LOCK TABLES `ec_product_attributes_translations` WRITE;
/*!40000 ALTER TABLE `ec_product_attributes_translations` DISABLE KEYS */;
/*!40000 ALTER TABLE `ec_product_attributes_translations` ENABLE KEYS */;
UNLOCK TABLES;

--
-- Table structure for table `ec_product_categories`
--

DROP TABLE IF EXISTS `ec_product_categories`;
/*!40101 SET @saved_cs_client     = @@character_set_client */;
/*!40101 SET character_set_client = utf8 */;
CREATE TABLE `ec_product_categories` (
  `id` bigint(20) unsigned NOT NULL AUTO_INCREMENT,
  `name` varchar(191) NOT NULL,
  `parent_id` bigint(20) unsigned NOT NULL DEFAULT 0,
  `description` mediumtext DEFAULT NULL,
  `status` varchar(60) NOT NULL DEFAULT 'published',
  `order` int(10) unsigned NOT NULL DEFAULT 0,
  `image` varchar(191) DEFAULT NULL,
  `is_featured` tinyint(3) unsigned NOT NULL DEFAULT 0,
  `created_at` timestamp NULL DEFAULT NULL,
  `updated_at` timestamp NULL DEFAULT NULL,
  `icon` varchar(191) DEFAULT NULL,
  `icon_image` varchar(191) DEFAULT NULL,
  PRIMARY KEY (`id`),
  KEY `ec_product_categories_parent_id_status_created_at_index` (`parent_id`,`status`,`created_at`),
  KEY `ec_product_categories_parent_id_status_index` (`parent_id`,`status`)
) ENGINE=InnoDB AUTO_INCREMENT=33 DEFAULT CHARSET=utf8mb4 COLLATE=utf8mb4_unicode_ci;
/*!40101 SET character_set_client = @saved_cs_client */;

--
-- Dumping data for table `ec_product_categories`
--

LOCK TABLES `ec_product_categories` WRITE;
/*!40000 ALTER TABLE `ec_product_categories` DISABLE KEYS */;
INSERT INTO `ec_product_categories` VALUES (10,'Gift Sets',0,NULL,'published',4,'features/feature-icon-01.png',1,'2025-05-20 14:07:11','2025-05-27 13:45:51',NULL,NULL),(13,'Cosmetics',0,NULL,'published',5,'features/feature-icon-04.png',1,'2025-05-20 14:07:11','2025-05-27 13:45:51',NULL,NULL),(14,'Silk Accessories',0,NULL,'published',6,'features/feature-icon-05.png',1,'2025-05-20 14:07:11','2025-05-27 13:45:51',NULL,NULL),(18,'Décoration murale',0,'<figure class=\"table\"><table><tbody><tr><td data-start=\"702\" data-end=\"734\" data-col-size=\"sm\">&nbsp;</td></tr></tbody></table></figure><figure class=\"table\"><table><tbody><tr><td data-col-size=\"md\" data-start=\"734\" data-end=\"799\">“Objets pour décorer les murs : tableaux, miroirs, horloges…”</td></tr></tbody></table></figure>','published',0,'13309a1b466102e84072852691f9123e.jpg',0,'2025-05-21 13:23:24','2025-05-27 13:45:51',NULL,NULL),(19,'Tableaux',18,NULL,'published',2,NULL,0,'2025-05-21 13:26:20','2025-05-27 13:45:51',NULL,NULL),(20,'Miroirs',18,NULL,'published',1,NULL,0,'2025-05-21 13:26:57','2025-05-27 13:45:51',NULL,NULL),(21,'Horloges',18,NULL,'published',0,NULL,0,'2025-05-21 13:27:25','2025-05-27 13:45:51',NULL,NULL),(22,'Meubles',0,NULL,'published',1,'home-8495378-1280.png',1,'2025-05-21 13:27:56','2025-05-27 15:00:11',NULL,NULL),(23,'Canapés',22,NULL,'published',1,NULL,0,'2025-05-21 13:28:22','2025-05-27 13:45:51',NULL,NULL),(24,'Tables',22,NULL,'published',0,NULL,0,'2025-05-21 13:28:47','2025-05-27 13:45:51',NULL,NULL),(25,'Plantes & Fleurs',0,NULL,'published',2,'fejka-plante-artificielle-interieur-exterieur-areca-1034055-pe840166-s5.avif',1,'2025-05-21 13:29:35','2025-05-27 15:01:21',NULL,NULL),(26,'Vases',25,NULL,'published',1,NULL,0,'2025-05-21 13:30:00','2025-05-27 13:45:51',NULL,NULL),(27,'Plantes artificielles',25,NULL,'published',0,NULL,0,'2025-05-21 13:30:26','2025-05-27 13:45:51',NULL,NULL),(28,'Textiles d\'intérieur',0,NULL,'published',3,NULL,0,'2025-05-21 13:31:09','2025-05-27 13:45:51',NULL,NULL),(29,'Rideaux',28,NULL,'published',2,NULL,0,'2025-05-21 13:31:34','2025-05-27 13:45:51',NULL,NULL),(30,'Coussins',28,NULL,'published',1,NULL,0,'2025-05-21 13:31:52','2025-05-27 13:45:51',NULL,NULL),(31,'Tapis',28,NULL,'published',0,NULL,0,'2025-05-21 13:32:11','2025-05-27 13:45:51',NULL,NULL),(32,'Accessoires décoratifs',0,NULL,'published',7,NULL,0,'2025-05-21 13:32:32','2025-05-27 13:45:51',NULL,NULL);
/*!40000 ALTER TABLE `ec_product_categories` ENABLE KEYS */;
UNLOCK TABLES;

--
-- Table structure for table `ec_product_categories_translations`
--

DROP TABLE IF EXISTS `ec_product_categories_translations`;
/*!40101 SET @saved_cs_client     = @@character_set_client */;
/*!40101 SET character_set_client = utf8 */;
CREATE TABLE `ec_product_categories_translations` (
  `lang_code` varchar(191) NOT NULL,
  `ec_product_categories_id` bigint(20) unsigned NOT NULL,
  `name` varchar(191) DEFAULT NULL,
  `description` mediumtext DEFAULT NULL,
  PRIMARY KEY (`lang_code`,`ec_product_categories_id`)
) ENGINE=InnoDB DEFAULT CHARSET=utf8mb4 COLLATE=utf8mb4_unicode_ci;
/*!40101 SET character_set_client = @saved_cs_client */;

--
-- Dumping data for table `ec_product_categories_translations`
--

LOCK TABLES `ec_product_categories_translations` WRITE;
/*!40000 ALTER TABLE `ec_product_categories_translations` DISABLE KEYS */;
/*!40000 ALTER TABLE `ec_product_categories_translations` ENABLE KEYS */;
UNLOCK TABLES;

--
-- Table structure for table `ec_product_categorizables`
--

DROP TABLE IF EXISTS `ec_product_categorizables`;
/*!40101 SET @saved_cs_client     = @@character_set_client */;
/*!40101 SET character_set_client = utf8 */;
CREATE TABLE `ec_product_categorizables` (
  `category_id` bigint(20) unsigned NOT NULL,
  `reference_id` bigint(20) unsigned NOT NULL,
  `reference_type` varchar(120) NOT NULL,
  PRIMARY KEY (`category_id`,`reference_id`,`reference_type`),
  KEY `ec_product_categorizables_category_id_index` (`category_id`),
  KEY `ec_product_categorizables_reference_id_index` (`reference_id`),
  KEY `ec_product_categorizables_reference_type_index` (`reference_type`)
) ENGINE=InnoDB DEFAULT CHARSET=utf8mb4 COLLATE=utf8mb4_unicode_ci;
/*!40101 SET character_set_client = @saved_cs_client */;

--
-- Dumping data for table `ec_product_categorizables`
--

LOCK TABLES `ec_product_categorizables` WRITE;
/*!40000 ALTER TABLE `ec_product_categorizables` DISABLE KEYS */;
/*!40000 ALTER TABLE `ec_product_categorizables` ENABLE KEYS */;
UNLOCK TABLES;

--
-- Table structure for table `ec_product_category_product`
--

DROP TABLE IF EXISTS `ec_product_category_product`;
/*!40101 SET @saved_cs_client     = @@character_set_client */;
/*!40101 SET character_set_client = utf8 */;
CREATE TABLE `ec_product_category_product` (
  `category_id` bigint(20) unsigned NOT NULL,
  `product_id` bigint(20) unsigned NOT NULL,
  PRIMARY KEY (`product_id`,`category_id`),
  KEY `ec_product_category_product_category_id_index` (`category_id`),
  KEY `ec_product_category_product_product_id_index` (`product_id`)
) ENGINE=InnoDB DEFAULT CHARSET=utf8mb4 COLLATE=utf8mb4_unicode_ci;
/*!40101 SET character_set_client = @saved_cs_client */;

--
-- Dumping data for table `ec_product_category_product`
--

LOCK TABLES `ec_product_category_product` WRITE;
/*!40000 ALTER TABLE `ec_product_category_product` DISABLE KEYS */;
INSERT INTO `ec_product_category_product` VALUES (10,1),(10,4),(13,7),(14,11),(13,17),(10,22),(14,23),(13,24),(13,26),(14,31),(13,35),(14,43),(10,52),(14,53),(10,57),(14,66),(14,71),(14,75),(19,266),(20,267),(23,294),(29,295),(21,296),(24,297),(27,298),(30,299),(27,300),(27,301),(27,302),(27,303),(27,304),(27,305);
/*!40000 ALTER TABLE `ec_product_category_product` ENABLE KEYS */;
UNLOCK TABLES;

--
-- Table structure for table `ec_product_collection_products`
--

DROP TABLE IF EXISTS `ec_product_collection_products`;
/*!40101 SET @saved_cs_client     = @@character_set_client */;
/*!40101 SET character_set_client = utf8 */;
CREATE TABLE `ec_product_collection_products` (
  `product_collection_id` bigint(20) unsigned NOT NULL,
  `product_id` bigint(20) unsigned NOT NULL,
  PRIMARY KEY (`product_id`,`product_collection_id`),
  KEY `ec_product_collection_products_product_collection_id_index` (`product_collection_id`),
  KEY `ec_product_collection_products_product_id_index` (`product_id`)
) ENGINE=InnoDB DEFAULT CHARSET=utf8mb4 COLLATE=utf8mb4_unicode_ci;
/*!40101 SET character_set_client = @saved_cs_client */;

--
-- Dumping data for table `ec_product_collection_products`
--

LOCK TABLES `ec_product_collection_products` WRITE;
/*!40000 ALTER TABLE `ec_product_collection_products` DISABLE KEYS */;
INSERT INTO `ec_product_collection_products` VALUES (2,1),(1,2),(2,3),(3,4),(2,5),(1,6),(2,7),(3,8),(3,9),(1,10),(3,11),(1,12),(1,13),(1,14),(3,15),(3,16),(3,17),(2,18),(2,19),(3,20),(2,21),(1,22),(1,23),(2,24),(3,25),(1,26),(3,27),(3,28),(2,29),(3,30),(2,31),(2,32),(1,33),(2,34),(1,35),(1,36),(1,38),(2,39),(1,40),(1,41),(3,42),(1,43),(1,44),(3,45),(3,47),(3,49),(1,51),(1,52),(2,53),(3,54),(1,55),(2,56),(2,57),(1,58),(3,59),(1,60),(3,61),(2,62),(1,63),(3,64),(1,65),(2,66),(2,67),(3,68),(1,69),(2,70),(1,71),(1,72),(2,73),(2,74),(3,75),(1,300),(2,302),(3,303);
/*!40000 ALTER TABLE `ec_product_collection_products` ENABLE KEYS */;
UNLOCK TABLES;

--
-- Table structure for table `ec_product_collections`
--

DROP TABLE IF EXISTS `ec_product_collections`;
/*!40101 SET @saved_cs_client     = @@character_set_client */;
/*!40101 SET character_set_client = utf8 */;
CREATE TABLE `ec_product_collections` (
  `id` bigint(20) unsigned NOT NULL AUTO_INCREMENT,
  `name` varchar(191) NOT NULL,
  `slug` varchar(191) NOT NULL,
  `description` varchar(400) DEFAULT NULL,
  `image` varchar(191) DEFAULT NULL,
  `status` varchar(60) NOT NULL DEFAULT 'published',
  `created_at` timestamp NULL DEFAULT NULL,
  `updated_at` timestamp NULL DEFAULT NULL,
  `is_featured` tinyint(3) unsigned NOT NULL DEFAULT 0,
  PRIMARY KEY (`id`)
) ENGINE=InnoDB AUTO_INCREMENT=8 DEFAULT CHARSET=utf8mb4 COLLATE=utf8mb4_unicode_ci;
/*!40101 SET character_set_client = @saved_cs_client */;

--
-- Dumping data for table `ec_product_collections`
--

LOCK TABLES `ec_product_collections` WRITE;
/*!40000 ALTER TABLE `ec_product_collections` DISABLE KEYS */;
INSERT INTO `ec_product_collections` VALUES (1,'New Arrival','new-arrival',NULL,NULL,'published','2025-05-20 14:07:11','2025-05-20 14:07:11',0),(2,'Best Sellers','best-sellers',NULL,NULL,'published','2025-05-20 14:07:11','2025-05-20 14:07:11',0),(3,'Special Offer','special-offer',NULL,NULL,'published','2025-05-20 14:07:11','2025-05-20 14:07:11',0),(4,'Reactive Providence Hair Color','reactive-providence-hair-color',NULL,'banners/thumb-01.jpg','published','2025-05-20 14:07:11','2025-05-20 14:07:11',0),(5,'New Modern &amp; Stylist Makeup','new-modern-stylist-makeup',NULL,'banners/thumb-02.jpg','published','2025-05-20 14:07:11','2025-05-20 14:07:11',0),(6,'Intensive Glow C+ Serum','intensive-glow-c-serum',NULL,'banners/thumb-03.jpg','published','2025-05-20 14:07:11','2025-05-20 14:07:11',0),(7,'Vogue','vogue',NULL,'banners/thumb-04.jpg','published','2025-05-20 14:07:11','2025-05-20 14:07:11',0);
/*!40000 ALTER TABLE `ec_product_collections` ENABLE KEYS */;
UNLOCK TABLES;

--
-- Table structure for table `ec_product_collections_translations`
--

DROP TABLE IF EXISTS `ec_product_collections_translations`;
/*!40101 SET @saved_cs_client     = @@character_set_client */;
/*!40101 SET character_set_client = utf8 */;
CREATE TABLE `ec_product_collections_translations` (
  `lang_code` varchar(191) NOT NULL,
  `ec_product_collections_id` bigint(20) unsigned NOT NULL,
  `name` varchar(191) DEFAULT NULL,
  `description` varchar(400) DEFAULT NULL,
  PRIMARY KEY (`lang_code`,`ec_product_collections_id`)
) ENGINE=InnoDB DEFAULT CHARSET=utf8mb4 COLLATE=utf8mb4_unicode_ci;
/*!40101 SET character_set_client = @saved_cs_client */;

--
-- Dumping data for table `ec_product_collections_translations`
--

LOCK TABLES `ec_product_collections_translations` WRITE;
/*!40000 ALTER TABLE `ec_product_collections_translations` DISABLE KEYS */;
/*!40000 ALTER TABLE `ec_product_collections_translations` ENABLE KEYS */;
UNLOCK TABLES;

--
-- Table structure for table `ec_product_cross_sale_relations`
--

DROP TABLE IF EXISTS `ec_product_cross_sale_relations`;
/*!40101 SET @saved_cs_client     = @@character_set_client */;
/*!40101 SET character_set_client = utf8 */;
CREATE TABLE `ec_product_cross_sale_relations` (
  `from_product_id` bigint(20) unsigned NOT NULL,
  `to_product_id` bigint(20) unsigned NOT NULL,
  `is_variant` tinyint(1) NOT NULL DEFAULT 0,
  `price` decimal(15,2) DEFAULT 0.00,
  `price_type` varchar(191) NOT NULL DEFAULT 'fixed',
  `apply_to_all_variations` tinyint(1) NOT NULL DEFAULT 1,
  PRIMARY KEY (`from_product_id`,`to_product_id`),
  KEY `ec_product_cross_sale_relations_from_product_id_index` (`from_product_id`),
  KEY `ec_product_cross_sale_relations_to_product_id_index` (`to_product_id`)
) ENGINE=InnoDB DEFAULT CHARSET=utf8mb4 COLLATE=utf8mb4_unicode_ci;
/*!40101 SET character_set_client = @saved_cs_client */;

--
-- Dumping data for table `ec_product_cross_sale_relations`
--

LOCK TABLES `ec_product_cross_sale_relations` WRITE;
/*!40000 ALTER TABLE `ec_product_cross_sale_relations` DISABLE KEYS */;
INSERT INTO `ec_product_cross_sale_relations` VALUES (1,35,0,0.00,'fixed',1),(1,37,0,0.00,'fixed',1),(1,60,0,0.00,'fixed',1),(1,73,0,0.00,'fixed',1),(2,6,0,0.00,'fixed',1),(2,26,0,0.00,'fixed',1),(2,56,0,0.00,'fixed',1),(2,61,0,0.00,'fixed',1),(3,1,0,0.00,'fixed',1),(3,7,0,0.00,'fixed',1),(3,26,0,0.00,'fixed',1),(3,45,0,0.00,'fixed',1),(4,41,0,0.00,'fixed',1),(4,44,0,0.00,'fixed',1),(4,48,0,0.00,'fixed',1),(4,53,0,0.00,'fixed',1),(5,9,0,0.00,'fixed',1),(5,38,0,0.00,'fixed',1),(5,43,0,0.00,'fixed',1),(5,52,0,0.00,'fixed',1),(6,11,0,0.00,'fixed',1),(6,15,0,0.00,'fixed',1),(6,19,0,0.00,'fixed',1),(6,60,0,0.00,'fixed',1),(7,13,0,0.00,'fixed',1),(7,35,0,0.00,'fixed',1),(7,62,0,0.00,'fixed',1),(7,67,0,0.00,'fixed',1),(8,12,0,0.00,'fixed',1),(8,32,0,0.00,'fixed',1),(8,43,0,0.00,'fixed',1),(8,63,0,0.00,'fixed',1),(9,13,0,0.00,'fixed',1),(9,14,0,0.00,'fixed',1),(9,38,0,0.00,'fixed',1),(9,69,0,0.00,'fixed',1),(10,13,0,0.00,'fixed',1),(10,18,0,0.00,'fixed',1),(10,56,0,0.00,'fixed',1),(10,67,0,0.00,'fixed',1),(11,25,0,0.00,'fixed',1),(11,29,0,0.00,'fixed',1),(11,55,0,0.00,'fixed',1),(11,69,0,0.00,'fixed',1),(12,11,0,0.00,'fixed',1),(12,13,0,0.00,'fixed',1),(12,23,0,0.00,'fixed',1),(12,55,0,0.00,'fixed',1),(13,23,0,0.00,'fixed',1),(13,32,0,0.00,'fixed',1),(13,33,0,0.00,'fixed',1),(13,51,0,0.00,'fixed',1),(14,18,0,0.00,'fixed',1),(14,24,0,0.00,'fixed',1),(14,46,0,0.00,'fixed',1),(14,55,0,0.00,'fixed',1),(15,17,0,0.00,'fixed',1),(15,44,0,0.00,'fixed',1),(15,58,0,0.00,'fixed',1),(15,65,0,0.00,'fixed',1),(16,22,0,0.00,'fixed',1),(16,56,0,0.00,'fixed',1),(16,63,0,0.00,'fixed',1),(16,65,0,0.00,'fixed',1),(17,44,0,0.00,'fixed',1),(17,50,0,0.00,'fixed',1),(17,58,0,0.00,'fixed',1),(17,65,0,0.00,'fixed',1),(18,17,0,0.00,'fixed',1),(18,35,0,0.00,'fixed',1),(18,43,0,0.00,'fixed',1),(18,51,0,0.00,'fixed',1),(19,14,0,0.00,'fixed',1),(19,26,0,0.00,'fixed',1),(19,43,0,0.00,'fixed',1),(19,46,0,0.00,'fixed',1),(20,10,0,0.00,'fixed',1),(20,66,0,0.00,'fixed',1),(20,70,0,0.00,'fixed',1),(20,75,0,0.00,'fixed',1),(21,4,0,0.00,'fixed',1),(21,32,0,0.00,'fixed',1),(21,66,0,0.00,'fixed',1),(22,38,0,0.00,'fixed',1),(22,61,0,0.00,'fixed',1),(22,71,0,0.00,'fixed',1),(22,72,0,0.00,'fixed',1),(23,35,0,0.00,'fixed',1),(23,49,0,0.00,'fixed',1),(23,55,0,0.00,'fixed',1),(23,58,0,0.00,'fixed',1),(24,28,0,0.00,'fixed',1),(24,38,0,0.00,'fixed',1),(24,45,0,0.00,'fixed',1),(24,74,0,0.00,'fixed',1),(25,26,0,0.00,'fixed',1),(25,48,0,0.00,'fixed',1),(25,50,0,0.00,'fixed',1),(25,67,0,0.00,'fixed',1),(26,36,0,0.00,'fixed',1),(26,37,0,0.00,'fixed',1),(26,41,0,0.00,'fixed',1),(26,45,0,0.00,'fixed',1),(27,2,0,0.00,'fixed',1),(27,10,0,0.00,'fixed',1),(27,59,0,0.00,'fixed',1),(27,64,0,0.00,'fixed',1),(28,10,0,0.00,'fixed',1),(28,36,0,0.00,'fixed',1),(28,44,0,0.00,'fixed',1),(28,51,0,0.00,'fixed',1),(29,5,0,0.00,'fixed',1),(29,31,0,0.00,'fixed',1),(29,40,0,0.00,'fixed',1),(29,62,0,0.00,'fixed',1),(30,9,0,0.00,'fixed',1),(30,29,0,0.00,'fixed',1),(30,43,0,0.00,'fixed',1),(30,75,0,0.00,'fixed',1),(31,3,0,0.00,'fixed',1),(31,12,0,0.00,'fixed',1),(31,41,0,0.00,'fixed',1),(31,73,0,0.00,'fixed',1),(32,2,0,0.00,'fixed',1),(32,16,0,0.00,'fixed',1),(32,30,0,0.00,'fixed',1),(32,58,0,0.00,'fixed',1),(33,5,0,0.00,'fixed',1),(33,22,0,0.00,'fixed',1),(33,44,0,0.00,'fixed',1),(33,58,0,0.00,'fixed',1),(34,2,0,0.00,'fixed',1),(34,27,0,0.00,'fixed',1),(34,38,0,0.00,'fixed',1),(34,47,0,0.00,'fixed',1),(35,28,0,0.00,'fixed',1),(35,38,0,0.00,'fixed',1),(35,57,0,0.00,'fixed',1),(35,69,0,0.00,'fixed',1),(36,1,0,0.00,'fixed',1),(36,3,0,0.00,'fixed',1),(36,37,0,0.00,'fixed',1),(36,49,0,0.00,'fixed',1),(38,2,0,0.00,'fixed',1),(38,5,0,0.00,'fixed',1),(38,6,0,0.00,'fixed',1),(38,11,0,0.00,'fixed',1),(39,11,0,0.00,'fixed',1),(39,17,0,0.00,'fixed',1),(39,24,0,0.00,'fixed',1),(39,44,0,0.00,'fixed',1),(40,11,0,0.00,'fixed',1),(40,42,0,0.00,'fixed',1),(40,64,0,0.00,'fixed',1),(40,73,0,0.00,'fixed',1),(41,28,0,0.00,'fixed',1),(41,36,0,0.00,'fixed',1),(41,46,0,0.00,'fixed',1),(41,61,0,0.00,'fixed',1),(42,8,0,0.00,'fixed',1),(42,23,0,0.00,'fixed',1),(42,32,0,0.00,'fixed',1),(42,71,0,0.00,'fixed',1),(43,12,0,0.00,'fixed',1),(43,28,0,0.00,'fixed',1),(43,47,0,0.00,'fixed',1),(43,66,0,0.00,'fixed',1),(44,13,0,0.00,'fixed',1),(44,19,0,0.00,'fixed',1),(44,57,0,0.00,'fixed',1),(45,24,0,0.00,'fixed',1),(45,47,0,0.00,'fixed',1),(45,57,0,0.00,'fixed',1),(45,66,0,0.00,'fixed',1),(47,17,0,0.00,'fixed',1),(47,18,0,0.00,'fixed',1),(47,46,0,0.00,'fixed',1),(47,71,0,0.00,'fixed',1),(49,5,0,0.00,'fixed',1),(49,34,0,0.00,'fixed',1),(49,37,0,0.00,'fixed',1),(49,61,0,0.00,'fixed',1),(51,5,0,0.00,'fixed',1),(51,9,0,0.00,'fixed',1),(51,10,0,0.00,'fixed',1),(51,39,0,0.00,'fixed',1),(52,16,0,0.00,'fixed',1),(52,18,0,0.00,'fixed',1),(52,28,0,0.00,'fixed',1),(52,71,0,0.00,'fixed',1),(53,17,0,0.00,'fixed',1),(53,21,0,0.00,'fixed',1),(53,74,0,0.00,'fixed',1),(54,9,0,0.00,'fixed',1),(54,38,0,0.00,'fixed',1),(54,40,0,0.00,'fixed',1),(54,71,0,0.00,'fixed',1),(55,7,0,0.00,'fixed',1),(55,45,0,0.00,'fixed',1),(55,53,0,0.00,'fixed',1),(55,70,0,0.00,'fixed',1),(56,11,0,0.00,'fixed',1),(56,23,0,0.00,'fixed',1),(56,27,0,0.00,'fixed',1),(56,43,0,0.00,'fixed',1),(57,8,0,0.00,'fixed',1),(57,26,0,0.00,'fixed',1),(57,29,0,0.00,'fixed',1),(57,40,0,0.00,'fixed',1),(58,2,0,0.00,'fixed',1),(58,5,0,0.00,'fixed',1),(58,14,0,0.00,'fixed',1),(58,24,0,0.00,'fixed',1),(59,9,0,0.00,'fixed',1),(59,18,0,0.00,'fixed',1),(59,49,0,0.00,'fixed',1),(59,75,0,0.00,'fixed',1),(60,8,0,0.00,'fixed',1),(60,16,0,0.00,'fixed',1),(60,22,0,0.00,'fixed',1),(60,46,0,0.00,'fixed',1),(61,21,0,0.00,'fixed',1),(61,38,0,0.00,'fixed',1),(61,64,0,0.00,'fixed',1),(61,65,0,0.00,'fixed',1),(62,9,0,0.00,'fixed',1),(62,43,0,0.00,'fixed',1),(62,64,0,0.00,'fixed',1),(62,68,0,0.00,'fixed',1),(63,2,0,0.00,'fixed',1),(63,19,0,0.00,'fixed',1),(63,27,0,0.00,'fixed',1),(63,33,0,0.00,'fixed',1),(64,30,0,0.00,'fixed',1),(64,44,0,0.00,'fixed',1),(64,51,0,0.00,'fixed',1),(64,71,0,0.00,'fixed',1),(65,4,0,0.00,'fixed',1),(65,13,0,0.00,'fixed',1),(65,24,0,0.00,'fixed',1),(65,40,0,0.00,'fixed',1),(66,3,0,0.00,'fixed',1),(66,41,0,0.00,'fixed',1),(66,43,0,0.00,'fixed',1),(66,45,0,0.00,'fixed',1),(67,7,0,0.00,'fixed',1),(67,33,0,0.00,'fixed',1),(67,54,0,0.00,'fixed',1),(67,75,0,0.00,'fixed',1),(68,18,0,0.00,'fixed',1),(68,24,0,0.00,'fixed',1),(68,70,0,0.00,'fixed',1),(68,74,0,0.00,'fixed',1),(69,21,0,0.00,'fixed',1),(69,55,0,0.00,'fixed',1),(69,56,0,0.00,'fixed',1),(69,59,0,0.00,'fixed',1),(70,3,0,0.00,'fixed',1),(70,21,0,0.00,'fixed',1),(70,27,0,0.00,'fixed',1),(70,68,0,0.00,'fixed',1),(71,3,0,0.00,'fixed',1),(71,29,0,0.00,'fixed',1),(71,36,0,0.00,'fixed',1),(72,13,0,0.00,'fixed',1),(72,50,0,0.00,'fixed',1),(72,54,0,0.00,'fixed',1),(72,63,0,0.00,'fixed',1),(73,4,0,0.00,'fixed',1),(73,25,0,0.00,'fixed',1),(73,51,0,0.00,'fixed',1),(74,4,0,0.00,'fixed',1),(74,48,0,0.00,'fixed',1),(74,63,0,0.00,'fixed',1),(75,46,0,0.00,'fixed',1),(75,53,0,0.00,'fixed',1),(75,60,0,0.00,'fixed',1),(75,61,0,0.00,'fixed',1);
/*!40000 ALTER TABLE `ec_product_cross_sale_relations` ENABLE KEYS */;
UNLOCK TABLES;

--
-- Table structure for table `ec_product_files`
--

DROP TABLE IF EXISTS `ec_product_files`;
/*!40101 SET @saved_cs_client     = @@character_set_client */;
/*!40101 SET character_set_client = utf8 */;
CREATE TABLE `ec_product_files` (
  `id` bigint(20) unsigned NOT NULL AUTO_INCREMENT,
  `product_id` bigint(20) unsigned DEFAULT NULL,
  `url` varchar(400) DEFAULT NULL,
  `extras` mediumtext DEFAULT NULL,
  `created_at` timestamp NULL DEFAULT NULL,
  `updated_at` timestamp NULL DEFAULT NULL,
  PRIMARY KEY (`id`),
  KEY `ec_product_files_product_id_index` (`product_id`)
) ENGINE=InnoDB AUTO_INCREMENT=393 DEFAULT CHARSET=utf8mb4 COLLATE=utf8mb4_unicode_ci;
/*!40101 SET character_set_client = @saved_cs_client */;

--
-- Dumping data for table `ec_product_files`
--

LOCK TABLES `ec_product_files` WRITE;
/*!40000 ALTER TABLE `ec_product_files` DISABLE KEYS */;
INSERT INTO `ec_product_files` VALUES (1,76,'ecommerce/digital-product-files/product-49.jpg','{\"filename\":\"product-49.jpg\",\"url\":\"ecommerce\\/digital-product-files\\/product-49.jpg\",\"mime_type\":\"image\\/jpeg\",\"size\":9730,\"modified\":\"2025-05-20 15:07:34\",\"name\":\"product-49\",\"extension\":\"jpg\"}','2025-05-20 14:07:34','2025-05-20 14:07:34'),(2,76,'ecommerce/digital-product-files/product-1.jpg','{\"filename\":\"product-1.jpg\",\"url\":\"ecommerce\\/digital-product-files\\/product-1.jpg\",\"mime_type\":\"image\\/jpeg\",\"size\":9730,\"modified\":\"2025-05-20 15:07:34\",\"name\":\"product-1\",\"extension\":\"jpg\"}','2025-05-20 14:07:34','2025-05-20 14:07:34'),(3,76,'ecommerce/digital-product-files/product-4.jpg','{\"filename\":\"product-4.jpg\",\"url\":\"ecommerce\\/digital-product-files\\/product-4.jpg\",\"mime_type\":\"image\\/jpeg\",\"size\":9730,\"modified\":\"2025-05-20 15:07:34\",\"name\":\"product-4\",\"extension\":\"jpg\"}','2025-05-20 14:07:34','2025-05-20 14:07:34'),(4,76,'ecommerce/digital-product-files/product-8.jpg','{\"filename\":\"product-8.jpg\",\"url\":\"ecommerce\\/digital-product-files\\/product-8.jpg\",\"mime_type\":\"image\\/jpeg\",\"size\":9730,\"modified\":\"2025-05-20 15:07:34\",\"name\":\"product-8\",\"extension\":\"jpg\"}','2025-05-20 14:07:34','2025-05-20 14:07:34'),(5,76,'ecommerce/digital-product-files/product-81.jpg','{\"filename\":\"product-81.jpg\",\"url\":\"ecommerce\\/digital-product-files\\/product-81.jpg\",\"mime_type\":\"image\\/jpeg\",\"size\":9730,\"modified\":\"2025-05-20 15:07:34\",\"name\":\"product-81\",\"extension\":\"jpg\"}','2025-05-20 14:07:34','2025-05-20 14:07:34'),(6,76,'ecommerce/digital-product-files/product-94.jpg','{\"filename\":\"product-94.jpg\",\"url\":\"ecommerce\\/digital-product-files\\/product-94.jpg\",\"mime_type\":\"image\\/jpeg\",\"size\":9730,\"modified\":\"2025-05-20 15:07:34\",\"name\":\"product-94\",\"extension\":\"jpg\"}','2025-05-20 14:07:34','2025-05-20 14:07:34'),(7,76,'ecommerce/digital-product-files/product-44.jpg','{\"filename\":\"product-44.jpg\",\"url\":\"ecommerce\\/digital-product-files\\/product-44.jpg\",\"mime_type\":\"image\\/jpeg\",\"size\":9730,\"modified\":\"2025-05-20 15:07:34\",\"name\":\"product-44\",\"extension\":\"jpg\"}','2025-05-20 14:07:34','2025-05-20 14:07:34'),(8,76,'ecommerce/digital-product-files/product-87.jpg','{\"filename\":\"product-87.jpg\",\"url\":\"ecommerce\\/digital-product-files\\/product-87.jpg\",\"mime_type\":\"image\\/jpeg\",\"size\":9730,\"modified\":\"2025-05-20 15:07:34\",\"name\":\"product-87\",\"extension\":\"jpg\"}','2025-05-20 14:07:34','2025-05-20 14:07:34'),(9,76,'ecommerce/digital-product-files/product-65.jpg','{\"filename\":\"product-65.jpg\",\"url\":\"ecommerce\\/digital-product-files\\/product-65.jpg\",\"mime_type\":\"image\\/jpeg\",\"size\":9730,\"modified\":\"2025-05-20 15:07:34\",\"name\":\"product-65\",\"extension\":\"jpg\"}','2025-05-20 14:07:34','2025-05-20 14:07:34'),(10,77,'ecommerce/digital-product-files/product-49.jpg','{\"filename\":\"product-49.jpg\",\"url\":\"ecommerce\\/digital-product-files\\/product-49.jpg\",\"mime_type\":\"image\\/jpeg\",\"size\":9730,\"modified\":\"2025-05-20 15:07:34\",\"name\":\"product-49\",\"extension\":\"jpg\"}','2025-05-20 14:07:34','2025-05-20 14:07:34'),(11,77,'ecommerce/digital-product-files/product-1.jpg','{\"filename\":\"product-1.jpg\",\"url\":\"ecommerce\\/digital-product-files\\/product-1.jpg\",\"mime_type\":\"image\\/jpeg\",\"size\":9730,\"modified\":\"2025-05-20 15:07:34\",\"name\":\"product-1\",\"extension\":\"jpg\"}','2025-05-20 14:07:34','2025-05-20 14:07:34'),(12,77,'ecommerce/digital-product-files/product-4.jpg','{\"filename\":\"product-4.jpg\",\"url\":\"ecommerce\\/digital-product-files\\/product-4.jpg\",\"mime_type\":\"image\\/jpeg\",\"size\":9730,\"modified\":\"2025-05-20 15:07:34\",\"name\":\"product-4\",\"extension\":\"jpg\"}','2025-05-20 14:07:34','2025-05-20 14:07:34'),(13,77,'ecommerce/digital-product-files/product-8.jpg','{\"filename\":\"product-8.jpg\",\"url\":\"ecommerce\\/digital-product-files\\/product-8.jpg\",\"mime_type\":\"image\\/jpeg\",\"size\":9730,\"modified\":\"2025-05-20 15:07:34\",\"name\":\"product-8\",\"extension\":\"jpg\"}','2025-05-20 14:07:34','2025-05-20 14:07:34'),(14,77,'ecommerce/digital-product-files/product-81.jpg','{\"filename\":\"product-81.jpg\",\"url\":\"ecommerce\\/digital-product-files\\/product-81.jpg\",\"mime_type\":\"image\\/jpeg\",\"size\":9730,\"modified\":\"2025-05-20 15:07:34\",\"name\":\"product-81\",\"extension\":\"jpg\"}','2025-05-20 14:07:34','2025-05-20 14:07:34'),(15,77,'ecommerce/digital-product-files/product-94.jpg','{\"filename\":\"product-94.jpg\",\"url\":\"ecommerce\\/digital-product-files\\/product-94.jpg\",\"mime_type\":\"image\\/jpeg\",\"size\":9730,\"modified\":\"2025-05-20 15:07:34\",\"name\":\"product-94\",\"extension\":\"jpg\"}','2025-05-20 14:07:34','2025-05-20 14:07:34'),(16,77,'ecommerce/digital-product-files/product-44.jpg','{\"filename\":\"product-44.jpg\",\"url\":\"ecommerce\\/digital-product-files\\/product-44.jpg\",\"mime_type\":\"image\\/jpeg\",\"size\":9730,\"modified\":\"2025-05-20 15:07:34\",\"name\":\"product-44\",\"extension\":\"jpg\"}','2025-05-20 14:07:34','2025-05-20 14:07:34'),(17,77,'ecommerce/digital-product-files/product-87.jpg','{\"filename\":\"product-87.jpg\",\"url\":\"ecommerce\\/digital-product-files\\/product-87.jpg\",\"mime_type\":\"image\\/jpeg\",\"size\":9730,\"modified\":\"2025-05-20 15:07:34\",\"name\":\"product-87\",\"extension\":\"jpg\"}','2025-05-20 14:07:34','2025-05-20 14:07:34'),(18,77,'ecommerce/digital-product-files/product-65.jpg','{\"filename\":\"product-65.jpg\",\"url\":\"ecommerce\\/digital-product-files\\/product-65.jpg\",\"mime_type\":\"image\\/jpeg\",\"size\":9730,\"modified\":\"2025-05-20 15:07:34\",\"name\":\"product-65\",\"extension\":\"jpg\"}','2025-05-20 14:07:34','2025-05-20 14:07:34'),(19,84,'ecommerce/digital-product-files/product-20.jpg','{\"filename\":\"product-20.jpg\",\"url\":\"ecommerce\\/digital-product-files\\/product-20.jpg\",\"mime_type\":\"image\\/jpeg\",\"size\":9730,\"modified\":\"2025-05-20 15:07:34\",\"name\":\"product-20\",\"extension\":\"jpg\"}','2025-05-20 14:07:34','2025-05-20 14:07:34'),(20,84,'ecommerce/digital-product-files/product-74.jpg','{\"filename\":\"product-74.jpg\",\"url\":\"ecommerce\\/digital-product-files\\/product-74.jpg\",\"mime_type\":\"image\\/jpeg\",\"size\":9730,\"modified\":\"2025-05-20 15:07:34\",\"name\":\"product-74\",\"extension\":\"jpg\"}','2025-05-20 14:07:34','2025-05-20 14:07:34'),(21,84,'ecommerce/digital-product-files/product-22.jpg','{\"filename\":\"product-22.jpg\",\"url\":\"ecommerce\\/digital-product-files\\/product-22.jpg\",\"mime_type\":\"image\\/jpeg\",\"size\":9730,\"modified\":\"2025-05-20 15:07:34\",\"name\":\"product-22\",\"extension\":\"jpg\"}','2025-05-20 14:07:34','2025-05-20 14:07:34'),(22,84,'ecommerce/digital-product-files/product-3.jpg','{\"filename\":\"product-3.jpg\",\"url\":\"ecommerce\\/digital-product-files\\/product-3.jpg\",\"mime_type\":\"image\\/jpeg\",\"size\":9730,\"modified\":\"2025-05-20 15:07:34\",\"name\":\"product-3\",\"extension\":\"jpg\"}','2025-05-20 14:07:34','2025-05-20 14:07:34'),(23,84,'ecommerce/digital-product-files/product-90.jpg','{\"filename\":\"product-90.jpg\",\"url\":\"ecommerce\\/digital-product-files\\/product-90.jpg\",\"mime_type\":\"image\\/jpeg\",\"size\":9730,\"modified\":\"2025-05-20 15:07:34\",\"name\":\"product-90\",\"extension\":\"jpg\"}','2025-05-20 14:07:34','2025-05-20 14:07:34'),(24,84,'ecommerce/digital-product-files/product-68.jpg','{\"filename\":\"product-68.jpg\",\"url\":\"ecommerce\\/digital-product-files\\/product-68.jpg\",\"mime_type\":\"image\\/jpeg\",\"size\":9730,\"modified\":\"2025-05-20 15:07:34\",\"name\":\"product-68\",\"extension\":\"jpg\"}','2025-05-20 14:07:34','2025-05-20 14:07:34'),(25,84,'ecommerce/digital-product-files/product-43.jpg','{\"filename\":\"product-43.jpg\",\"url\":\"ecommerce\\/digital-product-files\\/product-43.jpg\",\"mime_type\":\"image\\/jpeg\",\"size\":9730,\"modified\":\"2025-05-20 15:07:34\",\"name\":\"product-43\",\"extension\":\"jpg\"}','2025-05-20 14:07:34','2025-05-20 14:07:34'),(26,84,'ecommerce/digital-product-files/product-71.jpg','{\"filename\":\"product-71.jpg\",\"url\":\"ecommerce\\/digital-product-files\\/product-71.jpg\",\"mime_type\":\"image\\/jpeg\",\"size\":9730,\"modified\":\"2025-05-20 15:07:34\",\"name\":\"product-71\",\"extension\":\"jpg\"}','2025-05-20 14:07:34','2025-05-20 14:07:34'),(27,84,'ecommerce/digital-product-files/product-78.jpg','{\"filename\":\"product-78.jpg\",\"url\":\"ecommerce\\/digital-product-files\\/product-78.jpg\",\"mime_type\":\"image\\/jpeg\",\"size\":9730,\"modified\":\"2025-05-20 15:07:34\",\"name\":\"product-78\",\"extension\":\"jpg\"}','2025-05-20 14:07:34','2025-05-20 14:07:34'),(28,84,'ecommerce/digital-product-files/product-88.jpg','{\"filename\":\"product-88.jpg\",\"url\":\"ecommerce\\/digital-product-files\\/product-88.jpg\",\"mime_type\":\"image\\/jpeg\",\"size\":9730,\"modified\":\"2025-05-20 15:07:34\",\"name\":\"product-88\",\"extension\":\"jpg\"}','2025-05-20 14:07:34','2025-05-20 14:07:34'),(29,91,'ecommerce/digital-product-files/product-56.jpg','{\"filename\":\"product-56.jpg\",\"url\":\"ecommerce\\/digital-product-files\\/product-56.jpg\",\"mime_type\":\"image\\/jpeg\",\"size\":9730,\"modified\":\"2025-05-20 15:07:35\",\"name\":\"product-56\",\"extension\":\"jpg\"}','2025-05-20 14:07:35','2025-05-20 14:07:35'),(30,91,'ecommerce/digital-product-files/product-76.jpg','{\"filename\":\"product-76.jpg\",\"url\":\"ecommerce\\/digital-product-files\\/product-76.jpg\",\"mime_type\":\"image\\/jpeg\",\"size\":9730,\"modified\":\"2025-05-20 15:07:35\",\"name\":\"product-76\",\"extension\":\"jpg\"}','2025-05-20 14:07:35','2025-05-20 14:07:35'),(31,91,'ecommerce/digital-product-files/product-35.jpg','{\"filename\":\"product-35.jpg\",\"url\":\"ecommerce\\/digital-product-files\\/product-35.jpg\",\"mime_type\":\"image\\/jpeg\",\"size\":9730,\"modified\":\"2025-05-20 15:07:35\",\"name\":\"product-35\",\"extension\":\"jpg\"}','2025-05-20 14:07:35','2025-05-20 14:07:35'),(32,91,'ecommerce/digital-product-files/product-27.jpg','{\"filename\":\"product-27.jpg\",\"url\":\"ecommerce\\/digital-product-files\\/product-27.jpg\",\"mime_type\":\"image\\/jpeg\",\"size\":9730,\"modified\":\"2025-05-20 15:07:35\",\"name\":\"product-27\",\"extension\":\"jpg\"}','2025-05-20 14:07:35','2025-05-20 14:07:35'),(33,91,'ecommerce/digital-product-files/product-63.jpg','{\"filename\":\"product-63.jpg\",\"url\":\"ecommerce\\/digital-product-files\\/product-63.jpg\",\"mime_type\":\"image\\/jpeg\",\"size\":9730,\"modified\":\"2025-05-20 15:07:35\",\"name\":\"product-63\",\"extension\":\"jpg\"}','2025-05-20 14:07:35','2025-05-20 14:07:35'),(34,91,'ecommerce/digital-product-files/product-54.jpg','{\"filename\":\"product-54.jpg\",\"url\":\"ecommerce\\/digital-product-files\\/product-54.jpg\",\"mime_type\":\"image\\/jpeg\",\"size\":9730,\"modified\":\"2025-05-20 15:07:35\",\"name\":\"product-54\",\"extension\":\"jpg\"}','2025-05-20 14:07:35','2025-05-20 14:07:35'),(35,91,'ecommerce/digital-product-files/product-44.jpg','{\"filename\":\"product-44.jpg\",\"url\":\"ecommerce\\/digital-product-files\\/product-44.jpg\",\"mime_type\":\"image\\/jpeg\",\"size\":9730,\"modified\":\"2025-05-20 15:07:35\",\"name\":\"product-44\",\"extension\":\"jpg\"}','2025-05-20 14:07:35','2025-05-20 14:07:35'),(36,91,'ecommerce/digital-product-files/product-91.jpg','{\"filename\":\"product-91.jpg\",\"url\":\"ecommerce\\/digital-product-files\\/product-91.jpg\",\"mime_type\":\"image\\/jpeg\",\"size\":9730,\"modified\":\"2025-05-20 15:07:35\",\"name\":\"product-91\",\"extension\":\"jpg\"}','2025-05-20 14:07:35','2025-05-20 14:07:35'),(37,91,'ecommerce/digital-product-files/product-77.jpg','{\"filename\":\"product-77.jpg\",\"url\":\"ecommerce\\/digital-product-files\\/product-77.jpg\",\"mime_type\":\"image\\/jpeg\",\"size\":9730,\"modified\":\"2025-05-20 15:07:35\",\"name\":\"product-77\",\"extension\":\"jpg\"}','2025-05-20 14:07:35','2025-05-20 14:07:35'),(38,91,'ecommerce/digital-product-files/product-9.jpg','{\"filename\":\"product-9.jpg\",\"url\":\"ecommerce\\/digital-product-files\\/product-9.jpg\",\"mime_type\":\"image\\/jpeg\",\"size\":9730,\"modified\":\"2025-05-20 15:07:35\",\"name\":\"product-9\",\"extension\":\"jpg\"}','2025-05-20 14:07:35','2025-05-20 14:07:35'),(39,91,'ecommerce/digital-product-files/product-70.jpg','{\"filename\":\"product-70.jpg\",\"url\":\"ecommerce\\/digital-product-files\\/product-70.jpg\",\"mime_type\":\"image\\/jpeg\",\"size\":9730,\"modified\":\"2025-05-20 15:07:35\",\"name\":\"product-70\",\"extension\":\"jpg\"}','2025-05-20 14:07:35','2025-05-20 14:07:35'),(40,100,'ecommerce/digital-product-files/product-45.jpg','{\"filename\":\"product-45.jpg\",\"url\":\"ecommerce\\/digital-product-files\\/product-45.jpg\",\"mime_type\":\"image\\/jpeg\",\"size\":9730,\"modified\":\"2025-05-20 15:07:35\",\"name\":\"product-45\",\"extension\":\"jpg\"}','2025-05-20 14:07:35','2025-05-20 14:07:35'),(41,100,'ecommerce/digital-product-files/product-78.jpg','{\"filename\":\"product-78.jpg\",\"url\":\"ecommerce\\/digital-product-files\\/product-78.jpg\",\"mime_type\":\"image\\/jpeg\",\"size\":9730,\"modified\":\"2025-05-20 15:07:35\",\"name\":\"product-78\",\"extension\":\"jpg\"}','2025-05-20 14:07:35','2025-05-20 14:07:35'),(42,100,'ecommerce/digital-product-files/product-6.jpg','{\"filename\":\"product-6.jpg\",\"url\":\"ecommerce\\/digital-product-files\\/product-6.jpg\",\"mime_type\":\"image\\/jpeg\",\"size\":9730,\"modified\":\"2025-05-20 15:07:35\",\"name\":\"product-6\",\"extension\":\"jpg\"}','2025-05-20 14:07:35','2025-05-20 14:07:35'),(43,100,'ecommerce/digital-product-files/product-7.jpg','{\"filename\":\"product-7.jpg\",\"url\":\"ecommerce\\/digital-product-files\\/product-7.jpg\",\"mime_type\":\"image\\/jpeg\",\"size\":9730,\"modified\":\"2025-05-20 15:07:35\",\"name\":\"product-7\",\"extension\":\"jpg\"}','2025-05-20 14:07:35','2025-05-20 14:07:35'),(44,100,'ecommerce/digital-product-files/product-20.jpg','{\"filename\":\"product-20.jpg\",\"url\":\"ecommerce\\/digital-product-files\\/product-20.jpg\",\"mime_type\":\"image\\/jpeg\",\"size\":9730,\"modified\":\"2025-05-20 15:07:35\",\"name\":\"product-20\",\"extension\":\"jpg\"}','2025-05-20 14:07:35','2025-05-20 14:07:35'),(45,100,'ecommerce/digital-product-files/product-49.jpg','{\"filename\":\"product-49.jpg\",\"url\":\"ecommerce\\/digital-product-files\\/product-49.jpg\",\"mime_type\":\"image\\/jpeg\",\"size\":9730,\"modified\":\"2025-05-20 15:07:35\",\"name\":\"product-49\",\"extension\":\"jpg\"}','2025-05-20 14:07:35','2025-05-20 14:07:35'),(46,100,'ecommerce/digital-product-files/product-83.jpg','{\"filename\":\"product-83.jpg\",\"url\":\"ecommerce\\/digital-product-files\\/product-83.jpg\",\"mime_type\":\"image\\/jpeg\",\"size\":9730,\"modified\":\"2025-05-20 15:07:35\",\"name\":\"product-83\",\"extension\":\"jpg\"}','2025-05-20 14:07:35','2025-05-20 14:07:35'),(47,100,'ecommerce/digital-product-files/product-12.jpg','{\"filename\":\"product-12.jpg\",\"url\":\"ecommerce\\/digital-product-files\\/product-12.jpg\",\"mime_type\":\"image\\/jpeg\",\"size\":9730,\"modified\":\"2025-05-20 15:07:35\",\"name\":\"product-12\",\"extension\":\"jpg\"}','2025-05-20 14:07:35','2025-05-20 14:07:35'),(48,100,'ecommerce/digital-product-files/product-9.jpg','{\"filename\":\"product-9.jpg\",\"url\":\"ecommerce\\/digital-product-files\\/product-9.jpg\",\"mime_type\":\"image\\/jpeg\",\"size\":9730,\"modified\":\"2025-05-20 15:07:35\",\"name\":\"product-9\",\"extension\":\"jpg\"}','2025-05-20 14:07:35','2025-05-20 14:07:35'),(49,101,'ecommerce/digital-product-files/product-45.jpg','{\"filename\":\"product-45.jpg\",\"url\":\"ecommerce\\/digital-product-files\\/product-45.jpg\",\"mime_type\":\"image\\/jpeg\",\"size\":9730,\"modified\":\"2025-05-20 15:07:35\",\"name\":\"product-45\",\"extension\":\"jpg\"}','2025-05-20 14:07:35','2025-05-20 14:07:35'),(50,101,'ecommerce/digital-product-files/product-78.jpg','{\"filename\":\"product-78.jpg\",\"url\":\"ecommerce\\/digital-product-files\\/product-78.jpg\",\"mime_type\":\"image\\/jpeg\",\"size\":9730,\"modified\":\"2025-05-20 15:07:35\",\"name\":\"product-78\",\"extension\":\"jpg\"}','2025-05-20 14:07:35','2025-05-20 14:07:35'),(51,101,'ecommerce/digital-product-files/product-6.jpg','{\"filename\":\"product-6.jpg\",\"url\":\"ecommerce\\/digital-product-files\\/product-6.jpg\",\"mime_type\":\"image\\/jpeg\",\"size\":9730,\"modified\":\"2025-05-20 15:07:35\",\"name\":\"product-6\",\"extension\":\"jpg\"}','2025-05-20 14:07:35','2025-05-20 14:07:35'),(52,101,'ecommerce/digital-product-files/product-7.jpg','{\"filename\":\"product-7.jpg\",\"url\":\"ecommerce\\/digital-product-files\\/product-7.jpg\",\"mime_type\":\"image\\/jpeg\",\"size\":9730,\"modified\":\"2025-05-20 15:07:35\",\"name\":\"product-7\",\"extension\":\"jpg\"}','2025-05-20 14:07:35','2025-05-20 14:07:35'),(53,101,'ecommerce/digital-product-files/product-20.jpg','{\"filename\":\"product-20.jpg\",\"url\":\"ecommerce\\/digital-product-files\\/product-20.jpg\",\"mime_type\":\"image\\/jpeg\",\"size\":9730,\"modified\":\"2025-05-20 15:07:35\",\"name\":\"product-20\",\"extension\":\"jpg\"}','2025-05-20 14:07:35','2025-05-20 14:07:35'),(54,101,'ecommerce/digital-product-files/product-49.jpg','{\"filename\":\"product-49.jpg\",\"url\":\"ecommerce\\/digital-product-files\\/product-49.jpg\",\"mime_type\":\"image\\/jpeg\",\"size\":9730,\"modified\":\"2025-05-20 15:07:35\",\"name\":\"product-49\",\"extension\":\"jpg\"}','2025-05-20 14:07:35','2025-05-20 14:07:35'),(55,101,'ecommerce/digital-product-files/product-83.jpg','{\"filename\":\"product-83.jpg\",\"url\":\"ecommerce\\/digital-product-files\\/product-83.jpg\",\"mime_type\":\"image\\/jpeg\",\"size\":9730,\"modified\":\"2025-05-20 15:07:35\",\"name\":\"product-83\",\"extension\":\"jpg\"}','2025-05-20 14:07:35','2025-05-20 14:07:35'),(56,101,'ecommerce/digital-product-files/product-12.jpg','{\"filename\":\"product-12.jpg\",\"url\":\"ecommerce\\/digital-product-files\\/product-12.jpg\",\"mime_type\":\"image\\/jpeg\",\"size\":9730,\"modified\":\"2025-05-20 15:07:35\",\"name\":\"product-12\",\"extension\":\"jpg\"}','2025-05-20 14:07:35','2025-05-20 14:07:35'),(57,101,'ecommerce/digital-product-files/product-9.jpg','{\"filename\":\"product-9.jpg\",\"url\":\"ecommerce\\/digital-product-files\\/product-9.jpg\",\"mime_type\":\"image\\/jpeg\",\"size\":9730,\"modified\":\"2025-05-20 15:07:35\",\"name\":\"product-9\",\"extension\":\"jpg\"}','2025-05-20 14:07:35','2025-05-20 14:07:35'),(58,109,'ecommerce/digital-product-files/product-25.jpg','{\"filename\":\"product-25.jpg\",\"url\":\"ecommerce\\/digital-product-files\\/product-25.jpg\",\"mime_type\":\"image\\/jpeg\",\"size\":9730,\"modified\":\"2025-05-20 15:07:35\",\"name\":\"product-25\",\"extension\":\"jpg\"}','2025-05-20 14:07:35','2025-05-20 14:07:35'),(59,109,'ecommerce/digital-product-files/product-50.jpg','{\"filename\":\"product-50.jpg\",\"url\":\"ecommerce\\/digital-product-files\\/product-50.jpg\",\"mime_type\":\"image\\/jpeg\",\"size\":9730,\"modified\":\"2025-05-20 15:07:35\",\"name\":\"product-50\",\"extension\":\"jpg\"}','2025-05-20 14:07:35','2025-05-20 14:07:35'),(60,109,'ecommerce/digital-product-files/product-45.jpg','{\"filename\":\"product-45.jpg\",\"url\":\"ecommerce\\/digital-product-files\\/product-45.jpg\",\"mime_type\":\"image\\/jpeg\",\"size\":9730,\"modified\":\"2025-05-20 15:07:35\",\"name\":\"product-45\",\"extension\":\"jpg\"}','2025-05-20 14:07:35','2025-05-20 14:07:35'),(61,109,'ecommerce/digital-product-files/product-33.jpg','{\"filename\":\"product-33.jpg\",\"url\":\"ecommerce\\/digital-product-files\\/product-33.jpg\",\"mime_type\":\"image\\/jpeg\",\"size\":9730,\"modified\":\"2025-05-20 15:07:35\",\"name\":\"product-33\",\"extension\":\"jpg\"}','2025-05-20 14:07:35','2025-05-20 14:07:35'),(62,109,'ecommerce/digital-product-files/product-28.jpg','{\"filename\":\"product-28.jpg\",\"url\":\"ecommerce\\/digital-product-files\\/product-28.jpg\",\"mime_type\":\"image\\/jpeg\",\"size\":9730,\"modified\":\"2025-05-20 15:07:35\",\"name\":\"product-28\",\"extension\":\"jpg\"}','2025-05-20 14:07:35','2025-05-20 14:07:35'),(63,110,'ecommerce/digital-product-files/product-25.jpg','{\"filename\":\"product-25.jpg\",\"url\":\"ecommerce\\/digital-product-files\\/product-25.jpg\",\"mime_type\":\"image\\/jpeg\",\"size\":9730,\"modified\":\"2025-05-20 15:07:35\",\"name\":\"product-25\",\"extension\":\"jpg\"}','2025-05-20 14:07:35','2025-05-20 14:07:35'),(64,110,'ecommerce/digital-product-files/product-50.jpg','{\"filename\":\"product-50.jpg\",\"url\":\"ecommerce\\/digital-product-files\\/product-50.jpg\",\"mime_type\":\"image\\/jpeg\",\"size\":9730,\"modified\":\"2025-05-20 15:07:35\",\"name\":\"product-50\",\"extension\":\"jpg\"}','2025-05-20 14:07:35','2025-05-20 14:07:35'),(65,110,'ecommerce/digital-product-files/product-45.jpg','{\"filename\":\"product-45.jpg\",\"url\":\"ecommerce\\/digital-product-files\\/product-45.jpg\",\"mime_type\":\"image\\/jpeg\",\"size\":9730,\"modified\":\"2025-05-20 15:07:35\",\"name\":\"product-45\",\"extension\":\"jpg\"}','2025-05-20 14:07:35','2025-05-20 14:07:35'),(66,110,'ecommerce/digital-product-files/product-33.jpg','{\"filename\":\"product-33.jpg\",\"url\":\"ecommerce\\/digital-product-files\\/product-33.jpg\",\"mime_type\":\"image\\/jpeg\",\"size\":9730,\"modified\":\"2025-05-20 15:07:35\",\"name\":\"product-33\",\"extension\":\"jpg\"}','2025-05-20 14:07:35','2025-05-20 14:07:35'),(67,110,'ecommerce/digital-product-files/product-28.jpg','{\"filename\":\"product-28.jpg\",\"url\":\"ecommerce\\/digital-product-files\\/product-28.jpg\",\"mime_type\":\"image\\/jpeg\",\"size\":9730,\"modified\":\"2025-05-20 15:07:35\",\"name\":\"product-28\",\"extension\":\"jpg\"}','2025-05-20 14:07:35','2025-05-20 14:07:35'),(68,111,'ecommerce/digital-product-files/product-25.jpg','{\"filename\":\"product-25.jpg\",\"url\":\"ecommerce\\/digital-product-files\\/product-25.jpg\",\"mime_type\":\"image\\/jpeg\",\"size\":9730,\"modified\":\"2025-05-20 15:07:35\",\"name\":\"product-25\",\"extension\":\"jpg\"}','2025-05-20 14:07:35','2025-05-20 14:07:35'),(69,111,'ecommerce/digital-product-files/product-50.jpg','{\"filename\":\"product-50.jpg\",\"url\":\"ecommerce\\/digital-product-files\\/product-50.jpg\",\"mime_type\":\"image\\/jpeg\",\"size\":9730,\"modified\":\"2025-05-20 15:07:35\",\"name\":\"product-50\",\"extension\":\"jpg\"}','2025-05-20 14:07:35','2025-05-20 14:07:35'),(70,111,'ecommerce/digital-product-files/product-45.jpg','{\"filename\":\"product-45.jpg\",\"url\":\"ecommerce\\/digital-product-files\\/product-45.jpg\",\"mime_type\":\"image\\/jpeg\",\"size\":9730,\"modified\":\"2025-05-20 15:07:35\",\"name\":\"product-45\",\"extension\":\"jpg\"}','2025-05-20 14:07:35','2025-05-20 14:07:35'),(71,111,'ecommerce/digital-product-files/product-33.jpg','{\"filename\":\"product-33.jpg\",\"url\":\"ecommerce\\/digital-product-files\\/product-33.jpg\",\"mime_type\":\"image\\/jpeg\",\"size\":9730,\"modified\":\"2025-05-20 15:07:35\",\"name\":\"product-33\",\"extension\":\"jpg\"}','2025-05-20 14:07:35','2025-05-20 14:07:35'),(72,111,'ecommerce/digital-product-files/product-28.jpg','{\"filename\":\"product-28.jpg\",\"url\":\"ecommerce\\/digital-product-files\\/product-28.jpg\",\"mime_type\":\"image\\/jpeg\",\"size\":9730,\"modified\":\"2025-05-20 15:07:35\",\"name\":\"product-28\",\"extension\":\"jpg\"}','2025-05-20 14:07:35','2025-05-20 14:07:35'),(73,112,'ecommerce/digital-product-files/product-25.jpg','{\"filename\":\"product-25.jpg\",\"url\":\"ecommerce\\/digital-product-files\\/product-25.jpg\",\"mime_type\":\"image\\/jpeg\",\"size\":9730,\"modified\":\"2025-05-20 15:07:35\",\"name\":\"product-25\",\"extension\":\"jpg\"}','2025-05-20 14:07:35','2025-05-20 14:07:35'),(74,112,'ecommerce/digital-product-files/product-50.jpg','{\"filename\":\"product-50.jpg\",\"url\":\"ecommerce\\/digital-product-files\\/product-50.jpg\",\"mime_type\":\"image\\/jpeg\",\"size\":9730,\"modified\":\"2025-05-20 15:07:35\",\"name\":\"product-50\",\"extension\":\"jpg\"}','2025-05-20 14:07:35','2025-05-20 14:07:35'),(75,112,'ecommerce/digital-product-files/product-45.jpg','{\"filename\":\"product-45.jpg\",\"url\":\"ecommerce\\/digital-product-files\\/product-45.jpg\",\"mime_type\":\"image\\/jpeg\",\"size\":9730,\"modified\":\"2025-05-20 15:07:35\",\"name\":\"product-45\",\"extension\":\"jpg\"}','2025-05-20 14:07:35','2025-05-20 14:07:35'),(76,112,'ecommerce/digital-product-files/product-33.jpg','{\"filename\":\"product-33.jpg\",\"url\":\"ecommerce\\/digital-product-files\\/product-33.jpg\",\"mime_type\":\"image\\/jpeg\",\"size\":9730,\"modified\":\"2025-05-20 15:07:35\",\"name\":\"product-33\",\"extension\":\"jpg\"}','2025-05-20 14:07:35','2025-05-20 14:07:35'),(77,112,'ecommerce/digital-product-files/product-28.jpg','{\"filename\":\"product-28.jpg\",\"url\":\"ecommerce\\/digital-product-files\\/product-28.jpg\",\"mime_type\":\"image\\/jpeg\",\"size\":9730,\"modified\":\"2025-05-20 15:07:35\",\"name\":\"product-28\",\"extension\":\"jpg\"}','2025-05-20 14:07:35','2025-05-20 14:07:35'),(78,113,'ecommerce/digital-product-files/product-25.jpg','{\"filename\":\"product-25.jpg\",\"url\":\"ecommerce\\/digital-product-files\\/product-25.jpg\",\"mime_type\":\"image\\/jpeg\",\"size\":9730,\"modified\":\"2025-05-20 15:07:35\",\"name\":\"product-25\",\"extension\":\"jpg\"}','2025-05-20 14:07:35','2025-05-20 14:07:35'),(79,113,'ecommerce/digital-product-files/product-50.jpg','{\"filename\":\"product-50.jpg\",\"url\":\"ecommerce\\/digital-product-files\\/product-50.jpg\",\"mime_type\":\"image\\/jpeg\",\"size\":9730,\"modified\":\"2025-05-20 15:07:35\",\"name\":\"product-50\",\"extension\":\"jpg\"}','2025-05-20 14:07:35','2025-05-20 14:07:35'),(80,113,'ecommerce/digital-product-files/product-45.jpg','{\"filename\":\"product-45.jpg\",\"url\":\"ecommerce\\/digital-product-files\\/product-45.jpg\",\"mime_type\":\"image\\/jpeg\",\"size\":9730,\"modified\":\"2025-05-20 15:07:35\",\"name\":\"product-45\",\"extension\":\"jpg\"}','2025-05-20 14:07:35','2025-05-20 14:07:35'),(81,113,'ecommerce/digital-product-files/product-33.jpg','{\"filename\":\"product-33.jpg\",\"url\":\"ecommerce\\/digital-product-files\\/product-33.jpg\",\"mime_type\":\"image\\/jpeg\",\"size\":9730,\"modified\":\"2025-05-20 15:07:35\",\"name\":\"product-33\",\"extension\":\"jpg\"}','2025-05-20 14:07:35','2025-05-20 14:07:35'),(82,113,'ecommerce/digital-product-files/product-28.jpg','{\"filename\":\"product-28.jpg\",\"url\":\"ecommerce\\/digital-product-files\\/product-28.jpg\",\"mime_type\":\"image\\/jpeg\",\"size\":9730,\"modified\":\"2025-05-20 15:07:35\",\"name\":\"product-28\",\"extension\":\"jpg\"}','2025-05-20 14:07:35','2025-05-20 14:07:35'),(83,122,'ecommerce/digital-product-files/product-94.jpg','{\"filename\":\"product-94.jpg\",\"url\":\"ecommerce\\/digital-product-files\\/product-94.jpg\",\"mime_type\":\"image\\/jpeg\",\"size\":9730,\"modified\":\"2025-05-20 15:07:35\",\"name\":\"product-94\",\"extension\":\"jpg\"}','2025-05-20 14:07:35','2025-05-20 14:07:35'),(84,122,'ecommerce/digital-product-files/product-78.jpg','{\"filename\":\"product-78.jpg\",\"url\":\"ecommerce\\/digital-product-files\\/product-78.jpg\",\"mime_type\":\"image\\/jpeg\",\"size\":9730,\"modified\":\"2025-05-20 15:07:35\",\"name\":\"product-78\",\"extension\":\"jpg\"}','2025-05-20 14:07:35','2025-05-20 14:07:35'),(85,122,'ecommerce/digital-product-files/product-15.jpg','{\"filename\":\"product-15.jpg\",\"url\":\"ecommerce\\/digital-product-files\\/product-15.jpg\",\"mime_type\":\"image\\/jpeg\",\"size\":9730,\"modified\":\"2025-05-20 15:07:35\",\"name\":\"product-15\",\"extension\":\"jpg\"}','2025-05-20 14:07:35','2025-05-20 14:07:35'),(86,122,'ecommerce/digital-product-files/product-11.jpg','{\"filename\":\"product-11.jpg\",\"url\":\"ecommerce\\/digital-product-files\\/product-11.jpg\",\"mime_type\":\"image\\/jpeg\",\"size\":9730,\"modified\":\"2025-05-20 15:07:35\",\"name\":\"product-11\",\"extension\":\"jpg\"}','2025-05-20 14:07:35','2025-05-20 14:07:35'),(87,122,'ecommerce/digital-product-files/product-2.jpg','{\"filename\":\"product-2.jpg\",\"url\":\"ecommerce\\/digital-product-files\\/product-2.jpg\",\"mime_type\":\"image\\/jpeg\",\"size\":9730,\"modified\":\"2025-05-20 15:07:35\",\"name\":\"product-2\",\"extension\":\"jpg\"}','2025-05-20 14:07:35','2025-05-20 14:07:35'),(88,123,'ecommerce/digital-product-files/product-94.jpg','{\"filename\":\"product-94.jpg\",\"url\":\"ecommerce\\/digital-product-files\\/product-94.jpg\",\"mime_type\":\"image\\/jpeg\",\"size\":9730,\"modified\":\"2025-05-20 15:07:35\",\"name\":\"product-94\",\"extension\":\"jpg\"}','2025-05-20 14:07:35','2025-05-20 14:07:35'),(89,123,'ecommerce/digital-product-files/product-78.jpg','{\"filename\":\"product-78.jpg\",\"url\":\"ecommerce\\/digital-product-files\\/product-78.jpg\",\"mime_type\":\"image\\/jpeg\",\"size\":9730,\"modified\":\"2025-05-20 15:07:36\",\"name\":\"product-78\",\"extension\":\"jpg\"}','2025-05-20 14:07:36','2025-05-20 14:07:36'),(90,123,'ecommerce/digital-product-files/product-15.jpg','{\"filename\":\"product-15.jpg\",\"url\":\"ecommerce\\/digital-product-files\\/product-15.jpg\",\"mime_type\":\"image\\/jpeg\",\"size\":9730,\"modified\":\"2025-05-20 15:07:36\",\"name\":\"product-15\",\"extension\":\"jpg\"}','2025-05-20 14:07:36','2025-05-20 14:07:36'),(91,123,'ecommerce/digital-product-files/product-11.jpg','{\"filename\":\"product-11.jpg\",\"url\":\"ecommerce\\/digital-product-files\\/product-11.jpg\",\"mime_type\":\"image\\/jpeg\",\"size\":9730,\"modified\":\"2025-05-20 15:07:36\",\"name\":\"product-11\",\"extension\":\"jpg\"}','2025-05-20 14:07:36','2025-05-20 14:07:36'),(92,123,'ecommerce/digital-product-files/product-2.jpg','{\"filename\":\"product-2.jpg\",\"url\":\"ecommerce\\/digital-product-files\\/product-2.jpg\",\"mime_type\":\"image\\/jpeg\",\"size\":9730,\"modified\":\"2025-05-20 15:07:36\",\"name\":\"product-2\",\"extension\":\"jpg\"}','2025-05-20 14:07:36','2025-05-20 14:07:36'),(93,124,'ecommerce/digital-product-files/product-94.jpg','{\"filename\":\"product-94.jpg\",\"url\":\"ecommerce\\/digital-product-files\\/product-94.jpg\",\"mime_type\":\"image\\/jpeg\",\"size\":9730,\"modified\":\"2025-05-20 15:07:36\",\"name\":\"product-94\",\"extension\":\"jpg\"}','2025-05-20 14:07:36','2025-05-20 14:07:36'),(94,124,'ecommerce/digital-product-files/product-78.jpg','{\"filename\":\"product-78.jpg\",\"url\":\"ecommerce\\/digital-product-files\\/product-78.jpg\",\"mime_type\":\"image\\/jpeg\",\"size\":9730,\"modified\":\"2025-05-20 15:07:36\",\"name\":\"product-78\",\"extension\":\"jpg\"}','2025-05-20 14:07:36','2025-05-20 14:07:36'),(95,124,'ecommerce/digital-product-files/product-15.jpg','{\"filename\":\"product-15.jpg\",\"url\":\"ecommerce\\/digital-product-files\\/product-15.jpg\",\"mime_type\":\"image\\/jpeg\",\"size\":9730,\"modified\":\"2025-05-20 15:07:36\",\"name\":\"product-15\",\"extension\":\"jpg\"}','2025-05-20 14:07:36','2025-05-20 14:07:36'),(96,124,'ecommerce/digital-product-files/product-11.jpg','{\"filename\":\"product-11.jpg\",\"url\":\"ecommerce\\/digital-product-files\\/product-11.jpg\",\"mime_type\":\"image\\/jpeg\",\"size\":9730,\"modified\":\"2025-05-20 15:07:36\",\"name\":\"product-11\",\"extension\":\"jpg\"}','2025-05-20 14:07:36','2025-05-20 14:07:36'),(97,124,'ecommerce/digital-product-files/product-2.jpg','{\"filename\":\"product-2.jpg\",\"url\":\"ecommerce\\/digital-product-files\\/product-2.jpg\",\"mime_type\":\"image\\/jpeg\",\"size\":9730,\"modified\":\"2025-05-20 15:07:36\",\"name\":\"product-2\",\"extension\":\"jpg\"}','2025-05-20 14:07:36','2025-05-20 14:07:36'),(98,135,'ecommerce/digital-product-files/product-81.jpg','{\"filename\":\"product-81.jpg\",\"url\":\"ecommerce\\/digital-product-files\\/product-81.jpg\",\"mime_type\":\"image\\/jpeg\",\"size\":9730,\"modified\":\"2025-05-20 15:07:36\",\"name\":\"product-81\",\"extension\":\"jpg\"}','2025-05-20 14:07:36','2025-05-20 14:07:36'),(99,135,'ecommerce/digital-product-files/product-86.jpg','{\"filename\":\"product-86.jpg\",\"url\":\"ecommerce\\/digital-product-files\\/product-86.jpg\",\"mime_type\":\"image\\/jpeg\",\"size\":9730,\"modified\":\"2025-05-20 15:07:36\",\"name\":\"product-86\",\"extension\":\"jpg\"}','2025-05-20 14:07:36','2025-05-20 14:07:36'),(100,135,'ecommerce/digital-product-files/product-7.jpg','{\"filename\":\"product-7.jpg\",\"url\":\"ecommerce\\/digital-product-files\\/product-7.jpg\",\"mime_type\":\"image\\/jpeg\",\"size\":9730,\"modified\":\"2025-05-20 15:07:36\",\"name\":\"product-7\",\"extension\":\"jpg\"}','2025-05-20 14:07:36','2025-05-20 14:07:36'),(101,135,'ecommerce/digital-product-files/product-23.jpg','{\"filename\":\"product-23.jpg\",\"url\":\"ecommerce\\/digital-product-files\\/product-23.jpg\",\"mime_type\":\"image\\/jpeg\",\"size\":9730,\"modified\":\"2025-05-20 15:07:36\",\"name\":\"product-23\",\"extension\":\"jpg\"}','2025-05-20 14:07:36','2025-05-20 14:07:36'),(102,135,'ecommerce/digital-product-files/product-29.jpg','{\"filename\":\"product-29.jpg\",\"url\":\"ecommerce\\/digital-product-files\\/product-29.jpg\",\"mime_type\":\"image\\/jpeg\",\"size\":9730,\"modified\":\"2025-05-20 15:07:36\",\"name\":\"product-29\",\"extension\":\"jpg\"}','2025-05-20 14:07:36','2025-05-20 14:07:36'),(103,136,'ecommerce/digital-product-files/product-81.jpg','{\"filename\":\"product-81.jpg\",\"url\":\"ecommerce\\/digital-product-files\\/product-81.jpg\",\"mime_type\":\"image\\/jpeg\",\"size\":9730,\"modified\":\"2025-05-20 15:07:36\",\"name\":\"product-81\",\"extension\":\"jpg\"}','2025-05-20 14:07:36','2025-05-20 14:07:36'),(104,136,'ecommerce/digital-product-files/product-86.jpg','{\"filename\":\"product-86.jpg\",\"url\":\"ecommerce\\/digital-product-files\\/product-86.jpg\",\"mime_type\":\"image\\/jpeg\",\"size\":9730,\"modified\":\"2025-05-20 15:07:36\",\"name\":\"product-86\",\"extension\":\"jpg\"}','2025-05-20 14:07:36','2025-05-20 14:07:36'),(105,136,'ecommerce/digital-product-files/product-7.jpg','{\"filename\":\"product-7.jpg\",\"url\":\"ecommerce\\/digital-product-files\\/product-7.jpg\",\"mime_type\":\"image\\/jpeg\",\"size\":9730,\"modified\":\"2025-05-20 15:07:36\",\"name\":\"product-7\",\"extension\":\"jpg\"}','2025-05-20 14:07:36','2025-05-20 14:07:36'),(106,136,'ecommerce/digital-product-files/product-23.jpg','{\"filename\":\"product-23.jpg\",\"url\":\"ecommerce\\/digital-product-files\\/product-23.jpg\",\"mime_type\":\"image\\/jpeg\",\"size\":9730,\"modified\":\"2025-05-20 15:07:36\",\"name\":\"product-23\",\"extension\":\"jpg\"}','2025-05-20 14:07:36','2025-05-20 14:07:36'),(107,136,'ecommerce/digital-product-files/product-29.jpg','{\"filename\":\"product-29.jpg\",\"url\":\"ecommerce\\/digital-product-files\\/product-29.jpg\",\"mime_type\":\"image\\/jpeg\",\"size\":9730,\"modified\":\"2025-05-20 15:07:36\",\"name\":\"product-29\",\"extension\":\"jpg\"}','2025-05-20 14:07:36','2025-05-20 14:07:36'),(108,137,'ecommerce/digital-product-files/product-81.jpg','{\"filename\":\"product-81.jpg\",\"url\":\"ecommerce\\/digital-product-files\\/product-81.jpg\",\"mime_type\":\"image\\/jpeg\",\"size\":9730,\"modified\":\"2025-05-20 15:07:36\",\"name\":\"product-81\",\"extension\":\"jpg\"}','2025-05-20 14:07:36','2025-05-20 14:07:36'),(109,137,'ecommerce/digital-product-files/product-86.jpg','{\"filename\":\"product-86.jpg\",\"url\":\"ecommerce\\/digital-product-files\\/product-86.jpg\",\"mime_type\":\"image\\/jpeg\",\"size\":9730,\"modified\":\"2025-05-20 15:07:36\",\"name\":\"product-86\",\"extension\":\"jpg\"}','2025-05-20 14:07:36','2025-05-20 14:07:36'),(110,137,'ecommerce/digital-product-files/product-7.jpg','{\"filename\":\"product-7.jpg\",\"url\":\"ecommerce\\/digital-product-files\\/product-7.jpg\",\"mime_type\":\"image\\/jpeg\",\"size\":9730,\"modified\":\"2025-05-20 15:07:36\",\"name\":\"product-7\",\"extension\":\"jpg\"}','2025-05-20 14:07:36','2025-05-20 14:07:36'),(111,137,'ecommerce/digital-product-files/product-23.jpg','{\"filename\":\"product-23.jpg\",\"url\":\"ecommerce\\/digital-product-files\\/product-23.jpg\",\"mime_type\":\"image\\/jpeg\",\"size\":9730,\"modified\":\"2025-05-20 15:07:36\",\"name\":\"product-23\",\"extension\":\"jpg\"}','2025-05-20 14:07:36','2025-05-20 14:07:36'),(112,137,'ecommerce/digital-product-files/product-29.jpg','{\"filename\":\"product-29.jpg\",\"url\":\"ecommerce\\/digital-product-files\\/product-29.jpg\",\"mime_type\":\"image\\/jpeg\",\"size\":9730,\"modified\":\"2025-05-20 15:07:36\",\"name\":\"product-29\",\"extension\":\"jpg\"}','2025-05-20 14:07:36','2025-05-20 14:07:36'),(113,138,'ecommerce/digital-product-files/product-81.jpg','{\"filename\":\"product-81.jpg\",\"url\":\"ecommerce\\/digital-product-files\\/product-81.jpg\",\"mime_type\":\"image\\/jpeg\",\"size\":9730,\"modified\":\"2025-05-20 15:07:36\",\"name\":\"product-81\",\"extension\":\"jpg\"}','2025-05-20 14:07:36','2025-05-20 14:07:36'),(114,138,'ecommerce/digital-product-files/product-86.jpg','{\"filename\":\"product-86.jpg\",\"url\":\"ecommerce\\/digital-product-files\\/product-86.jpg\",\"mime_type\":\"image\\/jpeg\",\"size\":9730,\"modified\":\"2025-05-20 15:07:36\",\"name\":\"product-86\",\"extension\":\"jpg\"}','2025-05-20 14:07:36','2025-05-20 14:07:36'),(115,138,'ecommerce/digital-product-files/product-7.jpg','{\"filename\":\"product-7.jpg\",\"url\":\"ecommerce\\/digital-product-files\\/product-7.jpg\",\"mime_type\":\"image\\/jpeg\",\"size\":9730,\"modified\":\"2025-05-20 15:07:36\",\"name\":\"product-7\",\"extension\":\"jpg\"}','2025-05-20 14:07:36','2025-05-20 14:07:36'),(116,138,'ecommerce/digital-product-files/product-23.jpg','{\"filename\":\"product-23.jpg\",\"url\":\"ecommerce\\/digital-product-files\\/product-23.jpg\",\"mime_type\":\"image\\/jpeg\",\"size\":9730,\"modified\":\"2025-05-20 15:07:36\",\"name\":\"product-23\",\"extension\":\"jpg\"}','2025-05-20 14:07:36','2025-05-20 14:07:36'),(117,138,'ecommerce/digital-product-files/product-29.jpg','{\"filename\":\"product-29.jpg\",\"url\":\"ecommerce\\/digital-product-files\\/product-29.jpg\",\"mime_type\":\"image\\/jpeg\",\"size\":9730,\"modified\":\"2025-05-20 15:07:36\",\"name\":\"product-29\",\"extension\":\"jpg\"}','2025-05-20 14:07:36','2025-05-20 14:07:36'),(118,150,'ecommerce/digital-product-files/product-95.jpg','{\"filename\":\"product-95.jpg\",\"url\":\"ecommerce\\/digital-product-files\\/product-95.jpg\",\"mime_type\":\"image\\/jpeg\",\"size\":9730,\"modified\":\"2025-05-20 15:07:36\",\"name\":\"product-95\",\"extension\":\"jpg\"}','2025-05-20 14:07:36','2025-05-20 14:07:36'),(119,150,'ecommerce/digital-product-files/product-8.jpg','{\"filename\":\"product-8.jpg\",\"url\":\"ecommerce\\/digital-product-files\\/product-8.jpg\",\"mime_type\":\"image\\/jpeg\",\"size\":9730,\"modified\":\"2025-05-20 15:07:36\",\"name\":\"product-8\",\"extension\":\"jpg\"}','2025-05-20 14:07:36','2025-05-20 14:07:36'),(120,150,'ecommerce/digital-product-files/product-41.jpg','{\"filename\":\"product-41.jpg\",\"url\":\"ecommerce\\/digital-product-files\\/product-41.jpg\",\"mime_type\":\"image\\/jpeg\",\"size\":9730,\"modified\":\"2025-05-20 15:07:36\",\"name\":\"product-41\",\"extension\":\"jpg\"}','2025-05-20 14:07:36','2025-05-20 14:07:36'),(121,150,'ecommerce/digital-product-files/product-67.jpg','{\"filename\":\"product-67.jpg\",\"url\":\"ecommerce\\/digital-product-files\\/product-67.jpg\",\"mime_type\":\"image\\/jpeg\",\"size\":9730,\"modified\":\"2025-05-20 15:07:36\",\"name\":\"product-67\",\"extension\":\"jpg\"}','2025-05-20 14:07:36','2025-05-20 14:07:36'),(122,150,'ecommerce/digital-product-files/product-59.jpg','{\"filename\":\"product-59.jpg\",\"url\":\"ecommerce\\/digital-product-files\\/product-59.jpg\",\"mime_type\":\"image\\/jpeg\",\"size\":9730,\"modified\":\"2025-05-20 15:07:36\",\"name\":\"product-59\",\"extension\":\"jpg\"}','2025-05-20 14:07:36','2025-05-20 14:07:36'),(123,150,'ecommerce/digital-product-files/product-86.jpg','{\"filename\":\"product-86.jpg\",\"url\":\"ecommerce\\/digital-product-files\\/product-86.jpg\",\"mime_type\":\"image\\/jpeg\",\"size\":9730,\"modified\":\"2025-05-20 15:07:36\",\"name\":\"product-86\",\"extension\":\"jpg\"}','2025-05-20 14:07:36','2025-05-20 14:07:36'),(124,150,'ecommerce/digital-product-files/product-77.jpg','{\"filename\":\"product-77.jpg\",\"url\":\"ecommerce\\/digital-product-files\\/product-77.jpg\",\"mime_type\":\"image\\/jpeg\",\"size\":9730,\"modified\":\"2025-05-20 15:07:36\",\"name\":\"product-77\",\"extension\":\"jpg\"}','2025-05-20 14:07:36','2025-05-20 14:07:36'),(125,150,'ecommerce/digital-product-files/product-55.jpg','{\"filename\":\"product-55.jpg\",\"url\":\"ecommerce\\/digital-product-files\\/product-55.jpg\",\"mime_type\":\"image\\/jpeg\",\"size\":9730,\"modified\":\"2025-05-20 15:07:36\",\"name\":\"product-55\",\"extension\":\"jpg\"}','2025-05-20 14:07:36','2025-05-20 14:07:36'),(126,150,'ecommerce/digital-product-files/product-5.jpg','{\"filename\":\"product-5.jpg\",\"url\":\"ecommerce\\/digital-product-files\\/product-5.jpg\",\"mime_type\":\"image\\/jpeg\",\"size\":9730,\"modified\":\"2025-05-20 15:07:36\",\"name\":\"product-5\",\"extension\":\"jpg\"}','2025-05-20 14:07:36','2025-05-20 14:07:36'),(127,150,'ecommerce/digital-product-files/product-72.jpg','{\"filename\":\"product-72.jpg\",\"url\":\"ecommerce\\/digital-product-files\\/product-72.jpg\",\"mime_type\":\"image\\/jpeg\",\"size\":9730,\"modified\":\"2025-05-20 15:07:36\",\"name\":\"product-72\",\"extension\":\"jpg\"}','2025-05-20 14:07:36','2025-05-20 14:07:36'),(128,151,'ecommerce/digital-product-files/product-95.jpg','{\"filename\":\"product-95.jpg\",\"url\":\"ecommerce\\/digital-product-files\\/product-95.jpg\",\"mime_type\":\"image\\/jpeg\",\"size\":9730,\"modified\":\"2025-05-20 15:07:36\",\"name\":\"product-95\",\"extension\":\"jpg\"}','2025-05-20 14:07:36','2025-05-20 14:07:36'),(129,151,'ecommerce/digital-product-files/product-8.jpg','{\"filename\":\"product-8.jpg\",\"url\":\"ecommerce\\/digital-product-files\\/product-8.jpg\",\"mime_type\":\"image\\/jpeg\",\"size\":9730,\"modified\":\"2025-05-20 15:07:36\",\"name\":\"product-8\",\"extension\":\"jpg\"}','2025-05-20 14:07:36','2025-05-20 14:07:36'),(130,151,'ecommerce/digital-product-files/product-41.jpg','{\"filename\":\"product-41.jpg\",\"url\":\"ecommerce\\/digital-product-files\\/product-41.jpg\",\"mime_type\":\"image\\/jpeg\",\"size\":9730,\"modified\":\"2025-05-20 15:07:36\",\"name\":\"product-41\",\"extension\":\"jpg\"}','2025-05-20 14:07:36','2025-05-20 14:07:36'),(131,151,'ecommerce/digital-product-files/product-67.jpg','{\"filename\":\"product-67.jpg\",\"url\":\"ecommerce\\/digital-product-files\\/product-67.jpg\",\"mime_type\":\"image\\/jpeg\",\"size\":9730,\"modified\":\"2025-05-20 15:07:36\",\"name\":\"product-67\",\"extension\":\"jpg\"}','2025-05-20 14:07:36','2025-05-20 14:07:36'),(132,151,'ecommerce/digital-product-files/product-59.jpg','{\"filename\":\"product-59.jpg\",\"url\":\"ecommerce\\/digital-product-files\\/product-59.jpg\",\"mime_type\":\"image\\/jpeg\",\"size\":9730,\"modified\":\"2025-05-20 15:07:36\",\"name\":\"product-59\",\"extension\":\"jpg\"}','2025-05-20 14:07:36','2025-05-20 14:07:36'),(133,151,'ecommerce/digital-product-files/product-86.jpg','{\"filename\":\"product-86.jpg\",\"url\":\"ecommerce\\/digital-product-files\\/product-86.jpg\",\"mime_type\":\"image\\/jpeg\",\"size\":9730,\"modified\":\"2025-05-20 15:07:36\",\"name\":\"product-86\",\"extension\":\"jpg\"}','2025-05-20 14:07:36','2025-05-20 14:07:36'),(134,151,'ecommerce/digital-product-files/product-77.jpg','{\"filename\":\"product-77.jpg\",\"url\":\"ecommerce\\/digital-product-files\\/product-77.jpg\",\"mime_type\":\"image\\/jpeg\",\"size\":9730,\"modified\":\"2025-05-20 15:07:36\",\"name\":\"product-77\",\"extension\":\"jpg\"}','2025-05-20 14:07:36','2025-05-20 14:07:36'),(135,151,'ecommerce/digital-product-files/product-55.jpg','{\"filename\":\"product-55.jpg\",\"url\":\"ecommerce\\/digital-product-files\\/product-55.jpg\",\"mime_type\":\"image\\/jpeg\",\"size\":9730,\"modified\":\"2025-05-20 15:07:36\",\"name\":\"product-55\",\"extension\":\"jpg\"}','2025-05-20 14:07:36','2025-05-20 14:07:36'),(136,151,'ecommerce/digital-product-files/product-5.jpg','{\"filename\":\"product-5.jpg\",\"url\":\"ecommerce\\/digital-product-files\\/product-5.jpg\",\"mime_type\":\"image\\/jpeg\",\"size\":9730,\"modified\":\"2025-05-20 15:07:36\",\"name\":\"product-5\",\"extension\":\"jpg\"}','2025-05-20 14:07:36','2025-05-20 14:07:36'),(137,151,'ecommerce/digital-product-files/product-72.jpg','{\"filename\":\"product-72.jpg\",\"url\":\"ecommerce\\/digital-product-files\\/product-72.jpg\",\"mime_type\":\"image\\/jpeg\",\"size\":9730,\"modified\":\"2025-05-20 15:07:36\",\"name\":\"product-72\",\"extension\":\"jpg\"}','2025-05-20 14:07:36','2025-05-20 14:07:36'),(138,152,'ecommerce/digital-product-files/product-95.jpg','{\"filename\":\"product-95.jpg\",\"url\":\"ecommerce\\/digital-product-files\\/product-95.jpg\",\"mime_type\":\"image\\/jpeg\",\"size\":9730,\"modified\":\"2025-05-20 15:07:36\",\"name\":\"product-95\",\"extension\":\"jpg\"}','2025-05-20 14:07:36','2025-05-20 14:07:36'),(139,152,'ecommerce/digital-product-files/product-8.jpg','{\"filename\":\"product-8.jpg\",\"url\":\"ecommerce\\/digital-product-files\\/product-8.jpg\",\"mime_type\":\"image\\/jpeg\",\"size\":9730,\"modified\":\"2025-05-20 15:07:36\",\"name\":\"product-8\",\"extension\":\"jpg\"}','2025-05-20 14:07:36','2025-05-20 14:07:36'),(140,152,'ecommerce/digital-product-files/product-41.jpg','{\"filename\":\"product-41.jpg\",\"url\":\"ecommerce\\/digital-product-files\\/product-41.jpg\",\"mime_type\":\"image\\/jpeg\",\"size\":9730,\"modified\":\"2025-05-20 15:07:36\",\"name\":\"product-41\",\"extension\":\"jpg\"}','2025-05-20 14:07:36','2025-05-20 14:07:36'),(141,152,'ecommerce/digital-product-files/product-67.jpg','{\"filename\":\"product-67.jpg\",\"url\":\"ecommerce\\/digital-product-files\\/product-67.jpg\",\"mime_type\":\"image\\/jpeg\",\"size\":9730,\"modified\":\"2025-05-20 15:07:36\",\"name\":\"product-67\",\"extension\":\"jpg\"}','2025-05-20 14:07:36','2025-05-20 14:07:36'),(142,152,'ecommerce/digital-product-files/product-59.jpg','{\"filename\":\"product-59.jpg\",\"url\":\"ecommerce\\/digital-product-files\\/product-59.jpg\",\"mime_type\":\"image\\/jpeg\",\"size\":9730,\"modified\":\"2025-05-20 15:07:36\",\"name\":\"product-59\",\"extension\":\"jpg\"}','2025-05-20 14:07:36','2025-05-20 14:07:36'),(143,152,'ecommerce/digital-product-files/product-86.jpg','{\"filename\":\"product-86.jpg\",\"url\":\"ecommerce\\/digital-product-files\\/product-86.jpg\",\"mime_type\":\"image\\/jpeg\",\"size\":9730,\"modified\":\"2025-05-20 15:07:36\",\"name\":\"product-86\",\"extension\":\"jpg\"}','2025-05-20 14:07:36','2025-05-20 14:07:36'),(144,152,'ecommerce/digital-product-files/product-77.jpg','{\"filename\":\"product-77.jpg\",\"url\":\"ecommerce\\/digital-product-files\\/product-77.jpg\",\"mime_type\":\"image\\/jpeg\",\"size\":9730,\"modified\":\"2025-05-20 15:07:36\",\"name\":\"product-77\",\"extension\":\"jpg\"}','2025-05-20 14:07:36','2025-05-20 14:07:36'),(145,152,'ecommerce/digital-product-files/product-55.jpg','{\"filename\":\"product-55.jpg\",\"url\":\"ecommerce\\/digital-product-files\\/product-55.jpg\",\"mime_type\":\"image\\/jpeg\",\"size\":9730,\"modified\":\"2025-05-20 15:07:36\",\"name\":\"product-55\",\"extension\":\"jpg\"}','2025-05-20 14:07:36','2025-05-20 14:07:36'),(146,152,'ecommerce/digital-product-files/product-5.jpg','{\"filename\":\"product-5.jpg\",\"url\":\"ecommerce\\/digital-product-files\\/product-5.jpg\",\"mime_type\":\"image\\/jpeg\",\"size\":9730,\"modified\":\"2025-05-20 15:07:36\",\"name\":\"product-5\",\"extension\":\"jpg\"}','2025-05-20 14:07:36','2025-05-20 14:07:36'),(147,152,'ecommerce/digital-product-files/product-72.jpg','{\"filename\":\"product-72.jpg\",\"url\":\"ecommerce\\/digital-product-files\\/product-72.jpg\",\"mime_type\":\"image\\/jpeg\",\"size\":9730,\"modified\":\"2025-05-20 15:07:36\",\"name\":\"product-72\",\"extension\":\"jpg\"}','2025-05-20 14:07:36','2025-05-20 14:07:36'),(148,160,'ecommerce/digital-product-files/product-88.jpg','{\"filename\":\"product-88.jpg\",\"url\":\"ecommerce\\/digital-product-files\\/product-88.jpg\",\"mime_type\":\"image\\/jpeg\",\"size\":9730,\"modified\":\"2025-05-20 15:07:37\",\"name\":\"product-88\",\"extension\":\"jpg\"}','2025-05-20 14:07:37','2025-05-20 14:07:37'),(149,160,'ecommerce/digital-product-files/product-67.jpg','{\"filename\":\"product-67.jpg\",\"url\":\"ecommerce\\/digital-product-files\\/product-67.jpg\",\"mime_type\":\"image\\/jpeg\",\"size\":9730,\"modified\":\"2025-05-20 15:07:37\",\"name\":\"product-67\",\"extension\":\"jpg\"}','2025-05-20 14:07:37','2025-05-20 14:07:37'),(150,160,'ecommerce/digital-product-files/product-45.jpg','{\"filename\":\"product-45.jpg\",\"url\":\"ecommerce\\/digital-product-files\\/product-45.jpg\",\"mime_type\":\"image\\/jpeg\",\"size\":9730,\"modified\":\"2025-05-20 15:07:37\",\"name\":\"product-45\",\"extension\":\"jpg\"}','2025-05-20 14:07:37','2025-05-20 14:07:37'),(151,160,'ecommerce/digital-product-files/product-46.jpg','{\"filename\":\"product-46.jpg\",\"url\":\"ecommerce\\/digital-product-files\\/product-46.jpg\",\"mime_type\":\"image\\/jpeg\",\"size\":9730,\"modified\":\"2025-05-20 15:07:37\",\"name\":\"product-46\",\"extension\":\"jpg\"}','2025-05-20 14:07:37','2025-05-20 14:07:37'),(152,160,'ecommerce/digital-product-files/product-1.jpg','{\"filename\":\"product-1.jpg\",\"url\":\"ecommerce\\/digital-product-files\\/product-1.jpg\",\"mime_type\":\"image\\/jpeg\",\"size\":9730,\"modified\":\"2025-05-20 15:07:37\",\"name\":\"product-1\",\"extension\":\"jpg\"}','2025-05-20 14:07:37','2025-05-20 14:07:37'),(153,160,'ecommerce/digital-product-files/product-71.jpg','{\"filename\":\"product-71.jpg\",\"url\":\"ecommerce\\/digital-product-files\\/product-71.jpg\",\"mime_type\":\"image\\/jpeg\",\"size\":9730,\"modified\":\"2025-05-20 15:07:37\",\"name\":\"product-71\",\"extension\":\"jpg\"}','2025-05-20 14:07:37','2025-05-20 14:07:37'),(154,160,'ecommerce/digital-product-files/product-52.jpg','{\"filename\":\"product-52.jpg\",\"url\":\"ecommerce\\/digital-product-files\\/product-52.jpg\",\"mime_type\":\"image\\/jpeg\",\"size\":9730,\"modified\":\"2025-05-20 15:07:37\",\"name\":\"product-52\",\"extension\":\"jpg\"}','2025-05-20 14:07:37','2025-05-20 14:07:37'),(166,177,'ecommerce/digital-product-files/product-18.jpg','{\"filename\":\"product-18.jpg\",\"url\":\"ecommerce\\/digital-product-files\\/product-18.jpg\",\"mime_type\":\"image\\/jpeg\",\"size\":9730,\"modified\":\"2025-05-20 15:07:37\",\"name\":\"product-18\",\"extension\":\"jpg\"}','2025-05-20 14:07:37','2025-05-20 14:07:37'),(167,177,'ecommerce/digital-product-files/product-41.jpg','{\"filename\":\"product-41.jpg\",\"url\":\"ecommerce\\/digital-product-files\\/product-41.jpg\",\"mime_type\":\"image\\/jpeg\",\"size\":9730,\"modified\":\"2025-05-20 15:07:37\",\"name\":\"product-41\",\"extension\":\"jpg\"}','2025-05-20 14:07:37','2025-05-20 14:07:37'),(168,177,'ecommerce/digital-product-files/product-79.jpg','{\"filename\":\"product-79.jpg\",\"url\":\"ecommerce\\/digital-product-files\\/product-79.jpg\",\"mime_type\":\"image\\/jpeg\",\"size\":9730,\"modified\":\"2025-05-20 15:07:37\",\"name\":\"product-79\",\"extension\":\"jpg\"}','2025-05-20 14:07:37','2025-05-20 14:07:37'),(169,177,'ecommerce/digital-product-files/product-84.jpg','{\"filename\":\"product-84.jpg\",\"url\":\"ecommerce\\/digital-product-files\\/product-84.jpg\",\"mime_type\":\"image\\/jpeg\",\"size\":9730,\"modified\":\"2025-05-20 15:07:37\",\"name\":\"product-84\",\"extension\":\"jpg\"}','2025-05-20 14:07:37','2025-05-20 14:07:37'),(170,177,'ecommerce/digital-product-files/product-74.jpg','{\"filename\":\"product-74.jpg\",\"url\":\"ecommerce\\/digital-product-files\\/product-74.jpg\",\"mime_type\":\"image\\/jpeg\",\"size\":9730,\"modified\":\"2025-05-20 15:07:37\",\"name\":\"product-74\",\"extension\":\"jpg\"}','2025-05-20 14:07:37','2025-05-20 14:07:37'),(171,177,'ecommerce/digital-product-files/product-27.jpg','{\"filename\":\"product-27.jpg\",\"url\":\"ecommerce\\/digital-product-files\\/product-27.jpg\",\"mime_type\":\"image\\/jpeg\",\"size\":9730,\"modified\":\"2025-05-20 15:07:37\",\"name\":\"product-27\",\"extension\":\"jpg\"}','2025-05-20 14:07:37','2025-05-20 14:07:37'),(172,177,'ecommerce/digital-product-files/product-68.jpg','{\"filename\":\"product-68.jpg\",\"url\":\"ecommerce\\/digital-product-files\\/product-68.jpg\",\"mime_type\":\"image\\/jpeg\",\"size\":9730,\"modified\":\"2025-05-20 15:07:37\",\"name\":\"product-68\",\"extension\":\"jpg\"}','2025-05-20 14:07:37','2025-05-20 14:07:37'),(173,177,'ecommerce/digital-product-files/product-94.jpg','{\"filename\":\"product-94.jpg\",\"url\":\"ecommerce\\/digital-product-files\\/product-94.jpg\",\"mime_type\":\"image\\/jpeg\",\"size\":9730,\"modified\":\"2025-05-20 15:07:37\",\"name\":\"product-94\",\"extension\":\"jpg\"}','2025-05-20 14:07:37','2025-05-20 14:07:37'),(174,177,'ecommerce/digital-product-files/product-54.jpg','{\"filename\":\"product-54.jpg\",\"url\":\"ecommerce\\/digital-product-files\\/product-54.jpg\",\"mime_type\":\"image\\/jpeg\",\"size\":9730,\"modified\":\"2025-05-20 15:07:37\",\"name\":\"product-54\",\"extension\":\"jpg\"}','2025-05-20 14:07:37','2025-05-20 14:07:37'),(175,177,'ecommerce/digital-product-files/product-12.jpg','{\"filename\":\"product-12.jpg\",\"url\":\"ecommerce\\/digital-product-files\\/product-12.jpg\",\"mime_type\":\"image\\/jpeg\",\"size\":9730,\"modified\":\"2025-05-20 15:07:37\",\"name\":\"product-12\",\"extension\":\"jpg\"}','2025-05-20 14:07:37','2025-05-20 14:07:37'),(176,177,'ecommerce/digital-product-files/product-80.jpg','{\"filename\":\"product-80.jpg\",\"url\":\"ecommerce\\/digital-product-files\\/product-80.jpg\",\"mime_type\":\"image\\/jpeg\",\"size\":9730,\"modified\":\"2025-05-20 15:07:37\",\"name\":\"product-80\",\"extension\":\"jpg\"}','2025-05-20 14:07:37','2025-05-20 14:07:37'),(177,184,'ecommerce/digital-product-files/product-95.jpg','{\"filename\":\"product-95.jpg\",\"url\":\"ecommerce\\/digital-product-files\\/product-95.jpg\",\"mime_type\":\"image\\/jpeg\",\"size\":9730,\"modified\":\"2025-05-20 15:07:37\",\"name\":\"product-95\",\"extension\":\"jpg\"}','2025-05-20 14:07:37','2025-05-20 14:07:37'),(178,184,'ecommerce/digital-product-files/product-86.jpg','{\"filename\":\"product-86.jpg\",\"url\":\"ecommerce\\/digital-product-files\\/product-86.jpg\",\"mime_type\":\"image\\/jpeg\",\"size\":9730,\"modified\":\"2025-05-20 15:07:37\",\"name\":\"product-86\",\"extension\":\"jpg\"}','2025-05-20 14:07:37','2025-05-20 14:07:37'),(179,184,'ecommerce/digital-product-files/product-16.jpg','{\"filename\":\"product-16.jpg\",\"url\":\"ecommerce\\/digital-product-files\\/product-16.jpg\",\"mime_type\":\"image\\/jpeg\",\"size\":9730,\"modified\":\"2025-05-20 15:07:37\",\"name\":\"product-16\",\"extension\":\"jpg\"}','2025-05-20 14:07:37','2025-05-20 14:07:37'),(180,184,'ecommerce/digital-product-files/product-60.jpg','{\"filename\":\"product-60.jpg\",\"url\":\"ecommerce\\/digital-product-files\\/product-60.jpg\",\"mime_type\":\"image\\/jpeg\",\"size\":9730,\"modified\":\"2025-05-20 15:07:37\",\"name\":\"product-60\",\"extension\":\"jpg\"}','2025-05-20 14:07:37','2025-05-20 14:07:37'),(181,184,'ecommerce/digital-product-files/product-91.jpg','{\"filename\":\"product-91.jpg\",\"url\":\"ecommerce\\/digital-product-files\\/product-91.jpg\",\"mime_type\":\"image\\/jpeg\",\"size\":9730,\"modified\":\"2025-05-20 15:07:37\",\"name\":\"product-91\",\"extension\":\"jpg\"}','2025-05-20 14:07:37','2025-05-20 14:07:37'),(182,184,'ecommerce/digital-product-files/product-71.jpg','{\"filename\":\"product-71.jpg\",\"url\":\"ecommerce\\/digital-product-files\\/product-71.jpg\",\"mime_type\":\"image\\/jpeg\",\"size\":9730,\"modified\":\"2025-05-20 15:07:37\",\"name\":\"product-71\",\"extension\":\"jpg\"}','2025-05-20 14:07:37','2025-05-20 14:07:37'),(183,184,'ecommerce/digital-product-files/product-35.jpg','{\"filename\":\"product-35.jpg\",\"url\":\"ecommerce\\/digital-product-files\\/product-35.jpg\",\"mime_type\":\"image\\/jpeg\",\"size\":9730,\"modified\":\"2025-05-20 15:07:37\",\"name\":\"product-35\",\"extension\":\"jpg\"}','2025-05-20 14:07:37','2025-05-20 14:07:37'),(184,184,'ecommerce/digital-product-files/product-22.jpg','{\"filename\":\"product-22.jpg\",\"url\":\"ecommerce\\/digital-product-files\\/product-22.jpg\",\"mime_type\":\"image\\/jpeg\",\"size\":9730,\"modified\":\"2025-05-20 15:07:37\",\"name\":\"product-22\",\"extension\":\"jpg\"}','2025-05-20 14:07:37','2025-05-20 14:07:37'),(185,184,'ecommerce/digital-product-files/product-1.jpg','{\"filename\":\"product-1.jpg\",\"url\":\"ecommerce\\/digital-product-files\\/product-1.jpg\",\"mime_type\":\"image\\/jpeg\",\"size\":9730,\"modified\":\"2025-05-20 15:07:37\",\"name\":\"product-1\",\"extension\":\"jpg\"}','2025-05-20 14:07:37','2025-05-20 14:07:37'),(186,184,'ecommerce/digital-product-files/product-81.jpg','{\"filename\":\"product-81.jpg\",\"url\":\"ecommerce\\/digital-product-files\\/product-81.jpg\",\"mime_type\":\"image\\/jpeg\",\"size\":9730,\"modified\":\"2025-05-20 15:07:37\",\"name\":\"product-81\",\"extension\":\"jpg\"}','2025-05-20 14:07:37','2025-05-20 14:07:37'),(187,184,'ecommerce/digital-product-files/product-92.jpg','{\"filename\":\"product-92.jpg\",\"url\":\"ecommerce\\/digital-product-files\\/product-92.jpg\",\"mime_type\":\"image\\/jpeg\",\"size\":9730,\"modified\":\"2025-05-20 15:07:37\",\"name\":\"product-92\",\"extension\":\"jpg\"}','2025-05-20 14:07:37','2025-05-20 14:07:37'),(188,184,'ecommerce/digital-product-files/product-80.jpg','{\"filename\":\"product-80.jpg\",\"url\":\"ecommerce\\/digital-product-files\\/product-80.jpg\",\"mime_type\":\"image\\/jpeg\",\"size\":9730,\"modified\":\"2025-05-20 15:07:37\",\"name\":\"product-80\",\"extension\":\"jpg\"}','2025-05-20 14:07:37','2025-05-20 14:07:37'),(189,185,'ecommerce/digital-product-files/product-95.jpg','{\"filename\":\"product-95.jpg\",\"url\":\"ecommerce\\/digital-product-files\\/product-95.jpg\",\"mime_type\":\"image\\/jpeg\",\"size\":9730,\"modified\":\"2025-05-20 15:07:37\",\"name\":\"product-95\",\"extension\":\"jpg\"}','2025-05-20 14:07:37','2025-05-20 14:07:37'),(190,185,'ecommerce/digital-product-files/product-86.jpg','{\"filename\":\"product-86.jpg\",\"url\":\"ecommerce\\/digital-product-files\\/product-86.jpg\",\"mime_type\":\"image\\/jpeg\",\"size\":9730,\"modified\":\"2025-05-20 15:07:37\",\"name\":\"product-86\",\"extension\":\"jpg\"}','2025-05-20 14:07:37','2025-05-20 14:07:37'),(191,185,'ecommerce/digital-product-files/product-16.jpg','{\"filename\":\"product-16.jpg\",\"url\":\"ecommerce\\/digital-product-files\\/product-16.jpg\",\"mime_type\":\"image\\/jpeg\",\"size\":9730,\"modified\":\"2025-05-20 15:07:37\",\"name\":\"product-16\",\"extension\":\"jpg\"}','2025-05-20 14:07:37','2025-05-20 14:07:37'),(192,185,'ecommerce/digital-product-files/product-60.jpg','{\"filename\":\"product-60.jpg\",\"url\":\"ecommerce\\/digital-product-files\\/product-60.jpg\",\"mime_type\":\"image\\/jpeg\",\"size\":9730,\"modified\":\"2025-05-20 15:07:37\",\"name\":\"product-60\",\"extension\":\"jpg\"}','2025-05-20 14:07:37','2025-05-20 14:07:37'),(193,185,'ecommerce/digital-product-files/product-91.jpg','{\"filename\":\"product-91.jpg\",\"url\":\"ecommerce\\/digital-product-files\\/product-91.jpg\",\"mime_type\":\"image\\/jpeg\",\"size\":9730,\"modified\":\"2025-05-20 15:07:37\",\"name\":\"product-91\",\"extension\":\"jpg\"}','2025-05-20 14:07:37','2025-05-20 14:07:37'),(194,185,'ecommerce/digital-product-files/product-71.jpg','{\"filename\":\"product-71.jpg\",\"url\":\"ecommerce\\/digital-product-files\\/product-71.jpg\",\"mime_type\":\"image\\/jpeg\",\"size\":9730,\"modified\":\"2025-05-20 15:07:37\",\"name\":\"product-71\",\"extension\":\"jpg\"}','2025-05-20 14:07:37','2025-05-20 14:07:37'),(195,185,'ecommerce/digital-product-files/product-35.jpg','{\"filename\":\"product-35.jpg\",\"url\":\"ecommerce\\/digital-product-files\\/product-35.jpg\",\"mime_type\":\"image\\/jpeg\",\"size\":9730,\"modified\":\"2025-05-20 15:07:37\",\"name\":\"product-35\",\"extension\":\"jpg\"}','2025-05-20 14:07:37','2025-05-20 14:07:37'),(196,185,'ecommerce/digital-product-files/product-22.jpg','{\"filename\":\"product-22.jpg\",\"url\":\"ecommerce\\/digital-product-files\\/product-22.jpg\",\"mime_type\":\"image\\/jpeg\",\"size\":9730,\"modified\":\"2025-05-20 15:07:37\",\"name\":\"product-22\",\"extension\":\"jpg\"}','2025-05-20 14:07:37','2025-05-20 14:07:37'),(197,185,'ecommerce/digital-product-files/product-1.jpg','{\"filename\":\"product-1.jpg\",\"url\":\"ecommerce\\/digital-product-files\\/product-1.jpg\",\"mime_type\":\"image\\/jpeg\",\"size\":9730,\"modified\":\"2025-05-20 15:07:37\",\"name\":\"product-1\",\"extension\":\"jpg\"}','2025-05-20 14:07:37','2025-05-20 14:07:37'),(198,185,'ecommerce/digital-product-files/product-81.jpg','{\"filename\":\"product-81.jpg\",\"url\":\"ecommerce\\/digital-product-files\\/product-81.jpg\",\"mime_type\":\"image\\/jpeg\",\"size\":9730,\"modified\":\"2025-05-20 15:07:37\",\"name\":\"product-81\",\"extension\":\"jpg\"}','2025-05-20 14:07:37','2025-05-20 14:07:37'),(199,185,'ecommerce/digital-product-files/product-92.jpg','{\"filename\":\"product-92.jpg\",\"url\":\"ecommerce\\/digital-product-files\\/product-92.jpg\",\"mime_type\":\"image\\/jpeg\",\"size\":9730,\"modified\":\"2025-05-20 15:07:37\",\"name\":\"product-92\",\"extension\":\"jpg\"}','2025-05-20 14:07:37','2025-05-20 14:07:37'),(200,185,'ecommerce/digital-product-files/product-80.jpg','{\"filename\":\"product-80.jpg\",\"url\":\"ecommerce\\/digital-product-files\\/product-80.jpg\",\"mime_type\":\"image\\/jpeg\",\"size\":9730,\"modified\":\"2025-05-20 15:07:37\",\"name\":\"product-80\",\"extension\":\"jpg\"}','2025-05-20 14:07:37','2025-05-20 14:07:37'),(201,186,'ecommerce/digital-product-files/product-95.jpg','{\"filename\":\"product-95.jpg\",\"url\":\"ecommerce\\/digital-product-files\\/product-95.jpg\",\"mime_type\":\"image\\/jpeg\",\"size\":9730,\"modified\":\"2025-05-20 15:07:37\",\"name\":\"product-95\",\"extension\":\"jpg\"}','2025-05-20 14:07:37','2025-05-20 14:07:37'),(202,186,'ecommerce/digital-product-files/product-86.jpg','{\"filename\":\"product-86.jpg\",\"url\":\"ecommerce\\/digital-product-files\\/product-86.jpg\",\"mime_type\":\"image\\/jpeg\",\"size\":9730,\"modified\":\"2025-05-20 15:07:37\",\"name\":\"product-86\",\"extension\":\"jpg\"}','2025-05-20 14:07:37','2025-05-20 14:07:37'),(203,186,'ecommerce/digital-product-files/product-16.jpg','{\"filename\":\"product-16.jpg\",\"url\":\"ecommerce\\/digital-product-files\\/product-16.jpg\",\"mime_type\":\"image\\/jpeg\",\"size\":9730,\"modified\":\"2025-05-20 15:07:37\",\"name\":\"product-16\",\"extension\":\"jpg\"}','2025-05-20 14:07:37','2025-05-20 14:07:37'),(204,186,'ecommerce/digital-product-files/product-60.jpg','{\"filename\":\"product-60.jpg\",\"url\":\"ecommerce\\/digital-product-files\\/product-60.jpg\",\"mime_type\":\"image\\/jpeg\",\"size\":9730,\"modified\":\"2025-05-20 15:07:37\",\"name\":\"product-60\",\"extension\":\"jpg\"}','2025-05-20 14:07:37','2025-05-20 14:07:37'),(205,186,'ecommerce/digital-product-files/product-91.jpg','{\"filename\":\"product-91.jpg\",\"url\":\"ecommerce\\/digital-product-files\\/product-91.jpg\",\"mime_type\":\"image\\/jpeg\",\"size\":9730,\"modified\":\"2025-05-20 15:07:37\",\"name\":\"product-91\",\"extension\":\"jpg\"}','2025-05-20 14:07:37','2025-05-20 14:07:37'),(206,186,'ecommerce/digital-product-files/product-71.jpg','{\"filename\":\"product-71.jpg\",\"url\":\"ecommerce\\/digital-product-files\\/product-71.jpg\",\"mime_type\":\"image\\/jpeg\",\"size\":9730,\"modified\":\"2025-05-20 15:07:37\",\"name\":\"product-71\",\"extension\":\"jpg\"}','2025-05-20 14:07:37','2025-05-20 14:07:37'),(207,186,'ecommerce/digital-product-files/product-35.jpg','{\"filename\":\"product-35.jpg\",\"url\":\"ecommerce\\/digital-product-files\\/product-35.jpg\",\"mime_type\":\"image\\/jpeg\",\"size\":9730,\"modified\":\"2025-05-20 15:07:37\",\"name\":\"product-35\",\"extension\":\"jpg\"}','2025-05-20 14:07:37','2025-05-20 14:07:37'),(208,186,'ecommerce/digital-product-files/product-22.jpg','{\"filename\":\"product-22.jpg\",\"url\":\"ecommerce\\/digital-product-files\\/product-22.jpg\",\"mime_type\":\"image\\/jpeg\",\"size\":9730,\"modified\":\"2025-05-20 15:07:37\",\"name\":\"product-22\",\"extension\":\"jpg\"}','2025-05-20 14:07:37','2025-05-20 14:07:37'),(209,186,'ecommerce/digital-product-files/product-1.jpg','{\"filename\":\"product-1.jpg\",\"url\":\"ecommerce\\/digital-product-files\\/product-1.jpg\",\"mime_type\":\"image\\/jpeg\",\"size\":9730,\"modified\":\"2025-05-20 15:07:37\",\"name\":\"product-1\",\"extension\":\"jpg\"}','2025-05-20 14:07:37','2025-05-20 14:07:37'),(210,186,'ecommerce/digital-product-files/product-81.jpg','{\"filename\":\"product-81.jpg\",\"url\":\"ecommerce\\/digital-product-files\\/product-81.jpg\",\"mime_type\":\"image\\/jpeg\",\"size\":9730,\"modified\":\"2025-05-20 15:07:37\",\"name\":\"product-81\",\"extension\":\"jpg\"}','2025-05-20 14:07:37','2025-05-20 14:07:37'),(211,186,'ecommerce/digital-product-files/product-92.jpg','{\"filename\":\"product-92.jpg\",\"url\":\"ecommerce\\/digital-product-files\\/product-92.jpg\",\"mime_type\":\"image\\/jpeg\",\"size\":9730,\"modified\":\"2025-05-20 15:07:37\",\"name\":\"product-92\",\"extension\":\"jpg\"}','2025-05-20 14:07:37','2025-05-20 14:07:37'),(212,186,'ecommerce/digital-product-files/product-80.jpg','{\"filename\":\"product-80.jpg\",\"url\":\"ecommerce\\/digital-product-files\\/product-80.jpg\",\"mime_type\":\"image\\/jpeg\",\"size\":9730,\"modified\":\"2025-05-20 15:07:37\",\"name\":\"product-80\",\"extension\":\"jpg\"}','2025-05-20 14:07:37','2025-05-20 14:07:37'),(213,193,'ecommerce/digital-product-files/product-23.jpg','{\"filename\":\"product-23.jpg\",\"url\":\"ecommerce\\/digital-product-files\\/product-23.jpg\",\"mime_type\":\"image\\/jpeg\",\"size\":9730,\"modified\":\"2025-05-20 15:07:38\",\"name\":\"product-23\",\"extension\":\"jpg\"}','2025-05-20 14:07:38','2025-05-20 14:07:38'),(214,193,'ecommerce/digital-product-files/product-42.jpg','{\"filename\":\"product-42.jpg\",\"url\":\"ecommerce\\/digital-product-files\\/product-42.jpg\",\"mime_type\":\"image\\/jpeg\",\"size\":9730,\"modified\":\"2025-05-20 15:07:38\",\"name\":\"product-42\",\"extension\":\"jpg\"}','2025-05-20 14:07:38','2025-05-20 14:07:38'),(215,193,'ecommerce/digital-product-files/product-50.jpg','{\"filename\":\"product-50.jpg\",\"url\":\"ecommerce\\/digital-product-files\\/product-50.jpg\",\"mime_type\":\"image\\/jpeg\",\"size\":9730,\"modified\":\"2025-05-20 15:07:38\",\"name\":\"product-50\",\"extension\":\"jpg\"}','2025-05-20 14:07:38','2025-05-20 14:07:38'),(216,193,'ecommerce/digital-product-files/product-61.jpg','{\"filename\":\"product-61.jpg\",\"url\":\"ecommerce\\/digital-product-files\\/product-61.jpg\",\"mime_type\":\"image\\/jpeg\",\"size\":9730,\"modified\":\"2025-05-20 15:07:38\",\"name\":\"product-61\",\"extension\":\"jpg\"}','2025-05-20 14:07:38','2025-05-20 14:07:38'),(217,193,'ecommerce/digital-product-files/product-16.jpg','{\"filename\":\"product-16.jpg\",\"url\":\"ecommerce\\/digital-product-files\\/product-16.jpg\",\"mime_type\":\"image\\/jpeg\",\"size\":9730,\"modified\":\"2025-05-20 15:07:38\",\"name\":\"product-16\",\"extension\":\"jpg\"}','2025-05-20 14:07:38','2025-05-20 14:07:38'),(218,193,'ecommerce/digital-product-files/product-38.jpg','{\"filename\":\"product-38.jpg\",\"url\":\"ecommerce\\/digital-product-files\\/product-38.jpg\",\"mime_type\":\"image\\/jpeg\",\"size\":9730,\"modified\":\"2025-05-20 15:07:38\",\"name\":\"product-38\",\"extension\":\"jpg\"}','2025-05-20 14:07:38','2025-05-20 14:07:38'),(219,193,'ecommerce/digital-product-files/product-62.jpg','{\"filename\":\"product-62.jpg\",\"url\":\"ecommerce\\/digital-product-files\\/product-62.jpg\",\"mime_type\":\"image\\/jpeg\",\"size\":9730,\"modified\":\"2025-05-20 15:07:38\",\"name\":\"product-62\",\"extension\":\"jpg\"}','2025-05-20 14:07:38','2025-05-20 14:07:38'),(220,193,'ecommerce/digital-product-files/product-7.jpg','{\"filename\":\"product-7.jpg\",\"url\":\"ecommerce\\/digital-product-files\\/product-7.jpg\",\"mime_type\":\"image\\/jpeg\",\"size\":9730,\"modified\":\"2025-05-20 15:07:38\",\"name\":\"product-7\",\"extension\":\"jpg\"}','2025-05-20 14:07:38','2025-05-20 14:07:38'),(221,193,'ecommerce/digital-product-files/product-83.jpg','{\"filename\":\"product-83.jpg\",\"url\":\"ecommerce\\/digital-product-files\\/product-83.jpg\",\"mime_type\":\"image\\/jpeg\",\"size\":9730,\"modified\":\"2025-05-20 15:07:38\",\"name\":\"product-83\",\"extension\":\"jpg\"}','2025-05-20 14:07:38','2025-05-20 14:07:38'),(222,193,'ecommerce/digital-product-files/product-76.jpg','{\"filename\":\"product-76.jpg\",\"url\":\"ecommerce\\/digital-product-files\\/product-76.jpg\",\"mime_type\":\"image\\/jpeg\",\"size\":9730,\"modified\":\"2025-05-20 15:07:38\",\"name\":\"product-76\",\"extension\":\"jpg\"}','2025-05-20 14:07:38','2025-05-20 14:07:38'),(223,193,'ecommerce/digital-product-files/product-65.jpg','{\"filename\":\"product-65.jpg\",\"url\":\"ecommerce\\/digital-product-files\\/product-65.jpg\",\"mime_type\":\"image\\/jpeg\",\"size\":9730,\"modified\":\"2025-05-20 15:07:38\",\"name\":\"product-65\",\"extension\":\"jpg\"}','2025-05-20 14:07:38','2025-05-20 14:07:38'),(224,194,'ecommerce/digital-product-files/product-23.jpg','{\"filename\":\"product-23.jpg\",\"url\":\"ecommerce\\/digital-product-files\\/product-23.jpg\",\"mime_type\":\"image\\/jpeg\",\"size\":9730,\"modified\":\"2025-05-20 15:07:38\",\"name\":\"product-23\",\"extension\":\"jpg\"}','2025-05-20 14:07:38','2025-05-20 14:07:38'),(225,194,'ecommerce/digital-product-files/product-42.jpg','{\"filename\":\"product-42.jpg\",\"url\":\"ecommerce\\/digital-product-files\\/product-42.jpg\",\"mime_type\":\"image\\/jpeg\",\"size\":9730,\"modified\":\"2025-05-20 15:07:38\",\"name\":\"product-42\",\"extension\":\"jpg\"}','2025-05-20 14:07:38','2025-05-20 14:07:38'),(226,194,'ecommerce/digital-product-files/product-50.jpg','{\"filename\":\"product-50.jpg\",\"url\":\"ecommerce\\/digital-product-files\\/product-50.jpg\",\"mime_type\":\"image\\/jpeg\",\"size\":9730,\"modified\":\"2025-05-20 15:07:38\",\"name\":\"product-50\",\"extension\":\"jpg\"}','2025-05-20 14:07:38','2025-05-20 14:07:38'),(227,194,'ecommerce/digital-product-files/product-61.jpg','{\"filename\":\"product-61.jpg\",\"url\":\"ecommerce\\/digital-product-files\\/product-61.jpg\",\"mime_type\":\"image\\/jpeg\",\"size\":9730,\"modified\":\"2025-05-20 15:07:38\",\"name\":\"product-61\",\"extension\":\"jpg\"}','2025-05-20 14:07:38','2025-05-20 14:07:38'),(228,194,'ecommerce/digital-product-files/product-16.jpg','{\"filename\":\"product-16.jpg\",\"url\":\"ecommerce\\/digital-product-files\\/product-16.jpg\",\"mime_type\":\"image\\/jpeg\",\"size\":9730,\"modified\":\"2025-05-20 15:07:38\",\"name\":\"product-16\",\"extension\":\"jpg\"}','2025-05-20 14:07:38','2025-05-20 14:07:38'),(229,194,'ecommerce/digital-product-files/product-38.jpg','{\"filename\":\"product-38.jpg\",\"url\":\"ecommerce\\/digital-product-files\\/product-38.jpg\",\"mime_type\":\"image\\/jpeg\",\"size\":9730,\"modified\":\"2025-05-20 15:07:38\",\"name\":\"product-38\",\"extension\":\"jpg\"}','2025-05-20 14:07:38','2025-05-20 14:07:38'),(230,194,'ecommerce/digital-product-files/product-62.jpg','{\"filename\":\"product-62.jpg\",\"url\":\"ecommerce\\/digital-product-files\\/product-62.jpg\",\"mime_type\":\"image\\/jpeg\",\"size\":9730,\"modified\":\"2025-05-20 15:07:38\",\"name\":\"product-62\",\"extension\":\"jpg\"}','2025-05-20 14:07:38','2025-05-20 14:07:38'),(231,194,'ecommerce/digital-product-files/product-7.jpg','{\"filename\":\"product-7.jpg\",\"url\":\"ecommerce\\/digital-product-files\\/product-7.jpg\",\"mime_type\":\"image\\/jpeg\",\"size\":9730,\"modified\":\"2025-05-20 15:07:38\",\"name\":\"product-7\",\"extension\":\"jpg\"}','2025-05-20 14:07:38','2025-05-20 14:07:38'),(232,194,'ecommerce/digital-product-files/product-83.jpg','{\"filename\":\"product-83.jpg\",\"url\":\"ecommerce\\/digital-product-files\\/product-83.jpg\",\"mime_type\":\"image\\/jpeg\",\"size\":9730,\"modified\":\"2025-05-20 15:07:38\",\"name\":\"product-83\",\"extension\":\"jpg\"}','2025-05-20 14:07:38','2025-05-20 14:07:38'),(233,194,'ecommerce/digital-product-files/product-76.jpg','{\"filename\":\"product-76.jpg\",\"url\":\"ecommerce\\/digital-product-files\\/product-76.jpg\",\"mime_type\":\"image\\/jpeg\",\"size\":9730,\"modified\":\"2025-05-20 15:07:38\",\"name\":\"product-76\",\"extension\":\"jpg\"}','2025-05-20 14:07:38','2025-05-20 14:07:38'),(234,194,'ecommerce/digital-product-files/product-65.jpg','{\"filename\":\"product-65.jpg\",\"url\":\"ecommerce\\/digital-product-files\\/product-65.jpg\",\"mime_type\":\"image\\/jpeg\",\"size\":9730,\"modified\":\"2025-05-20 15:07:38\",\"name\":\"product-65\",\"extension\":\"jpg\"}','2025-05-20 14:07:38','2025-05-20 14:07:38'),(235,195,'ecommerce/digital-product-files/product-23.jpg','{\"filename\":\"product-23.jpg\",\"url\":\"ecommerce\\/digital-product-files\\/product-23.jpg\",\"mime_type\":\"image\\/jpeg\",\"size\":9730,\"modified\":\"2025-05-20 15:07:38\",\"name\":\"product-23\",\"extension\":\"jpg\"}','2025-05-20 14:07:38','2025-05-20 14:07:38'),(236,195,'ecommerce/digital-product-files/product-42.jpg','{\"filename\":\"product-42.jpg\",\"url\":\"ecommerce\\/digital-product-files\\/product-42.jpg\",\"mime_type\":\"image\\/jpeg\",\"size\":9730,\"modified\":\"2025-05-20 15:07:38\",\"name\":\"product-42\",\"extension\":\"jpg\"}','2025-05-20 14:07:38','2025-05-20 14:07:38'),(237,195,'ecommerce/digital-product-files/product-50.jpg','{\"filename\":\"product-50.jpg\",\"url\":\"ecommerce\\/digital-product-files\\/product-50.jpg\",\"mime_type\":\"image\\/jpeg\",\"size\":9730,\"modified\":\"2025-05-20 15:07:38\",\"name\":\"product-50\",\"extension\":\"jpg\"}','2025-05-20 14:07:38','2025-05-20 14:07:38'),(238,195,'ecommerce/digital-product-files/product-61.jpg','{\"filename\":\"product-61.jpg\",\"url\":\"ecommerce\\/digital-product-files\\/product-61.jpg\",\"mime_type\":\"image\\/jpeg\",\"size\":9730,\"modified\":\"2025-05-20 15:07:38\",\"name\":\"product-61\",\"extension\":\"jpg\"}','2025-05-20 14:07:38','2025-05-20 14:07:38'),(239,195,'ecommerce/digital-product-files/product-16.jpg','{\"filename\":\"product-16.jpg\",\"url\":\"ecommerce\\/digital-product-files\\/product-16.jpg\",\"mime_type\":\"image\\/jpeg\",\"size\":9730,\"modified\":\"2025-05-20 15:07:38\",\"name\":\"product-16\",\"extension\":\"jpg\"}','2025-05-20 14:07:38','2025-05-20 14:07:38'),(240,195,'ecommerce/digital-product-files/product-38.jpg','{\"filename\":\"product-38.jpg\",\"url\":\"ecommerce\\/digital-product-files\\/product-38.jpg\",\"mime_type\":\"image\\/jpeg\",\"size\":9730,\"modified\":\"2025-05-20 15:07:38\",\"name\":\"product-38\",\"extension\":\"jpg\"}','2025-05-20 14:07:38','2025-05-20 14:07:38'),(241,195,'ecommerce/digital-product-files/product-62.jpg','{\"filename\":\"product-62.jpg\",\"url\":\"ecommerce\\/digital-product-files\\/product-62.jpg\",\"mime_type\":\"image\\/jpeg\",\"size\":9730,\"modified\":\"2025-05-20 15:07:38\",\"name\":\"product-62\",\"extension\":\"jpg\"}','2025-05-20 14:07:38','2025-05-20 14:07:38'),(242,195,'ecommerce/digital-product-files/product-7.jpg','{\"filename\":\"product-7.jpg\",\"url\":\"ecommerce\\/digital-product-files\\/product-7.jpg\",\"mime_type\":\"image\\/jpeg\",\"size\":9730,\"modified\":\"2025-05-20 15:07:38\",\"name\":\"product-7\",\"extension\":\"jpg\"}','2025-05-20 14:07:38','2025-05-20 14:07:38'),(243,195,'ecommerce/digital-product-files/product-83.jpg','{\"filename\":\"product-83.jpg\",\"url\":\"ecommerce\\/digital-product-files\\/product-83.jpg\",\"mime_type\":\"image\\/jpeg\",\"size\":9730,\"modified\":\"2025-05-20 15:07:38\",\"name\":\"product-83\",\"extension\":\"jpg\"}','2025-05-20 14:07:38','2025-05-20 14:07:38'),(244,195,'ecommerce/digital-product-files/product-76.jpg','{\"filename\":\"product-76.jpg\",\"url\":\"ecommerce\\/digital-product-files\\/product-76.jpg\",\"mime_type\":\"image\\/jpeg\",\"size\":9730,\"modified\":\"2025-05-20 15:07:38\",\"name\":\"product-76\",\"extension\":\"jpg\"}','2025-05-20 14:07:38','2025-05-20 14:07:38'),(245,195,'ecommerce/digital-product-files/product-65.jpg','{\"filename\":\"product-65.jpg\",\"url\":\"ecommerce\\/digital-product-files\\/product-65.jpg\",\"mime_type\":\"image\\/jpeg\",\"size\":9730,\"modified\":\"2025-05-20 15:07:38\",\"name\":\"product-65\",\"extension\":\"jpg\"}','2025-05-20 14:07:38','2025-05-20 14:07:38'),(246,204,'ecommerce/digital-product-files/product-1.jpg','{\"filename\":\"product-1.jpg\",\"url\":\"ecommerce\\/digital-product-files\\/product-1.jpg\",\"mime_type\":\"image\\/jpeg\",\"size\":9730,\"modified\":\"2025-05-20 15:07:38\",\"name\":\"product-1\",\"extension\":\"jpg\"}','2025-05-20 14:07:38','2025-05-20 14:07:38'),(247,204,'ecommerce/digital-product-files/product-49.jpg','{\"filename\":\"product-49.jpg\",\"url\":\"ecommerce\\/digital-product-files\\/product-49.jpg\",\"mime_type\":\"image\\/jpeg\",\"size\":9730,\"modified\":\"2025-05-20 15:07:38\",\"name\":\"product-49\",\"extension\":\"jpg\"}','2025-05-20 14:07:38','2025-05-20 14:07:38'),(248,204,'ecommerce/digital-product-files/product-70.jpg','{\"filename\":\"product-70.jpg\",\"url\":\"ecommerce\\/digital-product-files\\/product-70.jpg\",\"mime_type\":\"image\\/jpeg\",\"size\":9730,\"modified\":\"2025-05-20 15:07:38\",\"name\":\"product-70\",\"extension\":\"jpg\"}','2025-05-20 14:07:38','2025-05-20 14:07:38'),(249,204,'ecommerce/digital-product-files/product-7.jpg','{\"filename\":\"product-7.jpg\",\"url\":\"ecommerce\\/digital-product-files\\/product-7.jpg\",\"mime_type\":\"image\\/jpeg\",\"size\":9730,\"modified\":\"2025-05-20 15:07:38\",\"name\":\"product-7\",\"extension\":\"jpg\"}','2025-05-20 14:07:38','2025-05-20 14:07:38'),(250,204,'ecommerce/digital-product-files/product-82.jpg','{\"filename\":\"product-82.jpg\",\"url\":\"ecommerce\\/digital-product-files\\/product-82.jpg\",\"mime_type\":\"image\\/jpeg\",\"size\":9730,\"modified\":\"2025-05-20 15:07:38\",\"name\":\"product-82\",\"extension\":\"jpg\"}','2025-05-20 14:07:38','2025-05-20 14:07:38'),(251,204,'ecommerce/digital-product-files/product-15.jpg','{\"filename\":\"product-15.jpg\",\"url\":\"ecommerce\\/digital-product-files\\/product-15.jpg\",\"mime_type\":\"image\\/jpeg\",\"size\":9730,\"modified\":\"2025-05-20 15:07:38\",\"name\":\"product-15\",\"extension\":\"jpg\"}','2025-05-20 14:07:38','2025-05-20 14:07:38'),(252,204,'ecommerce/digital-product-files/product-9.jpg','{\"filename\":\"product-9.jpg\",\"url\":\"ecommerce\\/digital-product-files\\/product-9.jpg\",\"mime_type\":\"image\\/jpeg\",\"size\":9730,\"modified\":\"2025-05-20 15:07:38\",\"name\":\"product-9\",\"extension\":\"jpg\"}','2025-05-20 14:07:38','2025-05-20 14:07:38'),(253,204,'ecommerce/digital-product-files/product-58.jpg','{\"filename\":\"product-58.jpg\",\"url\":\"ecommerce\\/digital-product-files\\/product-58.jpg\",\"mime_type\":\"image\\/jpeg\",\"size\":9730,\"modified\":\"2025-05-20 15:07:38\",\"name\":\"product-58\",\"extension\":\"jpg\"}','2025-05-20 14:07:38','2025-05-20 14:07:38'),(254,205,'ecommerce/digital-product-files/product-1.jpg','{\"filename\":\"product-1.jpg\",\"url\":\"ecommerce\\/digital-product-files\\/product-1.jpg\",\"mime_type\":\"image\\/jpeg\",\"size\":9730,\"modified\":\"2025-05-20 15:07:38\",\"name\":\"product-1\",\"extension\":\"jpg\"}','2025-05-20 14:07:38','2025-05-20 14:07:38'),(255,205,'ecommerce/digital-product-files/product-49.jpg','{\"filename\":\"product-49.jpg\",\"url\":\"ecommerce\\/digital-product-files\\/product-49.jpg\",\"mime_type\":\"image\\/jpeg\",\"size\":9730,\"modified\":\"2025-05-20 15:07:38\",\"name\":\"product-49\",\"extension\":\"jpg\"}','2025-05-20 14:07:38','2025-05-20 14:07:38'),(256,205,'ecommerce/digital-product-files/product-70.jpg','{\"filename\":\"product-70.jpg\",\"url\":\"ecommerce\\/digital-product-files\\/product-70.jpg\",\"mime_type\":\"image\\/jpeg\",\"size\":9730,\"modified\":\"2025-05-20 15:07:38\",\"name\":\"product-70\",\"extension\":\"jpg\"}','2025-05-20 14:07:38','2025-05-20 14:07:38'),(257,205,'ecommerce/digital-product-files/product-7.jpg','{\"filename\":\"product-7.jpg\",\"url\":\"ecommerce\\/digital-product-files\\/product-7.jpg\",\"mime_type\":\"image\\/jpeg\",\"size\":9730,\"modified\":\"2025-05-20 15:07:38\",\"name\":\"product-7\",\"extension\":\"jpg\"}','2025-05-20 14:07:38','2025-05-20 14:07:38'),(258,205,'ecommerce/digital-product-files/product-82.jpg','{\"filename\":\"product-82.jpg\",\"url\":\"ecommerce\\/digital-product-files\\/product-82.jpg\",\"mime_type\":\"image\\/jpeg\",\"size\":9730,\"modified\":\"2025-05-20 15:07:38\",\"name\":\"product-82\",\"extension\":\"jpg\"}','2025-05-20 14:07:38','2025-05-20 14:07:38'),(259,205,'ecommerce/digital-product-files/product-15.jpg','{\"filename\":\"product-15.jpg\",\"url\":\"ecommerce\\/digital-product-files\\/product-15.jpg\",\"mime_type\":\"image\\/jpeg\",\"size\":9730,\"modified\":\"2025-05-20 15:07:38\",\"name\":\"product-15\",\"extension\":\"jpg\"}','2025-05-20 14:07:38','2025-05-20 14:07:38'),(260,205,'ecommerce/digital-product-files/product-9.jpg','{\"filename\":\"product-9.jpg\",\"url\":\"ecommerce\\/digital-product-files\\/product-9.jpg\",\"mime_type\":\"image\\/jpeg\",\"size\":9730,\"modified\":\"2025-05-20 15:07:38\",\"name\":\"product-9\",\"extension\":\"jpg\"}','2025-05-20 14:07:38','2025-05-20 14:07:38'),(261,205,'ecommerce/digital-product-files/product-58.jpg','{\"filename\":\"product-58.jpg\",\"url\":\"ecommerce\\/digital-product-files\\/product-58.jpg\",\"mime_type\":\"image\\/jpeg\",\"size\":9730,\"modified\":\"2025-05-20 15:07:38\",\"name\":\"product-58\",\"extension\":\"jpg\"}','2025-05-20 14:07:38','2025-05-20 14:07:38'),(262,220,'ecommerce/digital-product-files/product-33.jpg','{\"filename\":\"product-33.jpg\",\"url\":\"ecommerce\\/digital-product-files\\/product-33.jpg\",\"mime_type\":\"image\\/jpeg\",\"size\":9730,\"modified\":\"2025-05-20 15:07:39\",\"name\":\"product-33\",\"extension\":\"jpg\"}','2025-05-20 14:07:39','2025-05-20 14:07:39'),(263,220,'ecommerce/digital-product-files/product-68.jpg','{\"filename\":\"product-68.jpg\",\"url\":\"ecommerce\\/digital-product-files\\/product-68.jpg\",\"mime_type\":\"image\\/jpeg\",\"size\":9730,\"modified\":\"2025-05-20 15:07:39\",\"name\":\"product-68\",\"extension\":\"jpg\"}','2025-05-20 14:07:39','2025-05-20 14:07:39'),(264,220,'ecommerce/digital-product-files/product-87.jpg','{\"filename\":\"product-87.jpg\",\"url\":\"ecommerce\\/digital-product-files\\/product-87.jpg\",\"mime_type\":\"image\\/jpeg\",\"size\":9730,\"modified\":\"2025-05-20 15:07:39\",\"name\":\"product-87\",\"extension\":\"jpg\"}','2025-05-20 14:07:39','2025-05-20 14:07:39'),(265,220,'ecommerce/digital-product-files/product-27.jpg','{\"filename\":\"product-27.jpg\",\"url\":\"ecommerce\\/digital-product-files\\/product-27.jpg\",\"mime_type\":\"image\\/jpeg\",\"size\":9730,\"modified\":\"2025-05-20 15:07:39\",\"name\":\"product-27\",\"extension\":\"jpg\"}','2025-05-20 14:07:39','2025-05-20 14:07:39'),(266,220,'ecommerce/digital-product-files/product-5.jpg','{\"filename\":\"product-5.jpg\",\"url\":\"ecommerce\\/digital-product-files\\/product-5.jpg\",\"mime_type\":\"image\\/jpeg\",\"size\":9730,\"modified\":\"2025-05-20 15:07:39\",\"name\":\"product-5\",\"extension\":\"jpg\"}','2025-05-20 14:07:39','2025-05-20 14:07:39'),(267,220,'ecommerce/digital-product-files/product-93.jpg','{\"filename\":\"product-93.jpg\",\"url\":\"ecommerce\\/digital-product-files\\/product-93.jpg\",\"mime_type\":\"image\\/jpeg\",\"size\":9730,\"modified\":\"2025-05-20 15:07:39\",\"name\":\"product-93\",\"extension\":\"jpg\"}','2025-05-20 14:07:39','2025-05-20 14:07:39'),(268,221,'ecommerce/digital-product-files/product-33.jpg','{\"filename\":\"product-33.jpg\",\"url\":\"ecommerce\\/digital-product-files\\/product-33.jpg\",\"mime_type\":\"image\\/jpeg\",\"size\":9730,\"modified\":\"2025-05-20 15:07:39\",\"name\":\"product-33\",\"extension\":\"jpg\"}','2025-05-20 14:07:39','2025-05-20 14:07:39'),(269,221,'ecommerce/digital-product-files/product-68.jpg','{\"filename\":\"product-68.jpg\",\"url\":\"ecommerce\\/digital-product-files\\/product-68.jpg\",\"mime_type\":\"image\\/jpeg\",\"size\":9730,\"modified\":\"2025-05-20 15:07:39\",\"name\":\"product-68\",\"extension\":\"jpg\"}','2025-05-20 14:07:39','2025-05-20 14:07:39'),(270,221,'ecommerce/digital-product-files/product-87.jpg','{\"filename\":\"product-87.jpg\",\"url\":\"ecommerce\\/digital-product-files\\/product-87.jpg\",\"mime_type\":\"image\\/jpeg\",\"size\":9730,\"modified\":\"2025-05-20 15:07:39\",\"name\":\"product-87\",\"extension\":\"jpg\"}','2025-05-20 14:07:39','2025-05-20 14:07:39'),(271,221,'ecommerce/digital-product-files/product-27.jpg','{\"filename\":\"product-27.jpg\",\"url\":\"ecommerce\\/digital-product-files\\/product-27.jpg\",\"mime_type\":\"image\\/jpeg\",\"size\":9730,\"modified\":\"2025-05-20 15:07:39\",\"name\":\"product-27\",\"extension\":\"jpg\"}','2025-05-20 14:07:39','2025-05-20 14:07:39'),(272,221,'ecommerce/digital-product-files/product-5.jpg','{\"filename\":\"product-5.jpg\",\"url\":\"ecommerce\\/digital-product-files\\/product-5.jpg\",\"mime_type\":\"image\\/jpeg\",\"size\":9730,\"modified\":\"2025-05-20 15:07:39\",\"name\":\"product-5\",\"extension\":\"jpg\"}','2025-05-20 14:07:39','2025-05-20 14:07:39'),(273,221,'ecommerce/digital-product-files/product-93.jpg','{\"filename\":\"product-93.jpg\",\"url\":\"ecommerce\\/digital-product-files\\/product-93.jpg\",\"mime_type\":\"image\\/jpeg\",\"size\":9730,\"modified\":\"2025-05-20 15:07:39\",\"name\":\"product-93\",\"extension\":\"jpg\"}','2025-05-20 14:07:39','2025-05-20 14:07:39'),(274,227,'ecommerce/digital-product-files/product-79.jpg','{\"filename\":\"product-79.jpg\",\"url\":\"ecommerce\\/digital-product-files\\/product-79.jpg\",\"mime_type\":\"image\\/jpeg\",\"size\":9730,\"modified\":\"2025-05-20 15:07:39\",\"name\":\"product-79\",\"extension\":\"jpg\"}','2025-05-20 14:07:39','2025-05-20 14:07:39'),(275,227,'ecommerce/digital-product-files/product-5.jpg','{\"filename\":\"product-5.jpg\",\"url\":\"ecommerce\\/digital-product-files\\/product-5.jpg\",\"mime_type\":\"image\\/jpeg\",\"size\":9730,\"modified\":\"2025-05-20 15:07:39\",\"name\":\"product-5\",\"extension\":\"jpg\"}','2025-05-20 14:07:39','2025-05-20 14:07:39'),(276,227,'ecommerce/digital-product-files/product-35.jpg','{\"filename\":\"product-35.jpg\",\"url\":\"ecommerce\\/digital-product-files\\/product-35.jpg\",\"mime_type\":\"image\\/jpeg\",\"size\":9730,\"modified\":\"2025-05-20 15:07:39\",\"name\":\"product-35\",\"extension\":\"jpg\"}','2025-05-20 14:07:39','2025-05-20 14:07:39'),(277,227,'ecommerce/digital-product-files/product-43.jpg','{\"filename\":\"product-43.jpg\",\"url\":\"ecommerce\\/digital-product-files\\/product-43.jpg\",\"mime_type\":\"image\\/jpeg\",\"size\":9730,\"modified\":\"2025-05-20 15:07:39\",\"name\":\"product-43\",\"extension\":\"jpg\"}','2025-05-20 14:07:39','2025-05-20 14:07:39'),(278,227,'ecommerce/digital-product-files/product-84.jpg','{\"filename\":\"product-84.jpg\",\"url\":\"ecommerce\\/digital-product-files\\/product-84.jpg\",\"mime_type\":\"image\\/jpeg\",\"size\":9730,\"modified\":\"2025-05-20 15:07:39\",\"name\":\"product-84\",\"extension\":\"jpg\"}','2025-05-20 14:07:39','2025-05-20 14:07:39'),(279,227,'ecommerce/digital-product-files/product-6.jpg','{\"filename\":\"product-6.jpg\",\"url\":\"ecommerce\\/digital-product-files\\/product-6.jpg\",\"mime_type\":\"image\\/jpeg\",\"size\":9730,\"modified\":\"2025-05-20 15:07:39\",\"name\":\"product-6\",\"extension\":\"jpg\"}','2025-05-20 14:07:39','2025-05-20 14:07:39'),(280,227,'ecommerce/digital-product-files/product-2.jpg','{\"filename\":\"product-2.jpg\",\"url\":\"ecommerce\\/digital-product-files\\/product-2.jpg\",\"mime_type\":\"image\\/jpeg\",\"size\":9730,\"modified\":\"2025-05-20 15:07:39\",\"name\":\"product-2\",\"extension\":\"jpg\"}','2025-05-20 14:07:39','2025-05-20 14:07:39'),(281,227,'ecommerce/digital-product-files/product-23.jpg','{\"filename\":\"product-23.jpg\",\"url\":\"ecommerce\\/digital-product-files\\/product-23.jpg\",\"mime_type\":\"image\\/jpeg\",\"size\":9730,\"modified\":\"2025-05-20 15:07:39\",\"name\":\"product-23\",\"extension\":\"jpg\"}','2025-05-20 14:07:39','2025-05-20 14:07:39'),(282,227,'ecommerce/digital-product-files/product-91.jpg','{\"filename\":\"product-91.jpg\",\"url\":\"ecommerce\\/digital-product-files\\/product-91.jpg\",\"mime_type\":\"image\\/jpeg\",\"size\":9730,\"modified\":\"2025-05-20 15:07:39\",\"name\":\"product-91\",\"extension\":\"jpg\"}','2025-05-20 14:07:39','2025-05-20 14:07:39'),(283,228,'ecommerce/digital-product-files/product-79.jpg','{\"filename\":\"product-79.jpg\",\"url\":\"ecommerce\\/digital-product-files\\/product-79.jpg\",\"mime_type\":\"image\\/jpeg\",\"size\":9730,\"modified\":\"2025-05-20 15:07:39\",\"name\":\"product-79\",\"extension\":\"jpg\"}','2025-05-20 14:07:39','2025-05-20 14:07:39'),(284,228,'ecommerce/digital-product-files/product-5.jpg','{\"filename\":\"product-5.jpg\",\"url\":\"ecommerce\\/digital-product-files\\/product-5.jpg\",\"mime_type\":\"image\\/jpeg\",\"size\":9730,\"modified\":\"2025-05-20 15:07:39\",\"name\":\"product-5\",\"extension\":\"jpg\"}','2025-05-20 14:07:39','2025-05-20 14:07:39'),(285,228,'ecommerce/digital-product-files/product-35.jpg','{\"filename\":\"product-35.jpg\",\"url\":\"ecommerce\\/digital-product-files\\/product-35.jpg\",\"mime_type\":\"image\\/jpeg\",\"size\":9730,\"modified\":\"2025-05-20 15:07:39\",\"name\":\"product-35\",\"extension\":\"jpg\"}','2025-05-20 14:07:39','2025-05-20 14:07:39'),(286,228,'ecommerce/digital-product-files/product-43.jpg','{\"filename\":\"product-43.jpg\",\"url\":\"ecommerce\\/digital-product-files\\/product-43.jpg\",\"mime_type\":\"image\\/jpeg\",\"size\":9730,\"modified\":\"2025-05-20 15:07:39\",\"name\":\"product-43\",\"extension\":\"jpg\"}','2025-05-20 14:07:39','2025-05-20 14:07:39'),(287,228,'ecommerce/digital-product-files/product-84.jpg','{\"filename\":\"product-84.jpg\",\"url\":\"ecommerce\\/digital-product-files\\/product-84.jpg\",\"mime_type\":\"image\\/jpeg\",\"size\":9730,\"modified\":\"2025-05-20 15:07:39\",\"name\":\"product-84\",\"extension\":\"jpg\"}','2025-05-20 14:07:39','2025-05-20 14:07:39'),(288,228,'ecommerce/digital-product-files/product-6.jpg','{\"filename\":\"product-6.jpg\",\"url\":\"ecommerce\\/digital-product-files\\/product-6.jpg\",\"mime_type\":\"image\\/jpeg\",\"size\":9730,\"modified\":\"2025-05-20 15:07:39\",\"name\":\"product-6\",\"extension\":\"jpg\"}','2025-05-20 14:07:39','2025-05-20 14:07:39'),(289,228,'ecommerce/digital-product-files/product-2.jpg','{\"filename\":\"product-2.jpg\",\"url\":\"ecommerce\\/digital-product-files\\/product-2.jpg\",\"mime_type\":\"image\\/jpeg\",\"size\":9730,\"modified\":\"2025-05-20 15:07:39\",\"name\":\"product-2\",\"extension\":\"jpg\"}','2025-05-20 14:07:39','2025-05-20 14:07:39'),(290,228,'ecommerce/digital-product-files/product-23.jpg','{\"filename\":\"product-23.jpg\",\"url\":\"ecommerce\\/digital-product-files\\/product-23.jpg\",\"mime_type\":\"image\\/jpeg\",\"size\":9730,\"modified\":\"2025-05-20 15:07:39\",\"name\":\"product-23\",\"extension\":\"jpg\"}','2025-05-20 14:07:39','2025-05-20 14:07:39'),(291,228,'ecommerce/digital-product-files/product-91.jpg','{\"filename\":\"product-91.jpg\",\"url\":\"ecommerce\\/digital-product-files\\/product-91.jpg\",\"mime_type\":\"image\\/jpeg\",\"size\":9730,\"modified\":\"2025-05-20 15:07:39\",\"name\":\"product-91\",\"extension\":\"jpg\"}','2025-05-20 14:07:39','2025-05-20 14:07:39'),(292,229,'ecommerce/digital-product-files/product-79.jpg','{\"filename\":\"product-79.jpg\",\"url\":\"ecommerce\\/digital-product-files\\/product-79.jpg\",\"mime_type\":\"image\\/jpeg\",\"size\":9730,\"modified\":\"2025-05-20 15:07:39\",\"name\":\"product-79\",\"extension\":\"jpg\"}','2025-05-20 14:07:39','2025-05-20 14:07:39'),(293,229,'ecommerce/digital-product-files/product-5.jpg','{\"filename\":\"product-5.jpg\",\"url\":\"ecommerce\\/digital-product-files\\/product-5.jpg\",\"mime_type\":\"image\\/jpeg\",\"size\":9730,\"modified\":\"2025-05-20 15:07:39\",\"name\":\"product-5\",\"extension\":\"jpg\"}','2025-05-20 14:07:39','2025-05-20 14:07:39'),(294,229,'ecommerce/digital-product-files/product-35.jpg','{\"filename\":\"product-35.jpg\",\"url\":\"ecommerce\\/digital-product-files\\/product-35.jpg\",\"mime_type\":\"image\\/jpeg\",\"size\":9730,\"modified\":\"2025-05-20 15:07:39\",\"name\":\"product-35\",\"extension\":\"jpg\"}','2025-05-20 14:07:39','2025-05-20 14:07:39'),(295,229,'ecommerce/digital-product-files/product-43.jpg','{\"filename\":\"product-43.jpg\",\"url\":\"ecommerce\\/digital-product-files\\/product-43.jpg\",\"mime_type\":\"image\\/jpeg\",\"size\":9730,\"modified\":\"2025-05-20 15:07:39\",\"name\":\"product-43\",\"extension\":\"jpg\"}','2025-05-20 14:07:39','2025-05-20 14:07:39'),(296,229,'ecommerce/digital-product-files/product-84.jpg','{\"filename\":\"product-84.jpg\",\"url\":\"ecommerce\\/digital-product-files\\/product-84.jpg\",\"mime_type\":\"image\\/jpeg\",\"size\":9730,\"modified\":\"2025-05-20 15:07:39\",\"name\":\"product-84\",\"extension\":\"jpg\"}','2025-05-20 14:07:39','2025-05-20 14:07:39'),(297,229,'ecommerce/digital-product-files/product-6.jpg','{\"filename\":\"product-6.jpg\",\"url\":\"ecommerce\\/digital-product-files\\/product-6.jpg\",\"mime_type\":\"image\\/jpeg\",\"size\":9730,\"modified\":\"2025-05-20 15:07:39\",\"name\":\"product-6\",\"extension\":\"jpg\"}','2025-05-20 14:07:39','2025-05-20 14:07:39'),(298,229,'ecommerce/digital-product-files/product-2.jpg','{\"filename\":\"product-2.jpg\",\"url\":\"ecommerce\\/digital-product-files\\/product-2.jpg\",\"mime_type\":\"image\\/jpeg\",\"size\":9730,\"modified\":\"2025-05-20 15:07:39\",\"name\":\"product-2\",\"extension\":\"jpg\"}','2025-05-20 14:07:39','2025-05-20 14:07:39'),(299,229,'ecommerce/digital-product-files/product-23.jpg','{\"filename\":\"product-23.jpg\",\"url\":\"ecommerce\\/digital-product-files\\/product-23.jpg\",\"mime_type\":\"image\\/jpeg\",\"size\":9730,\"modified\":\"2025-05-20 15:07:39\",\"name\":\"product-23\",\"extension\":\"jpg\"}','2025-05-20 14:07:39','2025-05-20 14:07:39'),(300,229,'ecommerce/digital-product-files/product-91.jpg','{\"filename\":\"product-91.jpg\",\"url\":\"ecommerce\\/digital-product-files\\/product-91.jpg\",\"mime_type\":\"image\\/jpeg\",\"size\":9730,\"modified\":\"2025-05-20 15:07:39\",\"name\":\"product-91\",\"extension\":\"jpg\"}','2025-05-20 14:07:39','2025-05-20 14:07:39'),(301,237,'ecommerce/digital-product-files/product-30.jpg','{\"filename\":\"product-30.jpg\",\"url\":\"ecommerce\\/digital-product-files\\/product-30.jpg\",\"mime_type\":\"image\\/jpeg\",\"size\":9730,\"modified\":\"2025-05-20 15:07:39\",\"name\":\"product-30\",\"extension\":\"jpg\"}','2025-05-20 14:07:39','2025-05-20 14:07:39'),(302,237,'ecommerce/digital-product-files/product-88.jpg','{\"filename\":\"product-88.jpg\",\"url\":\"ecommerce\\/digital-product-files\\/product-88.jpg\",\"mime_type\":\"image\\/jpeg\",\"size\":9730,\"modified\":\"2025-05-20 15:07:39\",\"name\":\"product-88\",\"extension\":\"jpg\"}','2025-05-20 14:07:39','2025-05-20 14:07:39'),(303,237,'ecommerce/digital-product-files/product-40.jpg','{\"filename\":\"product-40.jpg\",\"url\":\"ecommerce\\/digital-product-files\\/product-40.jpg\",\"mime_type\":\"image\\/jpeg\",\"size\":9730,\"modified\":\"2025-05-20 15:07:39\",\"name\":\"product-40\",\"extension\":\"jpg\"}','2025-05-20 14:07:39','2025-05-20 14:07:39'),(304,237,'ecommerce/digital-product-files/product-16.jpg','{\"filename\":\"product-16.jpg\",\"url\":\"ecommerce\\/digital-product-files\\/product-16.jpg\",\"mime_type\":\"image\\/jpeg\",\"size\":9730,\"modified\":\"2025-05-20 15:07:39\",\"name\":\"product-16\",\"extension\":\"jpg\"}','2025-05-20 14:07:39','2025-05-20 14:07:39'),(305,237,'ecommerce/digital-product-files/product-46.jpg','{\"filename\":\"product-46.jpg\",\"url\":\"ecommerce\\/digital-product-files\\/product-46.jpg\",\"mime_type\":\"image\\/jpeg\",\"size\":9730,\"modified\":\"2025-05-20 15:07:39\",\"name\":\"product-46\",\"extension\":\"jpg\"}','2025-05-20 14:07:39','2025-05-20 14:07:39'),(306,237,'ecommerce/digital-product-files/product-73.jpg','{\"filename\":\"product-73.jpg\",\"url\":\"ecommerce\\/digital-product-files\\/product-73.jpg\",\"mime_type\":\"image\\/jpeg\",\"size\":9730,\"modified\":\"2025-05-20 15:07:39\",\"name\":\"product-73\",\"extension\":\"jpg\"}','2025-05-20 14:07:39','2025-05-20 14:07:39'),(307,237,'ecommerce/digital-product-files/product-80.jpg','{\"filename\":\"product-80.jpg\",\"url\":\"ecommerce\\/digital-product-files\\/product-80.jpg\",\"mime_type\":\"image\\/jpeg\",\"size\":9730,\"modified\":\"2025-05-20 15:07:39\",\"name\":\"product-80\",\"extension\":\"jpg\"}','2025-05-20 14:07:39','2025-05-20 14:07:39'),(308,237,'ecommerce/digital-product-files/product-82.jpg','{\"filename\":\"product-82.jpg\",\"url\":\"ecommerce\\/digital-product-files\\/product-82.jpg\",\"mime_type\":\"image\\/jpeg\",\"size\":9730,\"modified\":\"2025-05-20 15:07:39\",\"name\":\"product-82\",\"extension\":\"jpg\"}','2025-05-20 14:07:39','2025-05-20 14:07:39'),(309,237,'ecommerce/digital-product-files/product-92.jpg','{\"filename\":\"product-92.jpg\",\"url\":\"ecommerce\\/digital-product-files\\/product-92.jpg\",\"mime_type\":\"image\\/jpeg\",\"size\":9730,\"modified\":\"2025-05-20 15:07:39\",\"name\":\"product-92\",\"extension\":\"jpg\"}','2025-05-20 14:07:39','2025-05-20 14:07:39'),(310,237,'ecommerce/digital-product-files/product-4.jpg','{\"filename\":\"product-4.jpg\",\"url\":\"ecommerce\\/digital-product-files\\/product-4.jpg\",\"mime_type\":\"image\\/jpeg\",\"size\":9730,\"modified\":\"2025-05-20 15:07:39\",\"name\":\"product-4\",\"extension\":\"jpg\"}','2025-05-20 14:07:39','2025-05-20 14:07:39'),(311,237,'ecommerce/digital-product-files/product-83.jpg','{\"filename\":\"product-83.jpg\",\"url\":\"ecommerce\\/digital-product-files\\/product-83.jpg\",\"mime_type\":\"image\\/jpeg\",\"size\":9730,\"modified\":\"2025-05-20 15:07:39\",\"name\":\"product-83\",\"extension\":\"jpg\"}','2025-05-20 14:07:39','2025-05-20 14:07:39'),(312,238,'ecommerce/digital-product-files/product-30.jpg','{\"filename\":\"product-30.jpg\",\"url\":\"ecommerce\\/digital-product-files\\/product-30.jpg\",\"mime_type\":\"image\\/jpeg\",\"size\":9730,\"modified\":\"2025-05-20 15:07:39\",\"name\":\"product-30\",\"extension\":\"jpg\"}','2025-05-20 14:07:39','2025-05-20 14:07:39'),(313,238,'ecommerce/digital-product-files/product-88.jpg','{\"filename\":\"product-88.jpg\",\"url\":\"ecommerce\\/digital-product-files\\/product-88.jpg\",\"mime_type\":\"image\\/jpeg\",\"size\":9730,\"modified\":\"2025-05-20 15:07:39\",\"name\":\"product-88\",\"extension\":\"jpg\"}','2025-05-20 14:07:39','2025-05-20 14:07:39'),(314,238,'ecommerce/digital-product-files/product-40.jpg','{\"filename\":\"product-40.jpg\",\"url\":\"ecommerce\\/digital-product-files\\/product-40.jpg\",\"mime_type\":\"image\\/jpeg\",\"size\":9730,\"modified\":\"2025-05-20 15:07:39\",\"name\":\"product-40\",\"extension\":\"jpg\"}','2025-05-20 14:07:39','2025-05-20 14:07:39'),(315,238,'ecommerce/digital-product-files/product-16.jpg','{\"filename\":\"product-16.jpg\",\"url\":\"ecommerce\\/digital-product-files\\/product-16.jpg\",\"mime_type\":\"image\\/jpeg\",\"size\":9730,\"modified\":\"2025-05-20 15:07:39\",\"name\":\"product-16\",\"extension\":\"jpg\"}','2025-05-20 14:07:39','2025-05-20 14:07:39'),(316,238,'ecommerce/digital-product-files/product-46.jpg','{\"filename\":\"product-46.jpg\",\"url\":\"ecommerce\\/digital-product-files\\/product-46.jpg\",\"mime_type\":\"image\\/jpeg\",\"size\":9730,\"modified\":\"2025-05-20 15:07:39\",\"name\":\"product-46\",\"extension\":\"jpg\"}','2025-05-20 14:07:39','2025-05-20 14:07:39'),(317,238,'ecommerce/digital-product-files/product-73.jpg','{\"filename\":\"product-73.jpg\",\"url\":\"ecommerce\\/digital-product-files\\/product-73.jpg\",\"mime_type\":\"image\\/jpeg\",\"size\":9730,\"modified\":\"2025-05-20 15:07:39\",\"name\":\"product-73\",\"extension\":\"jpg\"}','2025-05-20 14:07:39','2025-05-20 14:07:39'),(318,238,'ecommerce/digital-product-files/product-80.jpg','{\"filename\":\"product-80.jpg\",\"url\":\"ecommerce\\/digital-product-files\\/product-80.jpg\",\"mime_type\":\"image\\/jpeg\",\"size\":9730,\"modified\":\"2025-05-20 15:07:39\",\"name\":\"product-80\",\"extension\":\"jpg\"}','2025-05-20 14:07:39','2025-05-20 14:07:39'),(319,238,'ecommerce/digital-product-files/product-82.jpg','{\"filename\":\"product-82.jpg\",\"url\":\"ecommerce\\/digital-product-files\\/product-82.jpg\",\"mime_type\":\"image\\/jpeg\",\"size\":9730,\"modified\":\"2025-05-20 15:07:39\",\"name\":\"product-82\",\"extension\":\"jpg\"}','2025-05-20 14:07:39','2025-05-20 14:07:39'),(320,238,'ecommerce/digital-product-files/product-92.jpg','{\"filename\":\"product-92.jpg\",\"url\":\"ecommerce\\/digital-product-files\\/product-92.jpg\",\"mime_type\":\"image\\/jpeg\",\"size\":9730,\"modified\":\"2025-05-20 15:07:39\",\"name\":\"product-92\",\"extension\":\"jpg\"}','2025-05-20 14:07:39','2025-05-20 14:07:39'),(321,238,'ecommerce/digital-product-files/product-4.jpg','{\"filename\":\"product-4.jpg\",\"url\":\"ecommerce\\/digital-product-files\\/product-4.jpg\",\"mime_type\":\"image\\/jpeg\",\"size\":9730,\"modified\":\"2025-05-20 15:07:39\",\"name\":\"product-4\",\"extension\":\"jpg\"}','2025-05-20 14:07:39','2025-05-20 14:07:39'),(322,238,'ecommerce/digital-product-files/product-83.jpg','{\"filename\":\"product-83.jpg\",\"url\":\"ecommerce\\/digital-product-files\\/product-83.jpg\",\"mime_type\":\"image\\/jpeg\",\"size\":9730,\"modified\":\"2025-05-20 15:07:39\",\"name\":\"product-83\",\"extension\":\"jpg\"}','2025-05-20 14:07:39','2025-05-20 14:07:39'),(323,239,'ecommerce/digital-product-files/product-30.jpg','{\"filename\":\"product-30.jpg\",\"url\":\"ecommerce\\/digital-product-files\\/product-30.jpg\",\"mime_type\":\"image\\/jpeg\",\"size\":9730,\"modified\":\"2025-05-20 15:07:39\",\"name\":\"product-30\",\"extension\":\"jpg\"}','2025-05-20 14:07:39','2025-05-20 14:07:39'),(324,239,'ecommerce/digital-product-files/product-88.jpg','{\"filename\":\"product-88.jpg\",\"url\":\"ecommerce\\/digital-product-files\\/product-88.jpg\",\"mime_type\":\"image\\/jpeg\",\"size\":9730,\"modified\":\"2025-05-20 15:07:39\",\"name\":\"product-88\",\"extension\":\"jpg\"}','2025-05-20 14:07:39','2025-05-20 14:07:39'),(325,239,'ecommerce/digital-product-files/product-40.jpg','{\"filename\":\"product-40.jpg\",\"url\":\"ecommerce\\/digital-product-files\\/product-40.jpg\",\"mime_type\":\"image\\/jpeg\",\"size\":9730,\"modified\":\"2025-05-20 15:07:39\",\"name\":\"product-40\",\"extension\":\"jpg\"}','2025-05-20 14:07:39','2025-05-20 14:07:39'),(326,239,'ecommerce/digital-product-files/product-16.jpg','{\"filename\":\"product-16.jpg\",\"url\":\"ecommerce\\/digital-product-files\\/product-16.jpg\",\"mime_type\":\"image\\/jpeg\",\"size\":9730,\"modified\":\"2025-05-20 15:07:39\",\"name\":\"product-16\",\"extension\":\"jpg\"}','2025-05-20 14:07:39','2025-05-20 14:07:39'),(327,239,'ecommerce/digital-product-files/product-46.jpg','{\"filename\":\"product-46.jpg\",\"url\":\"ecommerce\\/digital-product-files\\/product-46.jpg\",\"mime_type\":\"image\\/jpeg\",\"size\":9730,\"modified\":\"2025-05-20 15:07:39\",\"name\":\"product-46\",\"extension\":\"jpg\"}','2025-05-20 14:07:39','2025-05-20 14:07:39'),(328,239,'ecommerce/digital-product-files/product-73.jpg','{\"filename\":\"product-73.jpg\",\"url\":\"ecommerce\\/digital-product-files\\/product-73.jpg\",\"mime_type\":\"image\\/jpeg\",\"size\":9730,\"modified\":\"2025-05-20 15:07:39\",\"name\":\"product-73\",\"extension\":\"jpg\"}','2025-05-20 14:07:39','2025-05-20 14:07:39'),(329,239,'ecommerce/digital-product-files/product-80.jpg','{\"filename\":\"product-80.jpg\",\"url\":\"ecommerce\\/digital-product-files\\/product-80.jpg\",\"mime_type\":\"image\\/jpeg\",\"size\":9730,\"modified\":\"2025-05-20 15:07:39\",\"name\":\"product-80\",\"extension\":\"jpg\"}','2025-05-20 14:07:39','2025-05-20 14:07:39'),(330,239,'ecommerce/digital-product-files/product-82.jpg','{\"filename\":\"product-82.jpg\",\"url\":\"ecommerce\\/digital-product-files\\/product-82.jpg\",\"mime_type\":\"image\\/jpeg\",\"size\":9730,\"modified\":\"2025-05-20 15:07:39\",\"name\":\"product-82\",\"extension\":\"jpg\"}','2025-05-20 14:07:39','2025-05-20 14:07:39'),(331,239,'ecommerce/digital-product-files/product-92.jpg','{\"filename\":\"product-92.jpg\",\"url\":\"ecommerce\\/digital-product-files\\/product-92.jpg\",\"mime_type\":\"image\\/jpeg\",\"size\":9730,\"modified\":\"2025-05-20 15:07:39\",\"name\":\"product-92\",\"extension\":\"jpg\"}','2025-05-20 14:07:39','2025-05-20 14:07:39'),(332,239,'ecommerce/digital-product-files/product-4.jpg','{\"filename\":\"product-4.jpg\",\"url\":\"ecommerce\\/digital-product-files\\/product-4.jpg\",\"mime_type\":\"image\\/jpeg\",\"size\":9730,\"modified\":\"2025-05-20 15:07:39\",\"name\":\"product-4\",\"extension\":\"jpg\"}','2025-05-20 14:07:39','2025-05-20 14:07:39'),(333,239,'ecommerce/digital-product-files/product-83.jpg','{\"filename\":\"product-83.jpg\",\"url\":\"ecommerce\\/digital-product-files\\/product-83.jpg\",\"mime_type\":\"image\\/jpeg\",\"size\":9730,\"modified\":\"2025-05-20 15:07:39\",\"name\":\"product-83\",\"extension\":\"jpg\"}','2025-05-20 14:07:39','2025-05-20 14:07:39'),(334,240,'ecommerce/digital-product-files/product-30.jpg','{\"filename\":\"product-30.jpg\",\"url\":\"ecommerce\\/digital-product-files\\/product-30.jpg\",\"mime_type\":\"image\\/jpeg\",\"size\":9730,\"modified\":\"2025-05-20 15:07:39\",\"name\":\"product-30\",\"extension\":\"jpg\"}','2025-05-20 14:07:39','2025-05-20 14:07:39'),(335,240,'ecommerce/digital-product-files/product-88.jpg','{\"filename\":\"product-88.jpg\",\"url\":\"ecommerce\\/digital-product-files\\/product-88.jpg\",\"mime_type\":\"image\\/jpeg\",\"size\":9730,\"modified\":\"2025-05-20 15:07:39\",\"name\":\"product-88\",\"extension\":\"jpg\"}','2025-05-20 14:07:39','2025-05-20 14:07:39'),(336,240,'ecommerce/digital-product-files/product-40.jpg','{\"filename\":\"product-40.jpg\",\"url\":\"ecommerce\\/digital-product-files\\/product-40.jpg\",\"mime_type\":\"image\\/jpeg\",\"size\":9730,\"modified\":\"2025-05-20 15:07:39\",\"name\":\"product-40\",\"extension\":\"jpg\"}','2025-05-20 14:07:39','2025-05-20 14:07:39'),(337,240,'ecommerce/digital-product-files/product-16.jpg','{\"filename\":\"product-16.jpg\",\"url\":\"ecommerce\\/digital-product-files\\/product-16.jpg\",\"mime_type\":\"image\\/jpeg\",\"size\":9730,\"modified\":\"2025-05-20 15:07:39\",\"name\":\"product-16\",\"extension\":\"jpg\"}','2025-05-20 14:07:39','2025-05-20 14:07:39'),(338,240,'ecommerce/digital-product-files/product-46.jpg','{\"filename\":\"product-46.jpg\",\"url\":\"ecommerce\\/digital-product-files\\/product-46.jpg\",\"mime_type\":\"image\\/jpeg\",\"size\":9730,\"modified\":\"2025-05-20 15:07:39\",\"name\":\"product-46\",\"extension\":\"jpg\"}','2025-05-20 14:07:39','2025-05-20 14:07:39'),(339,240,'ecommerce/digital-product-files/product-73.jpg','{\"filename\":\"product-73.jpg\",\"url\":\"ecommerce\\/digital-product-files\\/product-73.jpg\",\"mime_type\":\"image\\/jpeg\",\"size\":9730,\"modified\":\"2025-05-20 15:07:39\",\"name\":\"product-73\",\"extension\":\"jpg\"}','2025-05-20 14:07:39','2025-05-20 14:07:39'),(340,240,'ecommerce/digital-product-files/product-80.jpg','{\"filename\":\"product-80.jpg\",\"url\":\"ecommerce\\/digital-product-files\\/product-80.jpg\",\"mime_type\":\"image\\/jpeg\",\"size\":9730,\"modified\":\"2025-05-20 15:07:39\",\"name\":\"product-80\",\"extension\":\"jpg\"}','2025-05-20 14:07:39','2025-05-20 14:07:39'),(341,240,'ecommerce/digital-product-files/product-82.jpg','{\"filename\":\"product-82.jpg\",\"url\":\"ecommerce\\/digital-product-files\\/product-82.jpg\",\"mime_type\":\"image\\/jpeg\",\"size\":9730,\"modified\":\"2025-05-20 15:07:39\",\"name\":\"product-82\",\"extension\":\"jpg\"}','2025-05-20 14:07:39','2025-05-20 14:07:39'),(342,240,'ecommerce/digital-product-files/product-92.jpg','{\"filename\":\"product-92.jpg\",\"url\":\"ecommerce\\/digital-product-files\\/product-92.jpg\",\"mime_type\":\"image\\/jpeg\",\"size\":9730,\"modified\":\"2025-05-20 15:07:39\",\"name\":\"product-92\",\"extension\":\"jpg\"}','2025-05-20 14:07:39','2025-05-20 14:07:39'),(343,240,'ecommerce/digital-product-files/product-4.jpg','{\"filename\":\"product-4.jpg\",\"url\":\"ecommerce\\/digital-product-files\\/product-4.jpg\",\"mime_type\":\"image\\/jpeg\",\"size\":9730,\"modified\":\"2025-05-20 15:07:39\",\"name\":\"product-4\",\"extension\":\"jpg\"}','2025-05-20 14:07:39','2025-05-20 14:07:39'),(344,240,'ecommerce/digital-product-files/product-83.jpg','{\"filename\":\"product-83.jpg\",\"url\":\"ecommerce\\/digital-product-files\\/product-83.jpg\",\"mime_type\":\"image\\/jpeg\",\"size\":9730,\"modified\":\"2025-05-20 15:07:39\",\"name\":\"product-83\",\"extension\":\"jpg\"}','2025-05-20 14:07:39','2025-05-20 14:07:39'),(345,249,'ecommerce/digital-product-files/product-53.jpg','{\"filename\":\"product-53.jpg\",\"url\":\"ecommerce\\/digital-product-files\\/product-53.jpg\",\"mime_type\":\"image\\/jpeg\",\"size\":9730,\"modified\":\"2025-05-20 15:07:40\",\"name\":\"product-53\",\"extension\":\"jpg\"}','2025-05-20 14:07:40','2025-05-20 14:07:40'),(346,249,'ecommerce/digital-product-files/product-73.jpg','{\"filename\":\"product-73.jpg\",\"url\":\"ecommerce\\/digital-product-files\\/product-73.jpg\",\"mime_type\":\"image\\/jpeg\",\"size\":9730,\"modified\":\"2025-05-20 15:07:40\",\"name\":\"product-73\",\"extension\":\"jpg\"}','2025-05-20 14:07:40','2025-05-20 14:07:40'),(347,249,'ecommerce/digital-product-files/product-63.jpg','{\"filename\":\"product-63.jpg\",\"url\":\"ecommerce\\/digital-product-files\\/product-63.jpg\",\"mime_type\":\"image\\/jpeg\",\"size\":9730,\"modified\":\"2025-05-20 15:07:40\",\"name\":\"product-63\",\"extension\":\"jpg\"}','2025-05-20 14:07:40','2025-05-20 14:07:40'),(348,249,'ecommerce/digital-product-files/product-29.jpg','{\"filename\":\"product-29.jpg\",\"url\":\"ecommerce\\/digital-product-files\\/product-29.jpg\",\"mime_type\":\"image\\/jpeg\",\"size\":9730,\"modified\":\"2025-05-20 15:07:40\",\"name\":\"product-29\",\"extension\":\"jpg\"}','2025-05-20 14:07:40','2025-05-20 14:07:40'),(349,249,'ecommerce/digital-product-files/product-33.jpg','{\"filename\":\"product-33.jpg\",\"url\":\"ecommerce\\/digital-product-files\\/product-33.jpg\",\"mime_type\":\"image\\/jpeg\",\"size\":9730,\"modified\":\"2025-05-20 15:07:40\",\"name\":\"product-33\",\"extension\":\"jpg\"}','2025-05-20 14:07:40','2025-05-20 14:07:40'),(350,249,'ecommerce/digital-product-files/product-92.jpg','{\"filename\":\"product-92.jpg\",\"url\":\"ecommerce\\/digital-product-files\\/product-92.jpg\",\"mime_type\":\"image\\/jpeg\",\"size\":9730,\"modified\":\"2025-05-20 15:07:40\",\"name\":\"product-92\",\"extension\":\"jpg\"}','2025-05-20 14:07:40','2025-05-20 14:07:40'),(351,250,'ecommerce/digital-product-files/product-53.jpg','{\"filename\":\"product-53.jpg\",\"url\":\"ecommerce\\/digital-product-files\\/product-53.jpg\",\"mime_type\":\"image\\/jpeg\",\"size\":9730,\"modified\":\"2025-05-20 15:07:40\",\"name\":\"product-53\",\"extension\":\"jpg\"}','2025-05-20 14:07:40','2025-05-20 14:07:40'),(352,250,'ecommerce/digital-product-files/product-73.jpg','{\"filename\":\"product-73.jpg\",\"url\":\"ecommerce\\/digital-product-files\\/product-73.jpg\",\"mime_type\":\"image\\/jpeg\",\"size\":9730,\"modified\":\"2025-05-20 15:07:40\",\"name\":\"product-73\",\"extension\":\"jpg\"}','2025-05-20 14:07:40','2025-05-20 14:07:40'),(353,250,'ecommerce/digital-product-files/product-63.jpg','{\"filename\":\"product-63.jpg\",\"url\":\"ecommerce\\/digital-product-files\\/product-63.jpg\",\"mime_type\":\"image\\/jpeg\",\"size\":9730,\"modified\":\"2025-05-20 15:07:40\",\"name\":\"product-63\",\"extension\":\"jpg\"}','2025-05-20 14:07:40','2025-05-20 14:07:40'),(354,250,'ecommerce/digital-product-files/product-29.jpg','{\"filename\":\"product-29.jpg\",\"url\":\"ecommerce\\/digital-product-files\\/product-29.jpg\",\"mime_type\":\"image\\/jpeg\",\"size\":9730,\"modified\":\"2025-05-20 15:07:40\",\"name\":\"product-29\",\"extension\":\"jpg\"}','2025-05-20 14:07:40','2025-05-20 14:07:40'),(355,250,'ecommerce/digital-product-files/product-33.jpg','{\"filename\":\"product-33.jpg\",\"url\":\"ecommerce\\/digital-product-files\\/product-33.jpg\",\"mime_type\":\"image\\/jpeg\",\"size\":9730,\"modified\":\"2025-05-20 15:07:40\",\"name\":\"product-33\",\"extension\":\"jpg\"}','2025-05-20 14:07:40','2025-05-20 14:07:40'),(356,250,'ecommerce/digital-product-files/product-92.jpg','{\"filename\":\"product-92.jpg\",\"url\":\"ecommerce\\/digital-product-files\\/product-92.jpg\",\"mime_type\":\"image\\/jpeg\",\"size\":9730,\"modified\":\"2025-05-20 15:07:40\",\"name\":\"product-92\",\"extension\":\"jpg\"}','2025-05-20 14:07:40','2025-05-20 14:07:40'),(357,251,'ecommerce/digital-product-files/product-53.jpg','{\"filename\":\"product-53.jpg\",\"url\":\"ecommerce\\/digital-product-files\\/product-53.jpg\",\"mime_type\":\"image\\/jpeg\",\"size\":9730,\"modified\":\"2025-05-20 15:07:40\",\"name\":\"product-53\",\"extension\":\"jpg\"}','2025-05-20 14:07:40','2025-05-20 14:07:40'),(358,251,'ecommerce/digital-product-files/product-73.jpg','{\"filename\":\"product-73.jpg\",\"url\":\"ecommerce\\/digital-product-files\\/product-73.jpg\",\"mime_type\":\"image\\/jpeg\",\"size\":9730,\"modified\":\"2025-05-20 15:07:40\",\"name\":\"product-73\",\"extension\":\"jpg\"}','2025-05-20 14:07:40','2025-05-20 14:07:40'),(359,251,'ecommerce/digital-product-files/product-63.jpg','{\"filename\":\"product-63.jpg\",\"url\":\"ecommerce\\/digital-product-files\\/product-63.jpg\",\"mime_type\":\"image\\/jpeg\",\"size\":9730,\"modified\":\"2025-05-20 15:07:40\",\"name\":\"product-63\",\"extension\":\"jpg\"}','2025-05-20 14:07:40','2025-05-20 14:07:40'),(360,251,'ecommerce/digital-product-files/product-29.jpg','{\"filename\":\"product-29.jpg\",\"url\":\"ecommerce\\/digital-product-files\\/product-29.jpg\",\"mime_type\":\"image\\/jpeg\",\"size\":9730,\"modified\":\"2025-05-20 15:07:40\",\"name\":\"product-29\",\"extension\":\"jpg\"}','2025-05-20 14:07:40','2025-05-20 14:07:40'),(361,251,'ecommerce/digital-product-files/product-33.jpg','{\"filename\":\"product-33.jpg\",\"url\":\"ecommerce\\/digital-product-files\\/product-33.jpg\",\"mime_type\":\"image\\/jpeg\",\"size\":9730,\"modified\":\"2025-05-20 15:07:40\",\"name\":\"product-33\",\"extension\":\"jpg\"}','2025-05-20 14:07:40','2025-05-20 14:07:40'),(362,251,'ecommerce/digital-product-files/product-92.jpg','{\"filename\":\"product-92.jpg\",\"url\":\"ecommerce\\/digital-product-files\\/product-92.jpg\",\"mime_type\":\"image\\/jpeg\",\"size\":9730,\"modified\":\"2025-05-20 15:07:40\",\"name\":\"product-92\",\"extension\":\"jpg\"}','2025-05-20 14:07:40','2025-05-20 14:07:40'),(363,252,'ecommerce/digital-product-files/product-53.jpg','{\"filename\":\"product-53.jpg\",\"url\":\"ecommerce\\/digital-product-files\\/product-53.jpg\",\"mime_type\":\"image\\/jpeg\",\"size\":9730,\"modified\":\"2025-05-20 15:07:40\",\"name\":\"product-53\",\"extension\":\"jpg\"}','2025-05-20 14:07:40','2025-05-20 14:07:40'),(364,252,'ecommerce/digital-product-files/product-73.jpg','{\"filename\":\"product-73.jpg\",\"url\":\"ecommerce\\/digital-product-files\\/product-73.jpg\",\"mime_type\":\"image\\/jpeg\",\"size\":9730,\"modified\":\"2025-05-20 15:07:40\",\"name\":\"product-73\",\"extension\":\"jpg\"}','2025-05-20 14:07:40','2025-05-20 14:07:40'),(365,252,'ecommerce/digital-product-files/product-63.jpg','{\"filename\":\"product-63.jpg\",\"url\":\"ecommerce\\/digital-product-files\\/product-63.jpg\",\"mime_type\":\"image\\/jpeg\",\"size\":9730,\"modified\":\"2025-05-20 15:07:40\",\"name\":\"product-63\",\"extension\":\"jpg\"}','2025-05-20 14:07:40','2025-05-20 14:07:40'),(366,252,'ecommerce/digital-product-files/product-29.jpg','{\"filename\":\"product-29.jpg\",\"url\":\"ecommerce\\/digital-product-files\\/product-29.jpg\",\"mime_type\":\"image\\/jpeg\",\"size\":9730,\"modified\":\"2025-05-20 15:07:40\",\"name\":\"product-29\",\"extension\":\"jpg\"}','2025-05-20 14:07:40','2025-05-20 14:07:40'),(367,252,'ecommerce/digital-product-files/product-33.jpg','{\"filename\":\"product-33.jpg\",\"url\":\"ecommerce\\/digital-product-files\\/product-33.jpg\",\"mime_type\":\"image\\/jpeg\",\"size\":9730,\"modified\":\"2025-05-20 15:07:40\",\"name\":\"product-33\",\"extension\":\"jpg\"}','2025-05-20 14:07:40','2025-05-20 14:07:40'),(368,252,'ecommerce/digital-product-files/product-92.jpg','{\"filename\":\"product-92.jpg\",\"url\":\"ecommerce\\/digital-product-files\\/product-92.jpg\",\"mime_type\":\"image\\/jpeg\",\"size\":9730,\"modified\":\"2025-05-20 15:07:40\",\"name\":\"product-92\",\"extension\":\"jpg\"}','2025-05-20 14:07:40','2025-05-20 14:07:40'),(369,259,'ecommerce/digital-product-files/product-82.jpg','{\"filename\":\"product-82.jpg\",\"url\":\"ecommerce\\/digital-product-files\\/product-82.jpg\",\"mime_type\":\"image\\/jpeg\",\"size\":9730,\"modified\":\"2025-05-20 15:07:40\",\"name\":\"product-82\",\"extension\":\"jpg\"}','2025-05-20 14:07:40','2025-05-20 14:07:40'),(370,259,'ecommerce/digital-product-files/product-77.jpg','{\"filename\":\"product-77.jpg\",\"url\":\"ecommerce\\/digital-product-files\\/product-77.jpg\",\"mime_type\":\"image\\/jpeg\",\"size\":9730,\"modified\":\"2025-05-20 15:07:40\",\"name\":\"product-77\",\"extension\":\"jpg\"}','2025-05-20 14:07:40','2025-05-20 14:07:40'),(371,259,'ecommerce/digital-product-files/product-49.jpg','{\"filename\":\"product-49.jpg\",\"url\":\"ecommerce\\/digital-product-files\\/product-49.jpg\",\"mime_type\":\"image\\/jpeg\",\"size\":9730,\"modified\":\"2025-05-20 15:07:40\",\"name\":\"product-49\",\"extension\":\"jpg\"}','2025-05-20 14:07:40','2025-05-20 14:07:40'),(372,259,'ecommerce/digital-product-files/product-32.jpg','{\"filename\":\"product-32.jpg\",\"url\":\"ecommerce\\/digital-product-files\\/product-32.jpg\",\"mime_type\":\"image\\/jpeg\",\"size\":9730,\"modified\":\"2025-05-20 15:07:40\",\"name\":\"product-32\",\"extension\":\"jpg\"}','2025-05-20 14:07:40','2025-05-20 14:07:40'),(373,259,'ecommerce/digital-product-files/product-85.jpg','{\"filename\":\"product-85.jpg\",\"url\":\"ecommerce\\/digital-product-files\\/product-85.jpg\",\"mime_type\":\"image\\/jpeg\",\"size\":9730,\"modified\":\"2025-05-20 15:07:40\",\"name\":\"product-85\",\"extension\":\"jpg\"}','2025-05-20 14:07:40','2025-05-20 14:07:40'),(374,259,'ecommerce/digital-product-files/product-94.jpg','{\"filename\":\"product-94.jpg\",\"url\":\"ecommerce\\/digital-product-files\\/product-94.jpg\",\"mime_type\":\"image\\/jpeg\",\"size\":9730,\"modified\":\"2025-05-20 15:07:40\",\"name\":\"product-94\",\"extension\":\"jpg\"}','2025-05-20 14:07:40','2025-05-20 14:07:40'),(375,259,'ecommerce/digital-product-files/product-29.jpg','{\"filename\":\"product-29.jpg\",\"url\":\"ecommerce\\/digital-product-files\\/product-29.jpg\",\"mime_type\":\"image\\/jpeg\",\"size\":9730,\"modified\":\"2025-05-20 15:07:40\",\"name\":\"product-29\",\"extension\":\"jpg\"}','2025-05-20 14:07:40','2025-05-20 14:07:40'),(376,259,'ecommerce/digital-product-files/product-72.jpg','{\"filename\":\"product-72.jpg\",\"url\":\"ecommerce\\/digital-product-files\\/product-72.jpg\",\"mime_type\":\"image\\/jpeg\",\"size\":9730,\"modified\":\"2025-05-20 15:07:40\",\"name\":\"product-72\",\"extension\":\"jpg\"}','2025-05-20 14:07:40','2025-05-20 14:07:40'),(377,259,'ecommerce/digital-product-files/product-84.jpg','{\"filename\":\"product-84.jpg\",\"url\":\"ecommerce\\/digital-product-files\\/product-84.jpg\",\"mime_type\":\"image\\/jpeg\",\"size\":9730,\"modified\":\"2025-05-20 15:07:40\",\"name\":\"product-84\",\"extension\":\"jpg\"}','2025-05-20 14:07:40','2025-05-20 14:07:40'),(378,259,'ecommerce/digital-product-files/product-20.jpg','{\"filename\":\"product-20.jpg\",\"url\":\"ecommerce\\/digital-product-files\\/product-20.jpg\",\"mime_type\":\"image\\/jpeg\",\"size\":9730,\"modified\":\"2025-05-20 15:07:40\",\"name\":\"product-20\",\"extension\":\"jpg\"}','2025-05-20 14:07:40','2025-05-20 14:07:40'),(379,259,'ecommerce/digital-product-files/product-43.jpg','{\"filename\":\"product-43.jpg\",\"url\":\"ecommerce\\/digital-product-files\\/product-43.jpg\",\"mime_type\":\"image\\/jpeg\",\"size\":9730,\"modified\":\"2025-05-20 15:07:40\",\"name\":\"product-43\",\"extension\":\"jpg\"}','2025-05-20 14:07:40','2025-05-20 14:07:40'),(380,259,'ecommerce/digital-product-files/product-11.jpg','{\"filename\":\"product-11.jpg\",\"url\":\"ecommerce\\/digital-product-files\\/product-11.jpg\",\"mime_type\":\"image\\/jpeg\",\"size\":9730,\"modified\":\"2025-05-20 15:07:40\",\"name\":\"product-11\",\"extension\":\"jpg\"}','2025-05-20 14:07:40','2025-05-20 14:07:40'),(381,260,'ecommerce/digital-product-files/product-82.jpg','{\"filename\":\"product-82.jpg\",\"url\":\"ecommerce\\/digital-product-files\\/product-82.jpg\",\"mime_type\":\"image\\/jpeg\",\"size\":9730,\"modified\":\"2025-05-20 15:07:40\",\"name\":\"product-82\",\"extension\":\"jpg\"}','2025-05-20 14:07:40','2025-05-20 14:07:40'),(382,260,'ecommerce/digital-product-files/product-77.jpg','{\"filename\":\"product-77.jpg\",\"url\":\"ecommerce\\/digital-product-files\\/product-77.jpg\",\"mime_type\":\"image\\/jpeg\",\"size\":9730,\"modified\":\"2025-05-20 15:07:40\",\"name\":\"product-77\",\"extension\":\"jpg\"}','2025-05-20 14:07:40','2025-05-20 14:07:40'),(383,260,'ecommerce/digital-product-files/product-49.jpg','{\"filename\":\"product-49.jpg\",\"url\":\"ecommerce\\/digital-product-files\\/product-49.jpg\",\"mime_type\":\"image\\/jpeg\",\"size\":9730,\"modified\":\"2025-05-20 15:07:40\",\"name\":\"product-49\",\"extension\":\"jpg\"}','2025-05-20 14:07:40','2025-05-20 14:07:40'),(384,260,'ecommerce/digital-product-files/product-32.jpg','{\"filename\":\"product-32.jpg\",\"url\":\"ecommerce\\/digital-product-files\\/product-32.jpg\",\"mime_type\":\"image\\/jpeg\",\"size\":9730,\"modified\":\"2025-05-20 15:07:40\",\"name\":\"product-32\",\"extension\":\"jpg\"}','2025-05-20 14:07:40','2025-05-20 14:07:40'),(385,260,'ecommerce/digital-product-files/product-85.jpg','{\"filename\":\"product-85.jpg\",\"url\":\"ecommerce\\/digital-product-files\\/product-85.jpg\",\"mime_type\":\"image\\/jpeg\",\"size\":9730,\"modified\":\"2025-05-20 15:07:40\",\"name\":\"product-85\",\"extension\":\"jpg\"}','2025-05-20 14:07:40','2025-05-20 14:07:40'),(386,260,'ecommerce/digital-product-files/product-94.jpg','{\"filename\":\"product-94.jpg\",\"url\":\"ecommerce\\/digital-product-files\\/product-94.jpg\",\"mime_type\":\"image\\/jpeg\",\"size\":9730,\"modified\":\"2025-05-20 15:07:40\",\"name\":\"product-94\",\"extension\":\"jpg\"}','2025-05-20 14:07:40','2025-05-20 14:07:40'),(387,260,'ecommerce/digital-product-files/product-29.jpg','{\"filename\":\"product-29.jpg\",\"url\":\"ecommerce\\/digital-product-files\\/product-29.jpg\",\"mime_type\":\"image\\/jpeg\",\"size\":9730,\"modified\":\"2025-05-20 15:07:40\",\"name\":\"product-29\",\"extension\":\"jpg\"}','2025-05-20 14:07:40','2025-05-20 14:07:40'),(388,260,'ecommerce/digital-product-files/product-72.jpg','{\"filename\":\"product-72.jpg\",\"url\":\"ecommerce\\/digital-product-files\\/product-72.jpg\",\"mime_type\":\"image\\/jpeg\",\"size\":9730,\"modified\":\"2025-05-20 15:07:40\",\"name\":\"product-72\",\"extension\":\"jpg\"}','2025-05-20 14:07:40','2025-05-20 14:07:40'),(389,260,'ecommerce/digital-product-files/product-84.jpg','{\"filename\":\"product-84.jpg\",\"url\":\"ecommerce\\/digital-product-files\\/product-84.jpg\",\"mime_type\":\"image\\/jpeg\",\"size\":9730,\"modified\":\"2025-05-20 15:07:40\",\"name\":\"product-84\",\"extension\":\"jpg\"}','2025-05-20 14:07:40','2025-05-20 14:07:40'),(390,260,'ecommerce/digital-product-files/product-20.jpg','{\"filename\":\"product-20.jpg\",\"url\":\"ecommerce\\/digital-product-files\\/product-20.jpg\",\"mime_type\":\"image\\/jpeg\",\"size\":9730,\"modified\":\"2025-05-20 15:07:40\",\"name\":\"product-20\",\"extension\":\"jpg\"}','2025-05-20 14:07:40','2025-05-20 14:07:40'),(391,260,'ecommerce/digital-product-files/product-43.jpg','{\"filename\":\"product-43.jpg\",\"url\":\"ecommerce\\/digital-product-files\\/product-43.jpg\",\"mime_type\":\"image\\/jpeg\",\"size\":9730,\"modified\":\"2025-05-20 15:07:40\",\"name\":\"product-43\",\"extension\":\"jpg\"}','2025-05-20 14:07:40','2025-05-20 14:07:40'),(392,260,'ecommerce/digital-product-files/product-11.jpg','{\"filename\":\"product-11.jpg\",\"url\":\"ecommerce\\/digital-product-files\\/product-11.jpg\",\"mime_type\":\"image\\/jpeg\",\"size\":9730,\"modified\":\"2025-05-20 15:07:40\",\"name\":\"product-11\",\"extension\":\"jpg\"}','2025-05-20 14:07:40','2025-05-20 14:07:40');
/*!40000 ALTER TABLE `ec_product_files` ENABLE KEYS */;
UNLOCK TABLES;

--
-- Table structure for table `ec_product_label_products`
--

DROP TABLE IF EXISTS `ec_product_label_products`;
/*!40101 SET @saved_cs_client     = @@character_set_client */;
/*!40101 SET character_set_client = utf8 */;
CREATE TABLE `ec_product_label_products` (
  `product_label_id` bigint(20) unsigned NOT NULL,
  `product_id` bigint(20) unsigned NOT NULL,
  PRIMARY KEY (`product_label_id`,`product_id`),
  KEY `ec_product_label_products_product_label_id_index` (`product_label_id`),
  KEY `ec_product_label_products_product_id_index` (`product_id`)
) ENGINE=InnoDB DEFAULT CHARSET=utf8mb4 COLLATE=utf8mb4_unicode_ci;
/*!40101 SET character_set_client = @saved_cs_client */;

--
-- Dumping data for table `ec_product_label_products`
--

LOCK TABLES `ec_product_label_products` WRITE;
/*!40000 ALTER TABLE `ec_product_label_products` DISABLE KEYS */;
INSERT INTO `ec_product_label_products` VALUES (1,14),(1,21),(1,35),(1,56),(1,63),(2,7),(2,70),(2,298),(2,302),(2,303),(3,28),(3,42),(3,49),(3,300),(3,301),(3,305);
/*!40000 ALTER TABLE `ec_product_label_products` ENABLE KEYS */;
UNLOCK TABLES;

--
-- Table structure for table `ec_product_labels`
--

DROP TABLE IF EXISTS `ec_product_labels`;
/*!40101 SET @saved_cs_client     = @@character_set_client */;
/*!40101 SET character_set_client = utf8 */;
CREATE TABLE `ec_product_labels` (
  `id` bigint(20) unsigned NOT NULL AUTO_INCREMENT,
  `name` varchar(191) NOT NULL,
  `color` varchar(120) DEFAULT NULL,
  `status` varchar(60) NOT NULL DEFAULT 'published',
  `created_at` timestamp NULL DEFAULT NULL,
  `updated_at` timestamp NULL DEFAULT NULL,
  PRIMARY KEY (`id`)
) ENGINE=InnoDB AUTO_INCREMENT=4 DEFAULT CHARSET=utf8mb4 COLLATE=utf8mb4_unicode_ci;
/*!40101 SET character_set_client = @saved_cs_client */;

--
-- Dumping data for table `ec_product_labels`
--

LOCK TABLES `ec_product_labels` WRITE;
/*!40000 ALTER TABLE `ec_product_labels` DISABLE KEYS */;
INSERT INTO `ec_product_labels` VALUES (1,'Hot','#d71e2d','published','2025-05-20 14:07:11','2025-05-20 14:07:11'),(2,'New','#02856e','published','2025-05-20 14:07:11','2025-05-20 14:07:11'),(3,'Sale','#fe9931','published','2025-05-20 14:07:11','2025-05-20 14:07:11');
/*!40000 ALTER TABLE `ec_product_labels` ENABLE KEYS */;
UNLOCK TABLES;

--
-- Table structure for table `ec_product_labels_translations`
--

DROP TABLE IF EXISTS `ec_product_labels_translations`;
/*!40101 SET @saved_cs_client     = @@character_set_client */;
/*!40101 SET character_set_client = utf8 */;
CREATE TABLE `ec_product_labels_translations` (
  `lang_code` varchar(191) NOT NULL,
  `ec_product_labels_id` bigint(20) unsigned NOT NULL,
  `name` varchar(191) DEFAULT NULL,
  `description` varchar(400) DEFAULT NULL,
  PRIMARY KEY (`lang_code`,`ec_product_labels_id`)
) ENGINE=InnoDB DEFAULT CHARSET=utf8mb4 COLLATE=utf8mb4_unicode_ci;
/*!40101 SET character_set_client = @saved_cs_client */;

--
-- Dumping data for table `ec_product_labels_translations`
--

LOCK TABLES `ec_product_labels_translations` WRITE;
/*!40000 ALTER TABLE `ec_product_labels_translations` DISABLE KEYS */;
/*!40000 ALTER TABLE `ec_product_labels_translations` ENABLE KEYS */;
UNLOCK TABLES;

--
-- Table structure for table `ec_product_related_relations`
--

DROP TABLE IF EXISTS `ec_product_related_relations`;
/*!40101 SET @saved_cs_client     = @@character_set_client */;
/*!40101 SET character_set_client = utf8 */;
CREATE TABLE `ec_product_related_relations` (
  `from_product_id` bigint(20) unsigned NOT NULL,
  `to_product_id` bigint(20) unsigned NOT NULL,
  PRIMARY KEY (`from_product_id`,`to_product_id`),
  KEY `ec_product_related_relations_from_product_id_index` (`from_product_id`),
  KEY `ec_product_related_relations_to_product_id_index` (`to_product_id`)
) ENGINE=InnoDB DEFAULT CHARSET=utf8mb4 COLLATE=utf8mb4_unicode_ci;
/*!40101 SET character_set_client = @saved_cs_client */;

--
-- Dumping data for table `ec_product_related_relations`
--

LOCK TABLES `ec_product_related_relations` WRITE;
/*!40000 ALTER TABLE `ec_product_related_relations` DISABLE KEYS */;
/*!40000 ALTER TABLE `ec_product_related_relations` ENABLE KEYS */;
UNLOCK TABLES;

--
-- Table structure for table `ec_product_specification_attribute`
--

DROP TABLE IF EXISTS `ec_product_specification_attribute`;
/*!40101 SET @saved_cs_client     = @@character_set_client */;
/*!40101 SET character_set_client = utf8 */;
CREATE TABLE `ec_product_specification_attribute` (
  `product_id` bigint(20) unsigned NOT NULL,
  `attribute_id` bigint(20) unsigned NOT NULL,
  `value` text DEFAULT NULL,
  `hidden` tinyint(1) NOT NULL DEFAULT 0,
  `order` tinyint(4) NOT NULL DEFAULT 0,
  PRIMARY KEY (`product_id`,`attribute_id`)
) ENGINE=InnoDB DEFAULT CHARSET=utf8mb4 COLLATE=utf8mb4_unicode_ci;
/*!40101 SET character_set_client = @saved_cs_client */;

--
-- Dumping data for table `ec_product_specification_attribute`
--

LOCK TABLES `ec_product_specification_attribute` WRITE;
/*!40000 ALTER TABLE `ec_product_specification_attribute` DISABLE KEYS */;
INSERT INTO `ec_product_specification_attribute` VALUES (1,6,'30.41 cm',0,0),(1,7,'23.66 cm',0,0),(1,8,'2560x1440',0,0),(2,6,'37.25 cm',0,0),(2,7,'54.5 cm',0,0),(2,8,'1920x1080',0,0),(3,1,'62.16 cm',0,0),(3,2,'42.57 cm',0,0),(3,3,'19.42 cm',0,0),(3,4,'17.74 cm',0,0),(3,5,'27.03 cm',0,0),(4,1,'75.24 cm',0,0),(4,2,'9.39 cm',0,0),(4,3,'36.55 cm',0,0),(4,4,'20.94 cm',0,0),(4,5,'67.77 cm',0,0),(5,6,'57.53 cm',0,0),(5,7,'91.96 cm',0,0),(5,8,'1920x1080',0,0),(6,1,'33.11 cm',0,0),(6,2,'25.54 cm',0,0),(6,3,'72.07 cm',0,0),(6,4,'75.34 cm',0,0),(6,5,'13.26 cm',0,0),(7,6,'23.73 cm',0,0),(7,7,'32.15 cm',0,0),(7,8,'1920x1080',0,0),(8,1,'29.32 cm',0,0),(8,2,'98.56 cm',0,0),(8,3,'3.39 cm',0,0),(8,4,'73.39 cm',0,0),(8,5,'65.61 cm',0,0),(9,1,'55.11 cm',0,0),(9,2,'41.4 cm',0,0),(9,3,'60.76 cm',0,0),(9,4,'41.82 cm',0,0),(9,5,'58.61 cm',0,0),(10,1,'31.36 cm',0,0),(10,2,'17.84 cm',0,0),(10,3,'13.42 cm',0,0),(10,4,'56.52 cm',0,0),(10,5,'28.59 cm',0,0),(11,1,'32.16 cm',0,0),(11,2,'9.76 cm',0,0),(11,3,'18.6 cm',0,0),(11,4,'80.43 cm',0,0),(11,5,'87.02 cm',0,0),(12,6,'97.89 cm',0,0),(12,7,'11.06 cm',0,0),(12,8,'3840x2160',0,0),(13,6,'44.93 cm',0,0),(13,7,'97.58 cm',0,0),(13,8,'1920x1080',0,0),(14,1,'50.26 cm',0,0),(14,2,'80.93 cm',0,0),(14,3,'67.78 cm',0,0),(14,4,'49.5 cm',0,0),(14,5,'3.38 cm',0,0),(15,6,'42.38 cm',0,0),(15,7,'69.06 cm',0,0),(15,8,'3840x2160',0,0),(16,1,'27.41 cm',0,0),(16,2,'43.58 cm',0,0),(16,3,'8.43 cm',0,0),(16,4,'12.31 cm',0,0),(16,5,'64.43 cm',0,0),(17,1,'66.5 cm',0,0),(17,2,'85.78 cm',0,0),(17,3,'25.13 cm',0,0),(17,4,'29.46 cm',0,0),(17,5,'97.42 cm',0,0),(18,1,'35.31 cm',0,0),(18,2,'18.46 cm',0,0),(18,3,'51.66 cm',0,0),(18,4,'59.04 cm',0,0),(18,5,'23.21 cm',0,0),(19,1,'58.53 cm',0,0),(19,2,'2.85 cm',0,0),(19,3,'10.22 cm',0,0),(19,4,'14.4 cm',0,0),(19,5,'38.76 cm',0,0),(20,1,'96.74 cm',0,0),(20,2,'27.33 cm',0,0),(20,3,'54.45 cm',0,0),(20,4,'89.38 cm',0,0),(20,5,'3.35 cm',0,0),(21,1,'52.44 cm',0,0),(21,2,'73.31 cm',0,0),(21,3,'76.56 cm',0,0),(21,4,'29.4 cm',0,0),(21,5,'40.42 cm',0,0),(22,1,'88.33 cm',0,0),(22,2,'46.75 cm',0,0),(22,3,'47.65 cm',0,0),(22,4,'96.25 cm',0,0),(22,5,'61.3 cm',0,0),(23,1,'17.24 cm',0,0),(23,2,'18.18 cm',0,0),(23,3,'5.6 cm',0,0),(23,4,'42.19 cm',0,0),(23,5,'19.18 cm',0,0),(24,1,'73.32 cm',0,0),(24,2,'84.99 cm',0,0),(24,3,'19.16 cm',0,0),(24,4,'69.24 cm',0,0),(24,5,'28.11 cm',0,0),(25,1,'81.89 cm',0,0),(25,2,'77.28 cm',0,0),(25,3,'94.76 cm',0,0),(25,4,'17.94 cm',0,0),(25,5,'14.66 cm',0,0),(26,6,'6.64 cm',0,0),(26,7,'34.43 cm',0,0),(26,8,'2560x1440',0,0),(27,6,'22.12 cm',0,0),(27,7,'97.35 cm',0,0),(27,8,'3840x2160',0,0),(28,6,'5.07 cm',0,0),(28,7,'98.65 cm',0,0),(28,8,'2560x1440',0,0),(29,1,'55.88 cm',0,0),(29,2,'50.03 cm',0,0),(29,3,'52.76 cm',0,0),(29,4,'21.03 cm',0,0),(29,5,'49.42 cm',0,0),(30,1,'76.88 cm',0,0),(30,2,'27.26 cm',0,0),(30,3,'38.76 cm',0,0),(30,4,'20.75 cm',0,0),(30,5,'59.46 cm',0,0),(31,1,'62.72 cm',0,0),(31,2,'87.74 cm',0,0),(31,3,'99.15 cm',0,0),(31,4,'45.06 cm',0,0),(31,5,'60.79 cm',0,0),(32,6,'62.29 cm',0,0),(32,7,'86.49 cm',0,0),(32,8,'3840x2160',0,0),(33,6,'54.12 cm',0,0),(33,7,'6.43 cm',0,0),(33,8,'3840x2160',0,0),(34,6,'30.49 cm',0,0),(34,7,'87.46 cm',0,0),(34,8,'3840x2160',0,0),(35,1,'37.09 cm',0,0),(35,2,'2.16 cm',0,0),(35,3,'21.34 cm',0,0),(35,4,'41.49 cm',0,0),(35,5,'35.82 cm',0,0),(36,6,'48.2 cm',0,0),(36,7,'35.82 cm',0,0),(36,8,'2560x1440',0,0),(38,1,'40.82 cm',0,0),(38,2,'23.91 cm',0,0),(38,3,'23.13 cm',0,0),(38,4,'2.64 cm',0,0),(38,5,'48.7 cm',0,0),(39,6,'32.35 cm',0,0),(39,7,'62.82 cm',0,0),(39,8,'3840x2160',0,0),(40,1,'10.27 cm',0,0),(40,2,'48.9 cm',0,0),(40,3,'66.94 cm',0,0),(40,4,'89.91 cm',0,0),(40,5,'39.69 cm',0,0),(41,1,'16.05 cm',0,0),(41,2,'63.56 cm',0,0),(41,3,'25.57 cm',0,0),(41,4,'79.83 cm',0,0),(41,5,'58.62 cm',0,0),(42,6,'83.87 cm',0,0),(42,7,'6 cm',0,0),(42,8,'1920x1080',0,0),(43,1,'5.94 cm',0,0),(43,2,'63.28 cm',0,0),(43,3,'75.72 cm',0,0),(43,4,'72.37 cm',0,0),(43,5,'51.88 cm',0,0),(44,1,'17.9 cm',0,0),(44,2,'12.78 cm',0,0),(44,3,'71.94 cm',0,0),(44,4,'85.75 cm',0,0),(44,5,'30.77 cm',0,0),(45,6,'26.7 cm',0,0),(45,7,'91.99 cm',0,0),(45,8,'2560x1440',0,0),(47,1,'85.36 cm',0,0),(47,2,'24.22 cm',0,0),(47,3,'46.29 cm',0,0),(47,4,'85.18 cm',0,0),(47,5,'89.17 cm',0,0),(49,1,'35.52 cm',0,0),(49,2,'38.39 cm',0,0),(49,3,'46.56 cm',0,0),(49,4,'67.71 cm',0,0),(49,5,'73.57 cm',0,0),(51,6,'11.39 cm',0,0),(51,7,'54.24 cm',0,0),(51,8,'3840x2160',0,0),(52,1,'15.16 cm',0,0),(52,2,'55.74 cm',0,0),(52,3,'63.46 cm',0,0),(52,4,'9.4 cm',0,0),(52,5,'35.84 cm',0,0),(53,1,'40.23 cm',0,0),(53,2,'42.54 cm',0,0),(53,3,'38.63 cm',0,0),(53,4,'38.98 cm',0,0),(53,5,'27.37 cm',0,0),(54,6,'47.51 cm',0,0),(54,7,'51.43 cm',0,0),(54,8,'3840x2160',0,0),(55,6,'74.72 cm',0,0),(55,7,'22.27 cm',0,0),(55,8,'1920x1080',0,0),(56,1,'54.25 cm',0,0),(56,2,'2.46 cm',0,0),(56,3,'6.61 cm',0,0),(56,4,'11.99 cm',0,0),(56,5,'86.26 cm',0,0),(57,1,'86.16 cm',0,0),(57,2,'6.18 cm',0,0),(57,3,'23.79 cm',0,0),(57,4,'71.47 cm',0,0),(57,5,'15.73 cm',0,0),(58,1,'38.92 cm',0,0),(58,2,'95.11 cm',0,0),(58,3,'4.43 cm',0,0),(58,4,'35.65 cm',0,0),(58,5,'42.68 cm',0,0),(59,6,'15.13 cm',0,0),(59,7,'25.57 cm',0,0),(59,8,'1920x1080',0,0),(60,1,'9.95 cm',0,0),(60,2,'77.47 cm',0,0),(60,3,'1.58 cm',0,0),(60,4,'21.29 cm',0,0),(60,5,'54.28 cm',0,0),(61,6,'66.26 cm',0,0),(61,7,'80.86 cm',0,0),(61,8,'2560x1440',0,0),(62,6,'26.18 cm',0,0),(62,7,'99.08 cm',0,0),(62,8,'2560x1440',0,0),(63,1,'69.51 cm',0,0),(63,2,'33.84 cm',0,0),(63,3,'87.57 cm',0,0),(63,4,'93.72 cm',0,0),(63,5,'13 cm',0,0),(64,1,'47.98 cm',0,0),(64,2,'16.72 cm',0,0),(64,3,'18.92 cm',0,0),(64,4,'8.2 cm',0,0),(64,5,'96.42 cm',0,0),(65,6,'73.68 cm',0,0),(65,7,'1.22 cm',0,0),(65,8,'1920x1080',0,0),(66,6,'24.35 cm',0,0),(66,7,'49.62 cm',0,0),(66,8,'3840x2160',0,0),(67,6,'97.43 cm',0,0),(67,7,'18.25 cm',0,0),(67,8,'1920x1080',0,0),(68,1,'45.05 cm',0,0),(68,2,'5.23 cm',0,0),(68,3,'69.26 cm',0,0),(68,4,'5.4 cm',0,0),(68,5,'25.63 cm',0,0),(69,1,'38.03 cm',0,0),(69,2,'58.17 cm',0,0),(69,3,'57.63 cm',0,0),(69,4,'30.57 cm',0,0),(69,5,'72.21 cm',0,0),(70,1,'46.62 cm',0,0),(70,2,'8.19 cm',0,0),(70,3,'17.53 cm',0,0),(70,4,'62.08 cm',0,0),(70,5,'26.24 cm',0,0),(71,6,'63.19 cm',0,0),(71,7,'6.61 cm',0,0),(71,8,'1920x1080',0,0),(72,1,'22.74 cm',0,0),(72,2,'15.27 cm',0,0),(72,3,'40.74 cm',0,0),(72,4,'6.44 cm',0,0),(72,5,'73.7 cm',0,0),(73,6,'60.61 cm',0,0),(73,7,'2.85 cm',0,0),(73,8,'1920x1080',0,0),(74,6,'74.45 cm',0,0),(74,7,'80.35 cm',0,0),(74,8,'3840x2160',0,0),(75,6,'61.13 cm',0,0),(75,7,'39.73 cm',0,0),(75,8,'1920x1080',0,0);
/*!40000 ALTER TABLE `ec_product_specification_attribute` ENABLE KEYS */;
UNLOCK TABLES;

--
-- Table structure for table `ec_product_tag_product`
--

DROP TABLE IF EXISTS `ec_product_tag_product`;
/*!40101 SET @saved_cs_client     = @@character_set_client */;
/*!40101 SET character_set_client = utf8 */;
CREATE TABLE `ec_product_tag_product` (
  `product_id` bigint(20) unsigned NOT NULL,
  `tag_id` bigint(20) unsigned NOT NULL,
  PRIMARY KEY (`product_id`,`tag_id`),
  KEY `ec_product_tag_product_product_id_index` (`product_id`),
  KEY `ec_product_tag_product_tag_id_index` (`tag_id`)
) ENGINE=InnoDB DEFAULT CHARSET=utf8mb4 COLLATE=utf8mb4_unicode_ci;
/*!40101 SET character_set_client = @saved_cs_client */;

--
-- Dumping data for table `ec_product_tag_product`
--

LOCK TABLES `ec_product_tag_product` WRITE;
/*!40000 ALTER TABLE `ec_product_tag_product` DISABLE KEYS */;
INSERT INTO `ec_product_tag_product` VALUES (1,1),(1,4),(1,6),(2,4),(2,5),(3,1),(3,4),(3,5),(4,3),(4,5),(5,5),(5,6),(6,2),(6,4),(7,2),(7,3),(8,2),(8,4),(8,5),(9,1),(9,2),(9,5),(10,1),(10,5),(10,6),(11,2),(11,4),(12,2),(12,3),(12,5),(13,1),(13,2),(13,4),(14,1),(14,4),(15,1),(15,5),(16,4),(16,5),(17,1),(17,4),(18,2),(18,4),(18,5),(19,2),(19,4),(19,5),(20,1),(20,2),(21,1),(21,4),(21,6),(22,2),(22,5),(22,6),(23,1),(23,2),(23,5),(24,1),(24,2),(24,5),(25,3),(25,4),(25,5),(26,3),(26,4),(27,1),(27,6),(28,5),(29,1),(29,4),(29,6),(30,1),(31,2),(31,4),(31,6),(32,2),(32,4),(32,6),(33,3),(33,5),(34,5),(34,6),(35,3),(35,5),(36,4),(36,5),(38,1),(38,2),(38,6),(39,3),(39,4),(40,3),(40,4),(40,5),(41,2),(41,3),(41,5),(42,2),(42,4),(43,3),(43,5),(44,1),(44,3),(44,6),(45,5),(45,6),(47,3),(47,4),(49,3),(49,4),(49,5),(51,1),(51,3),(51,5),(52,2),(52,4),(52,5),(53,3),(53,4),(54,2),(54,4),(54,5),(55,2),(55,5),(56,3),(56,6),(57,4),(57,5),(58,2),(58,4),(58,6),(59,2),(59,3),(59,5),(60,1),(60,3),(60,4),(61,4),(61,6),(62,2),(62,4),(62,6),(63,3),(63,4),(63,6),(64,1),(64,3),(64,6),(65,1),(65,3),(65,6),(66,1),(66,5),(66,6),(67,2),(67,4),(67,5),(68,2),(68,5),(68,6),(69,1),(69,4),(69,5),(70,1),(70,4),(71,1),(71,5),(72,3),(72,5),(72,6),(73,1),(73,2),(74,1),(74,4),(75,4),(75,5),(75,6);
/*!40000 ALTER TABLE `ec_product_tag_product` ENABLE KEYS */;
UNLOCK TABLES;

--
-- Table structure for table `ec_product_tags`
--

DROP TABLE IF EXISTS `ec_product_tags`;
/*!40101 SET @saved_cs_client     = @@character_set_client */;
/*!40101 SET character_set_client = utf8 */;
CREATE TABLE `ec_product_tags` (
  `id` bigint(20) unsigned NOT NULL AUTO_INCREMENT,
  `name` varchar(120) NOT NULL,
  `description` varchar(400) DEFAULT NULL,
  `status` varchar(60) NOT NULL DEFAULT 'published',
  `created_at` timestamp NULL DEFAULT NULL,
  `updated_at` timestamp NULL DEFAULT NULL,
  PRIMARY KEY (`id`)
) ENGINE=InnoDB AUTO_INCREMENT=7 DEFAULT CHARSET=utf8mb4 COLLATE=utf8mb4_unicode_ci;
/*!40101 SET character_set_client = @saved_cs_client */;

--
-- Dumping data for table `ec_product_tags`
--

LOCK TABLES `ec_product_tags` WRITE;
/*!40000 ALTER TABLE `ec_product_tags` DISABLE KEYS */;
INSERT INTO `ec_product_tags` VALUES (1,'Electronic',NULL,'published','2025-05-20 14:07:11','2025-05-20 14:07:11'),(2,'Mobile',NULL,'published','2025-05-20 14:07:11','2025-05-20 14:07:11'),(3,'Iphone',NULL,'published','2025-05-20 14:07:11','2025-05-20 14:07:11'),(4,'Printer',NULL,'published','2025-05-20 14:07:11','2025-05-20 14:07:11'),(5,'Office',NULL,'published','2025-05-20 14:07:11','2025-05-20 14:07:11'),(6,'IT',NULL,'published','2025-05-20 14:07:11','2025-05-20 14:07:11');
/*!40000 ALTER TABLE `ec_product_tags` ENABLE KEYS */;
UNLOCK TABLES;

--
-- Table structure for table `ec_product_tags_translations`
--

DROP TABLE IF EXISTS `ec_product_tags_translations`;
/*!40101 SET @saved_cs_client     = @@character_set_client */;
/*!40101 SET character_set_client = utf8 */;
CREATE TABLE `ec_product_tags_translations` (
  `lang_code` varchar(191) NOT NULL,
  `ec_product_tags_id` bigint(20) unsigned NOT NULL,
  `name` varchar(191) DEFAULT NULL,
  PRIMARY KEY (`lang_code`,`ec_product_tags_id`)
) ENGINE=InnoDB DEFAULT CHARSET=utf8mb4 COLLATE=utf8mb4_unicode_ci;
/*!40101 SET character_set_client = @saved_cs_client */;

--
-- Dumping data for table `ec_product_tags_translations`
--

LOCK TABLES `ec_product_tags_translations` WRITE;
/*!40000 ALTER TABLE `ec_product_tags_translations` DISABLE KEYS */;
/*!40000 ALTER TABLE `ec_product_tags_translations` ENABLE KEYS */;
UNLOCK TABLES;

--
-- Table structure for table `ec_product_up_sale_relations`
--

DROP TABLE IF EXISTS `ec_product_up_sale_relations`;
/*!40101 SET @saved_cs_client     = @@character_set_client */;
/*!40101 SET character_set_client = utf8 */;
CREATE TABLE `ec_product_up_sale_relations` (
  `from_product_id` bigint(20) unsigned NOT NULL,
  `to_product_id` bigint(20) unsigned NOT NULL,
  PRIMARY KEY (`from_product_id`,`to_product_id`),
  KEY `ec_product_up_sale_relations_from_product_id_index` (`from_product_id`),
  KEY `ec_product_up_sale_relations_to_product_id_index` (`to_product_id`)
) ENGINE=InnoDB DEFAULT CHARSET=utf8mb4 COLLATE=utf8mb4_unicode_ci;
/*!40101 SET character_set_client = @saved_cs_client */;

--
-- Dumping data for table `ec_product_up_sale_relations`
--

LOCK TABLES `ec_product_up_sale_relations` WRITE;
/*!40000 ALTER TABLE `ec_product_up_sale_relations` DISABLE KEYS */;
/*!40000 ALTER TABLE `ec_product_up_sale_relations` ENABLE KEYS */;
UNLOCK TABLES;

--
-- Table structure for table `ec_product_variation_items`
--

DROP TABLE IF EXISTS `ec_product_variation_items`;
/*!40101 SET @saved_cs_client     = @@character_set_client */;
/*!40101 SET character_set_client = utf8 */;
CREATE TABLE `ec_product_variation_items` (
  `id` bigint(20) unsigned NOT NULL AUTO_INCREMENT,
  `attribute_id` bigint(20) unsigned NOT NULL,
  `variation_id` bigint(20) unsigned NOT NULL,
  PRIMARY KEY (`id`),
  UNIQUE KEY `ec_product_variation_items_attribute_id_variation_id_unique` (`attribute_id`,`variation_id`),
  KEY `attribute_variation_index` (`attribute_id`,`variation_id`)
) ENGINE=InnoDB AUTO_INCREMENT=381 DEFAULT CHARSET=utf8mb4 COLLATE=utf8mb4_unicode_ci;
/*!40101 SET character_set_client = @saved_cs_client */;

--
-- Dumping data for table `ec_product_variation_items`
--

LOCK TABLES `ec_product_variation_items` WRITE;
/*!40000 ALTER TABLE `ec_product_variation_items` DISABLE KEYS */;
INSERT INTO `ec_product_variation_items` VALUES (7,1,4),(9,1,5),(11,1,6),(13,1,7),(41,1,21),(43,1,22),(59,1,30),(69,1,35),(77,1,39),(81,1,41),(87,1,44),(89,1,45),(105,1,53),(129,1,65),(165,1,83),(173,1,87),(211,1,106),(213,1,107),(221,1,111),(249,1,125),(255,1,128),(275,1,138),(277,1,139),(283,1,142),(289,1,145),(295,1,148),(321,1,161),(341,1,171),(347,1,174),(353,1,177),(359,1,180),(361,1,181),(373,1,187),(15,2,8),(19,2,10),(27,2,14),(63,2,32),(67,2,34),(71,2,36),(75,2,38),(85,2,43),(93,2,47),(99,2,50),(103,2,52),(111,2,56),(119,2,60),(131,2,66),(133,2,67),(143,2,72),(157,2,79),(169,2,85),(185,2,93),(195,2,98),(197,2,99),(199,2,100),(203,2,102),(205,2,103),(217,2,109),(219,2,110),(227,2,114),(239,2,120),(251,2,126),(261,2,131),(273,2,137),(301,2,151),(305,2,153),(309,2,155),(329,2,165),(335,2,168),(363,2,182),(369,2,185),(371,2,186),(1,3,1),(3,3,2),(5,3,3),(23,3,12),(37,3,19),(51,3,26),(65,3,33),(73,3,37),(97,3,49),(107,3,54),(109,3,55),(117,3,59),(135,3,68),(149,3,75),(151,3,76),(155,3,78),(159,3,80),(161,3,81),(179,3,90),(189,3,95),(193,3,97),(209,3,105),(279,3,140),(281,3,141),(287,3,144),(313,3,157),(319,3,160),(325,3,163),(345,3,173),(355,3,178),(365,3,183),(367,3,184),(379,3,190),(17,4,9),(33,4,17),(47,4,24),(61,4,31),(79,4,40),(91,4,46),(113,4,57),(137,4,69),(141,4,71),(145,4,73),(163,4,82),(167,4,84),(181,4,91),(253,4,127),(257,4,129),(259,4,130),(265,4,133),(267,4,134),(269,4,135),(271,4,136),(285,4,143),(291,4,146),(297,4,149),(299,4,150),(303,4,152),(315,4,158),(317,4,159),(323,4,162),(331,4,166),(333,4,167),(337,4,169),(339,4,170),(343,4,172),(351,4,176),(375,4,188),(377,4,189),(21,5,11),(25,5,13),(29,5,15),(31,5,16),(35,5,18),(39,5,20),(45,5,23),(49,5,25),(53,5,27),(55,5,28),(57,5,29),(83,5,42),(95,5,48),(101,5,51),(115,5,58),(121,5,61),(123,5,62),(125,5,63),(127,5,64),(139,5,70),(147,5,74),(153,5,77),(171,5,86),(175,5,88),(177,5,89),(183,5,92),(187,5,94),(201,5,101),(207,5,104),(215,5,108),(229,5,115),(235,5,118),(237,5,119),(263,5,132),(293,5,147),(307,5,154),(311,5,156),(327,5,164),(349,5,175),(357,5,179),(16,6,8),(38,6,19),(58,6,29),(60,6,30),(62,6,31),(64,6,32),(66,6,33),(68,6,34),(88,6,44),(90,6,45),(92,6,46),(94,6,47),(112,6,56),(118,6,59),(128,6,64),(140,6,70),(150,6,75),(156,6,78),(162,6,81),(172,6,86),(174,6,87),(184,6,92),(186,6,93),(198,6,99),(200,6,100),(204,6,102),(212,6,106),(214,6,107),(216,6,108),(252,6,126),(262,6,131),(268,6,134),(280,6,140),(282,6,141),(288,6,144),(292,6,146),(302,6,151),(318,6,159),(322,6,161),(326,6,163),(330,6,165),(338,6,169),(358,6,179),(360,6,180),(362,6,181),(364,6,182),(374,6,187),(26,7,13),(36,7,18),(42,7,21),(50,7,25),(52,7,26),(74,7,37),(76,7,38),(80,7,40),(82,7,41),(98,7,49),(114,7,57),(138,7,69),(142,7,71),(158,7,79),(160,7,80),(164,7,82),(166,7,83),(176,7,88),(218,7,109),(250,7,125),(254,7,127),(294,7,147),(332,7,166),(336,7,168),(348,7,174),(350,7,175),(366,7,183),(370,7,185),(376,7,188),(378,7,189),(380,7,190),(4,8,2),(8,8,4),(14,8,7),(20,8,10),(24,8,12),(34,8,17),(40,8,20),(54,8,27),(72,8,36),(78,8,39),(84,8,42),(116,8,58),(120,8,60),(126,8,63),(134,8,67),(144,8,72),(148,8,74),(152,8,76),(154,8,77),(168,8,84),(190,8,95),(196,8,98),(202,8,101),(236,8,118),(238,8,119),(264,8,132),(266,8,133),(276,8,138),(278,8,139),(298,8,149),(314,8,157),(316,8,158),(320,8,160),(328,8,164),(342,8,171),(344,8,172),(354,8,177),(368,8,184),(6,9,3),(10,9,5),(22,9,11),(28,9,14),(32,9,16),(44,9,22),(56,9,28),(70,9,35),(86,9,43),(108,9,54),(110,9,55),(130,9,65),(136,9,68),(146,9,73),(170,9,85),(178,9,89),(188,9,94),(194,9,97),(206,9,103),(210,9,105),(220,9,110),(222,9,111),(228,9,114),(240,9,120),(256,9,128),(258,9,129),(260,9,130),(270,9,135),(272,9,136),(284,9,142),(286,9,143),(290,9,145),(304,9,152),(308,9,154),(310,9,155),(324,9,162),(340,9,170),(346,9,173),(2,10,1),(12,10,6),(18,10,9),(30,10,15),(46,10,23),(48,10,24),(96,10,48),(100,10,50),(102,10,51),(104,10,52),(106,10,53),(122,10,61),(124,10,62),(132,10,66),(180,10,90),(182,10,91),(208,10,104),(230,10,115),(274,10,137),(296,10,148),(300,10,150),(306,10,153),(312,10,156),(334,10,167),(352,10,176),(356,10,178),(372,10,186);
/*!40000 ALTER TABLE `ec_product_variation_items` ENABLE KEYS */;
UNLOCK TABLES;

--
-- Table structure for table `ec_product_variations`
--

DROP TABLE IF EXISTS `ec_product_variations`;
/*!40101 SET @saved_cs_client     = @@character_set_client */;
/*!40101 SET character_set_client = utf8 */;
CREATE TABLE `ec_product_variations` (
  `id` bigint(20) unsigned NOT NULL AUTO_INCREMENT,
  `product_id` bigint(20) unsigned DEFAULT NULL,
  `configurable_product_id` bigint(20) unsigned NOT NULL,
  `is_default` tinyint(4) NOT NULL DEFAULT 0,
  PRIMARY KEY (`id`),
  UNIQUE KEY `ec_product_variations_product_id_configurable_product_id_unique` (`product_id`,`configurable_product_id`),
  KEY `configurable_product_index` (`product_id`,`configurable_product_id`)
) ENGINE=InnoDB AUTO_INCREMENT=191 DEFAULT CHARSET=utf8mb4 COLLATE=utf8mb4_unicode_ci;
/*!40101 SET character_set_client = @saved_cs_client */;

--
-- Dumping data for table `ec_product_variations`
--

LOCK TABLES `ec_product_variations` WRITE;
/*!40000 ALTER TABLE `ec_product_variations` DISABLE KEYS */;
INSERT INTO `ec_product_variations` VALUES (1,76,1,1),(2,77,1,0),(3,78,2,1),(4,79,2,0),(5,80,3,1),(6,81,3,0),(7,82,4,1),(8,83,4,0),(9,84,5,1),(10,85,6,1),(11,86,7,1),(12,87,7,0),(13,88,7,0),(14,89,8,1),(15,90,8,0),(16,91,9,1),(17,92,10,1),(18,93,11,1),(19,94,11,0),(20,95,11,0),(21,96,12,1),(22,97,12,0),(23,98,12,0),(24,99,12,0),(25,100,13,1),(26,101,13,0),(27,102,14,1),(28,103,14,0),(29,104,15,1),(30,105,15,0),(31,106,15,0),(32,107,15,0),(33,108,16,1),(34,109,17,1),(35,110,17,0),(36,111,17,0),(37,112,17,0),(38,113,17,0),(39,114,18,1),(40,115,18,0),(41,116,18,0),(42,117,18,0),(43,118,19,1),(44,119,20,1),(45,120,20,0),(46,121,20,0),(47,122,21,1),(48,123,21,0),(49,124,21,0),(50,125,22,1),(51,126,22,0),(52,127,22,0),(53,128,23,1),(54,129,23,0),(55,130,23,0),(56,131,24,1),(57,132,24,0),(58,133,24,0),(59,134,24,0),(60,135,25,1),(61,136,25,0),(62,137,25,0),(63,138,25,0),(64,139,26,1),(65,140,26,0),(66,141,26,0),(67,142,26,0),(68,143,27,1),(69,144,27,0),(70,145,27,0),(71,146,27,0),(72,147,28,1),(73,148,28,0),(74,149,28,0),(75,150,29,1),(76,151,29,0),(77,152,29,0),(78,153,30,1),(79,154,30,0),(80,155,30,0),(81,156,31,1),(82,157,31,0),(83,158,32,1),(84,159,32,0),(85,160,33,1),(86,161,34,1),(87,162,34,0),(88,163,34,0),(89,164,35,1),(90,165,35,0),(91,166,35,0),(92,167,35,0),(93,168,36,1),(94,169,36,0),(95,170,36,0),(97,172,38,1),(98,173,38,0),(99,174,38,0),(100,175,39,1),(101,176,40,1),(102,177,41,1),(103,178,42,1),(104,179,43,1),(105,180,43,0),(106,181,44,1),(107,182,44,0),(108,183,44,0),(109,184,45,1),(110,185,45,0),(111,186,45,0),(114,189,47,1),(115,190,47,0),(118,193,49,1),(119,194,49,0),(120,195,49,0),(125,200,51,1),(126,201,52,1),(127,202,52,0),(128,203,52,0),(129,204,53,1),(130,205,53,0),(131,206,54,1),(132,207,54,0),(133,208,54,0),(134,209,54,0),(135,210,54,0),(136,211,55,1),(137,212,55,0),(138,213,55,0),(139,214,55,0),(140,215,55,0),(141,216,56,1),(142,217,56,0),(143,218,56,0),(144,219,56,0),(145,220,57,1),(146,221,57,0),(147,222,58,1),(148,223,59,1),(149,224,59,0),(150,225,60,1),(151,226,60,0),(152,227,61,1),(153,228,61,0),(154,229,61,0),(155,230,62,1),(156,231,63,1),(157,232,63,0),(158,233,64,1),(159,234,64,0),(160,235,64,0),(161,236,64,0),(162,237,65,1),(163,238,65,0),(164,239,65,0),(165,240,65,0),(166,241,66,1),(167,242,66,0),(168,243,67,1),(169,244,67,0),(170,245,68,1),(171,246,68,0),(172,247,68,0),(173,248,68,0),(174,249,69,1),(175,250,69,0),(176,251,69,0),(177,252,69,0),(178,253,70,1),(179,254,70,0),(180,255,70,0),(181,256,71,1),(182,257,71,0),(183,258,72,1),(184,259,73,1),(185,260,73,0),(186,261,74,1),(187,262,74,0),(188,263,74,0),(189,264,75,1),(190,265,75,0);
/*!40000 ALTER TABLE `ec_product_variations` ENABLE KEYS */;
UNLOCK TABLES;

--
-- Table structure for table `ec_product_views`
--

DROP TABLE IF EXISTS `ec_product_views`;
/*!40101 SET @saved_cs_client     = @@character_set_client */;
/*!40101 SET character_set_client = utf8 */;
CREATE TABLE `ec_product_views` (
  `id` bigint(20) unsigned NOT NULL AUTO_INCREMENT,
  `product_id` bigint(20) unsigned NOT NULL,
  `views` int(11) NOT NULL DEFAULT 1,
  `date` date NOT NULL DEFAULT '2025-05-20',
  PRIMARY KEY (`id`),
  UNIQUE KEY `ec_product_views_product_id_date_unique` (`product_id`,`date`),
  KEY `ec_product_views_product_id_index` (`product_id`)
) ENGINE=InnoDB AUTO_INCREMENT=7 DEFAULT CHARSET=utf8mb4 COLLATE=utf8mb4_unicode_ci;
/*!40101 SET character_set_client = @saved_cs_client */;

--
-- Dumping data for table `ec_product_views`
--

LOCK TABLES `ec_product_views` WRITE;
/*!40000 ALTER TABLE `ec_product_views` DISABLE KEYS */;
INSERT INTO `ec_product_views` VALUES (1,66,1,'2025-05-21'),(2,266,1,'2025-05-21'),(3,294,1,'2025-05-21'),(4,2,1,'2025-05-27'),(5,304,2,'2025-06-02');
/*!40000 ALTER TABLE `ec_product_views` ENABLE KEYS */;
UNLOCK TABLES;

--
-- Table structure for table `ec_product_with_attribute_set`
--

DROP TABLE IF EXISTS `ec_product_with_attribute_set`;
/*!40101 SET @saved_cs_client     = @@character_set_client */;
/*!40101 SET character_set_client = utf8 */;
CREATE TABLE `ec_product_with_attribute_set` (
  `attribute_set_id` bigint(20) unsigned NOT NULL,
  `product_id` bigint(20) unsigned NOT NULL,
  `order` tinyint(3) unsigned NOT NULL DEFAULT 0,
  PRIMARY KEY (`product_id`,`attribute_set_id`)
) ENGINE=InnoDB DEFAULT CHARSET=utf8mb4 COLLATE=utf8mb4_unicode_ci;
/*!40101 SET character_set_client = @saved_cs_client */;

--
-- Dumping data for table `ec_product_with_attribute_set`
--

LOCK TABLES `ec_product_with_attribute_set` WRITE;
/*!40000 ALTER TABLE `ec_product_with_attribute_set` DISABLE KEYS */;
INSERT INTO `ec_product_with_attribute_set` VALUES (1,1,0),(2,1,0),(1,2,0),(2,2,0),(1,3,0),(2,3,0),(1,4,0),(2,4,0),(1,5,0),(2,5,0),(1,6,0),(2,6,0),(1,7,0),(2,7,0),(1,8,0),(2,8,0),(1,9,0),(2,9,0),(1,10,0),(2,10,0),(1,11,0),(2,11,0),(1,12,0),(2,12,0),(1,13,0),(2,13,0),(1,14,0),(2,14,0),(1,15,0),(2,15,0),(1,16,0),(2,16,0),(1,17,0),(2,17,0),(1,18,0),(2,18,0),(1,19,0),(2,19,0),(1,20,0),(2,20,0),(1,21,0),(2,21,0),(1,22,0),(2,22,0),(1,23,0),(2,23,0),(1,24,0),(2,24,0),(1,25,0),(2,25,0),(1,26,0),(2,26,0),(1,27,0),(2,27,0),(1,28,0),(2,28,0),(1,29,0),(2,29,0),(1,30,0),(2,30,0),(1,31,0),(2,31,0),(1,32,0),(2,32,0),(1,33,0),(2,33,0),(1,34,0),(2,34,0),(1,35,0),(2,35,0),(1,36,0),(2,36,0),(1,38,0),(2,38,0),(1,39,0),(2,39,0),(1,40,0),(2,40,0),(1,41,0),(2,41,0),(1,42,0),(2,42,0),(1,43,0),(2,43,0),(1,44,0),(2,44,0),(1,45,0),(2,45,0),(1,47,0),(2,47,0),(1,49,0),(2,49,0),(1,51,0),(2,51,0),(1,52,0),(2,52,0),(1,53,0),(2,53,0),(1,54,0),(2,54,0),(1,55,0),(2,55,0),(1,56,0),(2,56,0),(1,57,0),(2,57,0),(1,58,0),(2,58,0),(1,59,0),(2,59,0),(1,60,0),(2,60,0),(1,61,0),(2,61,0),(1,62,0),(2,62,0),(1,63,0),(2,63,0),(1,64,0),(2,64,0),(1,65,0),(2,65,0),(1,66,0),(2,66,0),(1,67,0),(2,67,0),(1,68,0),(2,68,0),(1,69,0),(2,69,0),(1,70,0),(2,70,0),(1,71,0),(2,71,0),(1,72,0),(2,72,0),(1,73,0),(2,73,0),(1,74,0),(2,74,0),(1,75,0),(2,75,0);
/*!40000 ALTER TABLE `ec_product_with_attribute_set` ENABLE KEYS */;
UNLOCK TABLES;

--
-- Table structure for table `ec_products`
--

DROP TABLE IF EXISTS `ec_products`;
/*!40101 SET @saved_cs_client     = @@character_set_client */;
/*!40101 SET character_set_client = utf8 */;
CREATE TABLE `ec_products` (
  `id` bigint(20) unsigned NOT NULL AUTO_INCREMENT,
  `name` varchar(191) NOT NULL,
  `description` text DEFAULT NULL,
  `content` longtext DEFAULT NULL,
  `status` varchar(60) NOT NULL DEFAULT 'published',
  `images` text DEFAULT NULL,
  `video_media` text DEFAULT NULL,
  `sku` varchar(191) DEFAULT NULL,
  `order` int(10) unsigned NOT NULL DEFAULT 0,
  `quantity` int(10) unsigned DEFAULT NULL,
  `allow_checkout_when_out_of_stock` tinyint(3) unsigned NOT NULL DEFAULT 0,
  `with_storehouse_management` tinyint(3) unsigned NOT NULL DEFAULT 0,
  `stock_status` varchar(191) DEFAULT 'in_stock',
  `is_featured` tinyint(3) unsigned NOT NULL DEFAULT 0,
  `brand_id` bigint(20) unsigned DEFAULT NULL,
  `is_variation` tinyint(4) NOT NULL DEFAULT 0,
  `sale_type` tinyint(4) NOT NULL DEFAULT 0,
  `price` double unsigned DEFAULT NULL,
  `sale_price` double unsigned DEFAULT NULL,
  `start_date` timestamp NULL DEFAULT NULL,
  `end_date` timestamp NULL DEFAULT NULL,
  `length` double DEFAULT NULL,
  `wide` double DEFAULT NULL,
  `height` double DEFAULT NULL,
  `weight` double DEFAULT NULL,
  `tax_id` bigint(20) unsigned DEFAULT NULL,
  `views` bigint(20) NOT NULL DEFAULT 0,
  `created_at` timestamp NULL DEFAULT NULL,
  `updated_at` timestamp NULL DEFAULT NULL,
  `created_by_id` bigint(20) unsigned DEFAULT 0,
  `created_by_type` varchar(191) NOT NULL DEFAULT 'Botble\\ACL\\Models\\User',
  `image` varchar(191) DEFAULT NULL,
  `product_type` varchar(60) DEFAULT 'physical',
  `barcode` varchar(50) DEFAULT NULL,
  `cost_per_item` double DEFAULT NULL,
  `generate_license_code` tinyint(1) NOT NULL DEFAULT 0,
  `minimum_order_quantity` int(10) unsigned DEFAULT 0,
  `maximum_order_quantity` int(10) unsigned DEFAULT 0,
  `notify_attachment_updated` tinyint(1) NOT NULL DEFAULT 0,
  `specification_table_id` bigint(20) unsigned DEFAULT NULL,
  PRIMARY KEY (`id`),
  KEY `ec_products_brand_id_status_is_variation_created_at_index` (`brand_id`,`status`,`is_variation`,`created_at`),
  KEY `sale_type_index` (`sale_type`),
  KEY `start_date_index` (`start_date`),
  KEY `end_date_index` (`end_date`),
  KEY `sale_price_index` (`sale_price`),
  KEY `is_variation_index` (`is_variation`),
  KEY `ec_products_sku_index` (`sku`)
) ENGINE=InnoDB AUTO_INCREMENT=306 DEFAULT CHARSET=utf8mb4 COLLATE=utf8mb4_unicode_ci;
/*!40101 SET character_set_client = @saved_cs_client */;

--
-- Dumping data for table `ec_products`
--

LOCK TABLES `ec_products` WRITE;
/*!40000 ALTER TABLE `ec_products` DISABLE KEYS */;
INSERT INTO `ec_products` VALUES (1,'Miko Wooden Bluetooth Speaker','<p>Short Hooded Coat features a straight body, large pockets with button flaps, ventilation air holes, and a string detail along the hemline.</p>','<p>Short Hooded Coat features a straight body, large pockets with button flaps, ventilation air holes, and a string detail along the hemline. The style is completed with a drawstring hood, featuring Rains’ signature built-in cap. Made from waterproof, matte PU, this lightweight unisex rain jacket is an ode to nostalgia through its classic silhouette and utilitarian design details.</p>\r\n                                <p>- Casual unisex fit</p>\r\n\r\n                                <p>- 64% polyester, 36% polyurethane</p>\r\n\r\n                                <p>- Water column pressure: 4000 mm</p>\r\n\r\n                                <p>- Model is 187cm tall and wearing a size S / M</p>\r\n\r\n                                <p>- Unisex fit</p>\r\n\r\n                                <p>- Drawstring hood with built-in cap</p>\r\n\r\n                                <p>- Front placket with snap buttons</p>\r\n\r\n                                <p>- Ventilation under armpit</p>\r\n\r\n                                <p>- Adjustable cuffs</p>\r\n\r\n                                <p>- Double welted front pockets</p>\r\n\r\n                                <p>- Adjustable elastic string at hempen</p>\r\n\r\n                                <p>- Ultrasonically welded seams</p>\r\n\r\n                                <p>This is a unisex item, please check our clothing &amp; footwear sizing guide for specific Rains jacket sizing information. RAINS comes from the rainy nation of Denmark at the edge of the European continent, close to the ocean and with prevailing westerly winds; all factors that contribute to an average of 121 rain days each year. Arising from these rainy weather conditions comes the attitude that a quick rain shower may be beautiful, as well as moody- but first and foremost requires the right outfit. Rains focus on the whole experience of going outside on rainy days, issuing an invitation to explore even in the most mercurial weather.</p>','published','[\"products\\/product-49.jpg\",\"products\\/product-1.jpg\",\"products\\/product-4.jpg\",\"products\\/product-8.jpg\",\"products\\/product-81.jpg\",\"products\\/product-94.jpg\",\"products\\/product-44.jpg\",\"products\\/product-87.jpg\",\"products\\/product-65.jpg\"]',NULL,'NC-120-A0',0,20,0,1,'in_stock',1,1,0,0,430,NULL,NULL,NULL,15,14,12,550,NULL,49818,'2025-05-20 14:07:31','2025-05-20 14:07:40',0,'Botble\\ACL\\Models\\User',NULL,'digital',NULL,NULL,0,0,0,0,2),(2,'Gorgeous Wooden Gloves','<p>Short Hooded Coat features a straight body, large pockets with button flaps, ventilation air holes, and a string detail along the hemline.</p>','<p>Short Hooded Coat features a straight body, large pockets with button flaps, ventilation air holes, and a string detail along the hemline. The style is completed with a drawstring hood, featuring Rains’ signature built-in cap. Made from waterproof, matte PU, this lightweight unisex rain jacket is an ode to nostalgia through its classic silhouette and utilitarian design details.</p>\r\n                                <p>- Casual unisex fit</p>\r\n\r\n                                <p>- 64% polyester, 36% polyurethane</p>\r\n\r\n                                <p>- Water column pressure: 4000 mm</p>\r\n\r\n                                <p>- Model is 187cm tall and wearing a size S / M</p>\r\n\r\n                                <p>- Unisex fit</p>\r\n\r\n                                <p>- Drawstring hood with built-in cap</p>\r\n\r\n                                <p>- Front placket with snap buttons</p>\r\n\r\n                                <p>- Ventilation under armpit</p>\r\n\r\n                                <p>- Adjustable cuffs</p>\r\n\r\n                                <p>- Double welted front pockets</p>\r\n\r\n                                <p>- Adjustable elastic string at hempen</p>\r\n\r\n                                <p>- Ultrasonically welded seams</p>\r\n\r\n                                <p>This is a unisex item, please check our clothing &amp; footwear sizing guide for specific Rains jacket sizing information. RAINS comes from the rainy nation of Denmark at the edge of the European continent, close to the ocean and with prevailing westerly winds; all factors that contribute to an average of 121 rain days each year. Arising from these rainy weather conditions comes the attitude that a quick rain shower may be beautiful, as well as moody- but first and foremost requires the right outfit. Rains focus on the whole experience of going outside on rainy days, issuing an invitation to explore even in the most mercurial weather.</p>','published','[\"products\\/product-62.jpg\",\"products\\/product-69.jpg\",\"products\\/product-85.jpg\",\"products\\/product-55.jpg\",\"products\\/product-71.jpg\",\"products\\/product-16.jpg\",\"products\\/product-17.jpg\",\"products\\/product-63.jpg\"]',NULL,'NC-114-A0',0,15,0,1,'in_stock',0,3,0,0,369,NULL,NULL,NULL,15,10,20,504,NULL,170222,'2025-05-20 14:07:32','2025-05-20 14:07:41',0,'Botble\\ACL\\Models\\User',NULL,'physical',NULL,NULL,0,0,0,0,2),(3,'Pinkol Enormous Granite Bottle','<p>Short Hooded Coat features a straight body, large pockets with button flaps, ventilation air holes, and a string detail along the hemline.</p>','<p>Short Hooded Coat features a straight body, large pockets with button flaps, ventilation air holes, and a string detail along the hemline. The style is completed with a drawstring hood, featuring Rains’ signature built-in cap. Made from waterproof, matte PU, this lightweight unisex rain jacket is an ode to nostalgia through its classic silhouette and utilitarian design details.</p>\r\n                                <p>- Casual unisex fit</p>\r\n\r\n                                <p>- 64% polyester, 36% polyurethane</p>\r\n\r\n                                <p>- Water column pressure: 4000 mm</p>\r\n\r\n                                <p>- Model is 187cm tall and wearing a size S / M</p>\r\n\r\n                                <p>- Unisex fit</p>\r\n\r\n                                <p>- Drawstring hood with built-in cap</p>\r\n\r\n                                <p>- Front placket with snap buttons</p>\r\n\r\n                                <p>- Ventilation under armpit</p>\r\n\r\n                                <p>- Adjustable cuffs</p>\r\n\r\n                                <p>- Double welted front pockets</p>\r\n\r\n                                <p>- Adjustable elastic string at hempen</p>\r\n\r\n                                <p>- Ultrasonically welded seams</p>\r\n\r\n                                <p>This is a unisex item, please check our clothing &amp; footwear sizing guide for specific Rains jacket sizing information. RAINS comes from the rainy nation of Denmark at the edge of the European continent, close to the ocean and with prevailing westerly winds; all factors that contribute to an average of 121 rain days each year. Arising from these rainy weather conditions comes the attitude that a quick rain shower may be beautiful, as well as moody- but first and foremost requires the right outfit. Rains focus on the whole experience of going outside on rainy days, issuing an invitation to explore even in the most mercurial weather.</p>','published','[\"products\\/product-7.jpg\",\"products\\/product-1.jpg\",\"products\\/product-41.jpg\",\"products\\/product-56.jpg\",\"products\\/product-43.jpg\",\"products\\/product-32.jpg\",\"products\\/product-76.jpg\",\"products\\/product-57.jpg\",\"products\\/product-80.jpg\",\"products\\/product-87.jpg\"]',NULL,'NC-122-A0',0,17,0,1,'in_stock',0,3,0,0,499,NULL,NULL,NULL,11,12,20,533,NULL,24489,'2025-05-20 14:07:32','2025-05-20 14:07:41',0,'Botble\\ACL\\Models\\User',NULL,'physical',NULL,NULL,0,0,0,0,1),(4,'Gorgeous Aluminum Table','<p>Short Hooded Coat features a straight body, large pockets with button flaps, ventilation air holes, and a string detail along the hemline.</p>','<p>Short Hooded Coat features a straight body, large pockets with button flaps, ventilation air holes, and a string detail along the hemline. The style is completed with a drawstring hood, featuring Rains’ signature built-in cap. Made from waterproof, matte PU, this lightweight unisex rain jacket is an ode to nostalgia through its classic silhouette and utilitarian design details.</p>\r\n                                <p>- Casual unisex fit</p>\r\n\r\n                                <p>- 64% polyester, 36% polyurethane</p>\r\n\r\n                                <p>- Water column pressure: 4000 mm</p>\r\n\r\n                                <p>- Model is 187cm tall and wearing a size S / M</p>\r\n\r\n                                <p>- Unisex fit</p>\r\n\r\n                                <p>- Drawstring hood with built-in cap</p>\r\n\r\n                                <p>- Front placket with snap buttons</p>\r\n\r\n                                <p>- Ventilation under armpit</p>\r\n\r\n                                <p>- Adjustable cuffs</p>\r\n\r\n                                <p>- Double welted front pockets</p>\r\n\r\n                                <p>- Adjustable elastic string at hempen</p>\r\n\r\n                                <p>- Ultrasonically welded seams</p>\r\n\r\n                                <p>This is a unisex item, please check our clothing &amp; footwear sizing guide for specific Rains jacket sizing information. RAINS comes from the rainy nation of Denmark at the edge of the European continent, close to the ocean and with prevailing westerly winds; all factors that contribute to an average of 121 rain days each year. Arising from these rainy weather conditions comes the attitude that a quick rain shower may be beautiful, as well as moody- but first and foremost requires the right outfit. Rains focus on the whole experience of going outside on rainy days, issuing an invitation to explore even in the most mercurial weather.</p>','published','[\"products\\/product-29.jpg\",\"products\\/product-13.jpg\",\"products\\/product-41.jpg\",\"products\\/product-93.jpg\",\"products\\/product-9.jpg\",\"products\\/product-30.jpg\",\"products\\/product-91.jpg\",\"products\\/product-22.jpg\",\"products\\/product-70.jpg\"]',NULL,'NC-178-A0',0,14,0,1,'in_stock',1,7,0,0,345,307.05,NULL,NULL,15,11,12,698,NULL,84640,'2025-05-20 14:07:32','2025-05-20 14:07:41',0,'Botble\\ACL\\Models\\User',NULL,'physical',NULL,NULL,0,0,0,0,1),(5,'Evo Lightweight Granite Shirt','<p>Short Hooded Coat features a straight body, large pockets with button flaps, ventilation air holes, and a string detail along the hemline.</p>','<p>Short Hooded Coat features a straight body, large pockets with button flaps, ventilation air holes, and a string detail along the hemline. The style is completed with a drawstring hood, featuring Rains’ signature built-in cap. Made from waterproof, matte PU, this lightweight unisex rain jacket is an ode to nostalgia through its classic silhouette and utilitarian design details.</p>\r\n                                <p>- Casual unisex fit</p>\r\n\r\n                                <p>- 64% polyester, 36% polyurethane</p>\r\n\r\n                                <p>- Water column pressure: 4000 mm</p>\r\n\r\n                                <p>- Model is 187cm tall and wearing a size S / M</p>\r\n\r\n                                <p>- Unisex fit</p>\r\n\r\n                                <p>- Drawstring hood with built-in cap</p>\r\n\r\n                                <p>- Front placket with snap buttons</p>\r\n\r\n                                <p>- Ventilation under armpit</p>\r\n\r\n                                <p>- Adjustable cuffs</p>\r\n\r\n                                <p>- Double welted front pockets</p>\r\n\r\n                                <p>- Adjustable elastic string at hempen</p>\r\n\r\n                                <p>- Ultrasonically welded seams</p>\r\n\r\n                                <p>This is a unisex item, please check our clothing &amp; footwear sizing guide for specific Rains jacket sizing information. RAINS comes from the rainy nation of Denmark at the edge of the European continent, close to the ocean and with prevailing westerly winds; all factors that contribute to an average of 121 rain days each year. Arising from these rainy weather conditions comes the attitude that a quick rain shower may be beautiful, as well as moody- but first and foremost requires the right outfit. Rains focus on the whole experience of going outside on rainy days, issuing an invitation to explore even in the most mercurial weather.</p>','published','[\"products\\/product-20.jpg\",\"products\\/product-74.jpg\",\"products\\/product-22.jpg\",\"products\\/product-3.jpg\",\"products\\/product-90.jpg\",\"products\\/product-68.jpg\",\"products\\/product-43.jpg\",\"products\\/product-71.jpg\",\"products\\/product-78.jpg\",\"products\\/product-88.jpg\"]',NULL,'NC-172-A0',0,12,0,1,'in_stock',1,4,0,0,354,NULL,NULL,NULL,17,16,14,554,NULL,94878,'2025-05-20 14:07:32','2025-05-20 14:07:41',0,'Botble\\ACL\\Models\\User',NULL,'digital',NULL,NULL,0,0,0,0,2),(6,'CLCo. Incredible Paper Car','<p>Short Hooded Coat features a straight body, large pockets with button flaps, ventilation air holes, and a string detail along the hemline.</p>','<p>Short Hooded Coat features a straight body, large pockets with button flaps, ventilation air holes, and a string detail along the hemline. The style is completed with a drawstring hood, featuring Rains’ signature built-in cap. Made from waterproof, matte PU, this lightweight unisex rain jacket is an ode to nostalgia through its classic silhouette and utilitarian design details.</p>\r\n                                <p>- Casual unisex fit</p>\r\n\r\n                                <p>- 64% polyester, 36% polyurethane</p>\r\n\r\n                                <p>- Water column pressure: 4000 mm</p>\r\n\r\n                                <p>- Model is 187cm tall and wearing a size S / M</p>\r\n\r\n                                <p>- Unisex fit</p>\r\n\r\n                                <p>- Drawstring hood with built-in cap</p>\r\n\r\n                                <p>- Front placket with snap buttons</p>\r\n\r\n                                <p>- Ventilation under armpit</p>\r\n\r\n                                <p>- Adjustable cuffs</p>\r\n\r\n                                <p>- Double welted front pockets</p>\r\n\r\n                                <p>- Adjustable elastic string at hempen</p>\r\n\r\n                                <p>- Ultrasonically welded seams</p>\r\n\r\n                                <p>This is a unisex item, please check our clothing &amp; footwear sizing guide for specific Rains jacket sizing information. RAINS comes from the rainy nation of Denmark at the edge of the European continent, close to the ocean and with prevailing westerly winds; all factors that contribute to an average of 121 rain days each year. Arising from these rainy weather conditions comes the attitude that a quick rain shower may be beautiful, as well as moody- but first and foremost requires the right outfit. Rains focus on the whole experience of going outside on rainy days, issuing an invitation to explore even in the most mercurial weather.</p>','published','[\"products\\/product-54.jpg\",\"products\\/product-55.jpg\",\"products\\/product-79.jpg\",\"products\\/product-6.jpg\",\"products\\/product-15.jpg\",\"products\\/product-88.jpg\",\"products\\/product-25.jpg\",\"products\\/product-46.jpg\"]',NULL,'NC-149-A0',0,18,0,1,'in_stock',1,7,0,0,433,NULL,NULL,NULL,16,19,13,704,NULL,95332,'2025-05-20 14:07:32','2025-05-20 14:07:41',0,'Botble\\ACL\\Models\\User',NULL,'physical',NULL,NULL,0,0,0,0,1),(7,'Progash Durable Granite Hat','<p>Short Hooded Coat features a straight body, large pockets with button flaps, ventilation air holes, and a string detail along the hemline.</p>','<p>Short Hooded Coat features a straight body, large pockets with button flaps, ventilation air holes, and a string detail along the hemline. The style is completed with a drawstring hood, featuring Rains’ signature built-in cap. Made from waterproof, matte PU, this lightweight unisex rain jacket is an ode to nostalgia through its classic silhouette and utilitarian design details.</p>\r\n                                <p>- Casual unisex fit</p>\r\n\r\n                                <p>- 64% polyester, 36% polyurethane</p>\r\n\r\n                                <p>- Water column pressure: 4000 mm</p>\r\n\r\n                                <p>- Model is 187cm tall and wearing a size S / M</p>\r\n\r\n                                <p>- Unisex fit</p>\r\n\r\n                                <p>- Drawstring hood with built-in cap</p>\r\n\r\n                                <p>- Front placket with snap buttons</p>\r\n\r\n                                <p>- Ventilation under armpit</p>\r\n\r\n                                <p>- Adjustable cuffs</p>\r\n\r\n                                <p>- Double welted front pockets</p>\r\n\r\n                                <p>- Adjustable elastic string at hempen</p>\r\n\r\n                                <p>- Ultrasonically welded seams</p>\r\n\r\n                                <p>This is a unisex item, please check our clothing &amp; footwear sizing guide for specific Rains jacket sizing information. RAINS comes from the rainy nation of Denmark at the edge of the European continent, close to the ocean and with prevailing westerly winds; all factors that contribute to an average of 121 rain days each year. Arising from these rainy weather conditions comes the attitude that a quick rain shower may be beautiful, as well as moody- but first and foremost requires the right outfit. Rains focus on the whole experience of going outside on rainy days, issuing an invitation to explore even in the most mercurial weather.</p>','published','[\"products\\/product-75.jpg\",\"products\\/product-33.jpg\",\"products\\/product-52.jpg\",\"products\\/product-45.jpg\",\"products\\/product-15.jpg\"]',NULL,'NC-141-A0',0,13,0,1,'in_stock',0,1,0,0,248,NULL,NULL,NULL,19,14,18,511,NULL,30260,'2025-05-20 14:07:32','2025-05-20 14:07:41',0,'Botble\\ACL\\Models\\User',NULL,'physical',NULL,NULL,0,0,0,0,2),(8,'Purab Enormous Miranda Bottle','<p>Short Hooded Coat features a straight body, large pockets with button flaps, ventilation air holes, and a string detail along the hemline.</p>','<p>Short Hooded Coat features a straight body, large pockets with button flaps, ventilation air holes, and a string detail along the hemline. The style is completed with a drawstring hood, featuring Rains’ signature built-in cap. Made from waterproof, matte PU, this lightweight unisex rain jacket is an ode to nostalgia through its classic silhouette and utilitarian design details.</p>\r\n                                <p>- Casual unisex fit</p>\r\n\r\n                                <p>- 64% polyester, 36% polyurethane</p>\r\n\r\n                                <p>- Water column pressure: 4000 mm</p>\r\n\r\n                                <p>- Model is 187cm tall and wearing a size S / M</p>\r\n\r\n                                <p>- Unisex fit</p>\r\n\r\n                                <p>- Drawstring hood with built-in cap</p>\r\n\r\n                                <p>- Front placket with snap buttons</p>\r\n\r\n                                <p>- Ventilation under armpit</p>\r\n\r\n                                <p>- Adjustable cuffs</p>\r\n\r\n                                <p>- Double welted front pockets</p>\r\n\r\n                                <p>- Adjustable elastic string at hempen</p>\r\n\r\n                                <p>- Ultrasonically welded seams</p>\r\n\r\n                                <p>This is a unisex item, please check our clothing &amp; footwear sizing guide for specific Rains jacket sizing information. RAINS comes from the rainy nation of Denmark at the edge of the European continent, close to the ocean and with prevailing westerly winds; all factors that contribute to an average of 121 rain days each year. Arising from these rainy weather conditions comes the attitude that a quick rain shower may be beautiful, as well as moody- but first and foremost requires the right outfit. Rains focus on the whole experience of going outside on rainy days, issuing an invitation to explore even in the most mercurial weather.</p>','published','[\"products\\/product-73.jpg\",\"products\\/product-33.jpg\",\"products\\/product-81.jpg\",\"products\\/product-91.jpg\",\"products\\/product-70.jpg\",\"products\\/product-11.jpg\",\"products\\/product-25.jpg\",\"products\\/product-48.jpg\",\"products\\/product-15.jpg\"]',NULL,'NC-190-A0',0,13,0,1,'in_stock',0,7,0,0,481,418.47,NULL,NULL,14,19,14,715,NULL,6171,'2025-05-20 14:07:32','2025-05-20 14:07:41',0,'Botble\\ACL\\Models\\User',NULL,'physical',NULL,NULL,0,0,0,0,1),(9,'Miklonda Co. Crafted Candles','<p>Short Hooded Coat features a straight body, large pockets with button flaps, ventilation air holes, and a string detail along the hemline.</p>','<p>Short Hooded Coat features a straight body, large pockets with button flaps, ventilation air holes, and a string detail along the hemline. The style is completed with a drawstring hood, featuring Rains’ signature built-in cap. Made from waterproof, matte PU, this lightweight unisex rain jacket is an ode to nostalgia through its classic silhouette and utilitarian design details.</p>\r\n                                <p>- Casual unisex fit</p>\r\n\r\n                                <p>- 64% polyester, 36% polyurethane</p>\r\n\r\n                                <p>- Water column pressure: 4000 mm</p>\r\n\r\n                                <p>- Model is 187cm tall and wearing a size S / M</p>\r\n\r\n                                <p>- Unisex fit</p>\r\n\r\n                                <p>- Drawstring hood with built-in cap</p>\r\n\r\n                                <p>- Front placket with snap buttons</p>\r\n\r\n                                <p>- Ventilation under armpit</p>\r\n\r\n                                <p>- Adjustable cuffs</p>\r\n\r\n                                <p>- Double welted front pockets</p>\r\n\r\n                                <p>- Adjustable elastic string at hempen</p>\r\n\r\n                                <p>- Ultrasonically welded seams</p>\r\n\r\n                                <p>This is a unisex item, please check our clothing &amp; footwear sizing guide for specific Rains jacket sizing information. RAINS comes from the rainy nation of Denmark at the edge of the European continent, close to the ocean and with prevailing westerly winds; all factors that contribute to an average of 121 rain days each year. Arising from these rainy weather conditions comes the attitude that a quick rain shower may be beautiful, as well as moody- but first and foremost requires the right outfit. Rains focus on the whole experience of going outside on rainy days, issuing an invitation to explore even in the most mercurial weather.</p>','published','[\"products\\/product-56.jpg\",\"products\\/product-76.jpg\",\"products\\/product-35.jpg\",\"products\\/product-27.jpg\",\"products\\/product-63.jpg\",\"products\\/product-54.jpg\",\"products\\/product-44.jpg\",\"products\\/product-91.jpg\",\"products\\/product-77.jpg\",\"products\\/product-9.jpg\",\"products\\/product-70.jpg\"]',NULL,'NC-106-A0',0,15,0,1,'in_stock',0,3,0,0,404,NULL,NULL,NULL,10,18,11,596,NULL,136380,'2025-05-20 14:07:32','2025-05-20 14:07:41',0,'Botble\\ACL\\Models\\User',NULL,'digital',NULL,NULL,0,0,0,0,1),(10,'Pinkol Enormous Granite Bottle','<p>Short Hooded Coat features a straight body, large pockets with button flaps, ventilation air holes, and a string detail along the hemline.</p>','<p>Short Hooded Coat features a straight body, large pockets with button flaps, ventilation air holes, and a string detail along the hemline. The style is completed with a drawstring hood, featuring Rains’ signature built-in cap. Made from waterproof, matte PU, this lightweight unisex rain jacket is an ode to nostalgia through its classic silhouette and utilitarian design details.</p>\r\n                                <p>- Casual unisex fit</p>\r\n\r\n                                <p>- 64% polyester, 36% polyurethane</p>\r\n\r\n                                <p>- Water column pressure: 4000 mm</p>\r\n\r\n                                <p>- Model is 187cm tall and wearing a size S / M</p>\r\n\r\n                                <p>- Unisex fit</p>\r\n\r\n                                <p>- Drawstring hood with built-in cap</p>\r\n\r\n                                <p>- Front placket with snap buttons</p>\r\n\r\n                                <p>- Ventilation under armpit</p>\r\n\r\n                                <p>- Adjustable cuffs</p>\r\n\r\n                                <p>- Double welted front pockets</p>\r\n\r\n                                <p>- Adjustable elastic string at hempen</p>\r\n\r\n                                <p>- Ultrasonically welded seams</p>\r\n\r\n                                <p>This is a unisex item, please check our clothing &amp; footwear sizing guide for specific Rains jacket sizing information. RAINS comes from the rainy nation of Denmark at the edge of the European continent, close to the ocean and with prevailing westerly winds; all factors that contribute to an average of 121 rain days each year. Arising from these rainy weather conditions comes the attitude that a quick rain shower may be beautiful, as well as moody- but first and foremost requires the right outfit. Rains focus on the whole experience of going outside on rainy days, issuing an invitation to explore even in the most mercurial weather.</p>','published','[\"products\\/product-13.jpg\",\"products\\/product-64.jpg\",\"products\\/product-65.jpg\",\"products\\/product-85.jpg\",\"products\\/product-1.jpg\",\"products\\/product-10.jpg\",\"products\\/product-22.jpg\"]',NULL,'NC-155-A0',0,19,0,1,'in_stock',1,7,0,0,389,NULL,NULL,NULL,18,15,15,838,NULL,150419,'2025-05-20 14:07:32','2025-05-20 14:07:41',0,'Botble\\ACL\\Models\\User',NULL,'physical',NULL,NULL,0,0,0,0,1),(11,'Dual Camera 20MP','<p>Short Hooded Coat features a straight body, large pockets with button flaps, ventilation air holes, and a string detail along the hemline.</p>','<p>Short Hooded Coat features a straight body, large pockets with button flaps, ventilation air holes, and a string detail along the hemline. The style is completed with a drawstring hood, featuring Rains’ signature built-in cap. Made from waterproof, matte PU, this lightweight unisex rain jacket is an ode to nostalgia through its classic silhouette and utilitarian design details.</p>\r\n                                <p>- Casual unisex fit</p>\r\n\r\n                                <p>- 64% polyester, 36% polyurethane</p>\r\n\r\n                                <p>- Water column pressure: 4000 mm</p>\r\n\r\n                                <p>- Model is 187cm tall and wearing a size S / M</p>\r\n\r\n                                <p>- Unisex fit</p>\r\n\r\n                                <p>- Drawstring hood with built-in cap</p>\r\n\r\n                                <p>- Front placket with snap buttons</p>\r\n\r\n                                <p>- Ventilation under armpit</p>\r\n\r\n                                <p>- Adjustable cuffs</p>\r\n\r\n                                <p>- Double welted front pockets</p>\r\n\r\n                                <p>- Adjustable elastic string at hempen</p>\r\n\r\n                                <p>- Ultrasonically welded seams</p>\r\n\r\n                                <p>This is a unisex item, please check our clothing &amp; footwear sizing guide for specific Rains jacket sizing information. RAINS comes from the rainy nation of Denmark at the edge of the European continent, close to the ocean and with prevailing westerly winds; all factors that contribute to an average of 121 rain days each year. Arising from these rainy weather conditions comes the attitude that a quick rain shower may be beautiful, as well as moody- but first and foremost requires the right outfit. Rains focus on the whole experience of going outside on rainy days, issuing an invitation to explore even in the most mercurial weather.</p>','published','[\"products\\/product-9.jpg\",\"products\\/product-93.jpg\",\"products\\/product-32.jpg\",\"products\\/product-10.jpg\",\"products\\/product-44.jpg\",\"products\\/product-80.jpg\",\"products\\/product-83.jpg\",\"products\\/product-37.jpg\",\"products\\/product-30.jpg\"]',NULL,'NC-171-A0',0,15,0,1,'in_stock',0,2,0,0,248,NULL,NULL,NULL,14,13,10,571,NULL,119785,'2025-05-20 14:07:32','2025-05-20 14:07:41',0,'Botble\\ACL\\Models\\User',NULL,'physical',NULL,NULL,0,0,0,0,1),(12,'Smart Watches','<p>Short Hooded Coat features a straight body, large pockets with button flaps, ventilation air holes, and a string detail along the hemline.</p>','<p>Short Hooded Coat features a straight body, large pockets with button flaps, ventilation air holes, and a string detail along the hemline. The style is completed with a drawstring hood, featuring Rains’ signature built-in cap. Made from waterproof, matte PU, this lightweight unisex rain jacket is an ode to nostalgia through its classic silhouette and utilitarian design details.</p>\r\n                                <p>- Casual unisex fit</p>\r\n\r\n                                <p>- 64% polyester, 36% polyurethane</p>\r\n\r\n                                <p>- Water column pressure: 4000 mm</p>\r\n\r\n                                <p>- Model is 187cm tall and wearing a size S / M</p>\r\n\r\n                                <p>- Unisex fit</p>\r\n\r\n                                <p>- Drawstring hood with built-in cap</p>\r\n\r\n                                <p>- Front placket with snap buttons</p>\r\n\r\n                                <p>- Ventilation under armpit</p>\r\n\r\n                                <p>- Adjustable cuffs</p>\r\n\r\n                                <p>- Double welted front pockets</p>\r\n\r\n                                <p>- Adjustable elastic string at hempen</p>\r\n\r\n                                <p>- Ultrasonically welded seams</p>\r\n\r\n                                <p>This is a unisex item, please check our clothing &amp; footwear sizing guide for specific Rains jacket sizing information. RAINS comes from the rainy nation of Denmark at the edge of the European continent, close to the ocean and with prevailing westerly winds; all factors that contribute to an average of 121 rain days each year. Arising from these rainy weather conditions comes the attitude that a quick rain shower may be beautiful, as well as moody- but first and foremost requires the right outfit. Rains focus on the whole experience of going outside on rainy days, issuing an invitation to explore even in the most mercurial weather.</p>','published','[\"products\\/product-33.jpg\",\"products\\/product-89.jpg\",\"products\\/product-18.jpg\",\"products\\/product-8.jpg\",\"products\\/product-94.jpg\",\"products\\/product-92.jpg\",\"products\\/product-49.jpg\",\"products\\/product-27.jpg\",\"products\\/product-36.jpg\",\"products\\/product-95.jpg\",\"products\\/product-41.jpg\"]',NULL,'NC-190-A0',0,18,0,1,'in_stock',0,5,0,0,494,380.38,NULL,NULL,11,12,18,862,NULL,124524,'2025-05-20 14:07:32','2025-05-20 14:07:41',0,'Botble\\ACL\\Models\\User',NULL,'physical',NULL,NULL,0,0,0,0,2),(13,'Beat Headphone','<p>Short Hooded Coat features a straight body, large pockets with button flaps, ventilation air holes, and a string detail along the hemline.</p>','<p>Short Hooded Coat features a straight body, large pockets with button flaps, ventilation air holes, and a string detail along the hemline. The style is completed with a drawstring hood, featuring Rains’ signature built-in cap. Made from waterproof, matte PU, this lightweight unisex rain jacket is an ode to nostalgia through its classic silhouette and utilitarian design details.</p>\r\n                                <p>- Casual unisex fit</p>\r\n\r\n                                <p>- 64% polyester, 36% polyurethane</p>\r\n\r\n                                <p>- Water column pressure: 4000 mm</p>\r\n\r\n                                <p>- Model is 187cm tall and wearing a size S / M</p>\r\n\r\n                                <p>- Unisex fit</p>\r\n\r\n                                <p>- Drawstring hood with built-in cap</p>\r\n\r\n                                <p>- Front placket with snap buttons</p>\r\n\r\n                                <p>- Ventilation under armpit</p>\r\n\r\n                                <p>- Adjustable cuffs</p>\r\n\r\n                                <p>- Double welted front pockets</p>\r\n\r\n                                <p>- Adjustable elastic string at hempen</p>\r\n\r\n                                <p>- Ultrasonically welded seams</p>\r\n\r\n                                <p>This is a unisex item, please check our clothing &amp; footwear sizing guide for specific Rains jacket sizing information. RAINS comes from the rainy nation of Denmark at the edge of the European continent, close to the ocean and with prevailing westerly winds; all factors that contribute to an average of 121 rain days each year. Arising from these rainy weather conditions comes the attitude that a quick rain shower may be beautiful, as well as moody- but first and foremost requires the right outfit. Rains focus on the whole experience of going outside on rainy days, issuing an invitation to explore even in the most mercurial weather.</p>','published','[\"products\\/product-45.jpg\",\"products\\/product-78.jpg\",\"products\\/product-6.jpg\",\"products\\/product-7.jpg\",\"products\\/product-20.jpg\",\"products\\/product-49.jpg\",\"products\\/product-83.jpg\",\"products\\/product-12.jpg\",\"products\\/product-9.jpg\"]',NULL,'NC-192-A0',0,17,0,1,'in_stock',0,3,0,0,476,NULL,NULL,NULL,18,11,18,540,NULL,95528,'2025-05-20 14:07:32','2025-05-20 14:07:41',0,'Botble\\ACL\\Models\\User',NULL,'digital',NULL,NULL,0,0,0,0,2),(14,'Red &amp; Black Headphone','<p>Short Hooded Coat features a straight body, large pockets with button flaps, ventilation air holes, and a string detail along the hemline.</p>','<p>Short Hooded Coat features a straight body, large pockets with button flaps, ventilation air holes, and a string detail along the hemline. The style is completed with a drawstring hood, featuring Rains’ signature built-in cap. Made from waterproof, matte PU, this lightweight unisex rain jacket is an ode to nostalgia through its classic silhouette and utilitarian design details.</p>\r\n                                <p>- Casual unisex fit</p>\r\n\r\n                                <p>- 64% polyester, 36% polyurethane</p>\r\n\r\n                                <p>- Water column pressure: 4000 mm</p>\r\n\r\n                                <p>- Model is 187cm tall and wearing a size S / M</p>\r\n\r\n                                <p>- Unisex fit</p>\r\n\r\n                                <p>- Drawstring hood with built-in cap</p>\r\n\r\n                                <p>- Front placket with snap buttons</p>\r\n\r\n                                <p>- Ventilation under armpit</p>\r\n\r\n                                <p>- Adjustable cuffs</p>\r\n\r\n                                <p>- Double welted front pockets</p>\r\n\r\n                                <p>- Adjustable elastic string at hempen</p>\r\n\r\n                                <p>- Ultrasonically welded seams</p>\r\n\r\n                                <p>This is a unisex item, please check our clothing &amp; footwear sizing guide for specific Rains jacket sizing information. RAINS comes from the rainy nation of Denmark at the edge of the European continent, close to the ocean and with prevailing westerly winds; all factors that contribute to an average of 121 rain days each year. Arising from these rainy weather conditions comes the attitude that a quick rain shower may be beautiful, as well as moody- but first and foremost requires the right outfit. Rains focus on the whole experience of going outside on rainy days, issuing an invitation to explore even in the most mercurial weather.</p>','published','[\"products\\/product-79.jpg\",\"products\\/product-59.jpg\",\"products\\/product-80.jpg\",\"products\\/product-63.jpg\",\"products\\/product-65.jpg\",\"products\\/product-47.jpg\"]',NULL,'NC-152-A0',0,16,0,1,'in_stock',1,2,0,0,250,NULL,NULL,NULL,12,10,12,720,NULL,149052,'2025-05-20 14:07:32','2025-05-20 14:07:41',0,'Botble\\ACL\\Models\\User',NULL,'physical',NULL,NULL,0,0,0,0,1),(15,'Smart Watch External','<p>Short Hooded Coat features a straight body, large pockets with button flaps, ventilation air holes, and a string detail along the hemline.</p>','<p>Short Hooded Coat features a straight body, large pockets with button flaps, ventilation air holes, and a string detail along the hemline. The style is completed with a drawstring hood, featuring Rains’ signature built-in cap. Made from waterproof, matte PU, this lightweight unisex rain jacket is an ode to nostalgia through its classic silhouette and utilitarian design details.</p>\r\n                                <p>- Casual unisex fit</p>\r\n\r\n                                <p>- 64% polyester, 36% polyurethane</p>\r\n\r\n                                <p>- Water column pressure: 4000 mm</p>\r\n\r\n                                <p>- Model is 187cm tall and wearing a size S / M</p>\r\n\r\n                                <p>- Unisex fit</p>\r\n\r\n                                <p>- Drawstring hood with built-in cap</p>\r\n\r\n                                <p>- Front placket with snap buttons</p>\r\n\r\n                                <p>- Ventilation under armpit</p>\r\n\r\n                                <p>- Adjustable cuffs</p>\r\n\r\n                                <p>- Double welted front pockets</p>\r\n\r\n                                <p>- Adjustable elastic string at hempen</p>\r\n\r\n                                <p>- Ultrasonically welded seams</p>\r\n\r\n                                <p>This is a unisex item, please check our clothing &amp; footwear sizing guide for specific Rains jacket sizing information. RAINS comes from the rainy nation of Denmark at the edge of the European continent, close to the ocean and with prevailing westerly winds; all factors that contribute to an average of 121 rain days each year. Arising from these rainy weather conditions comes the attitude that a quick rain shower may be beautiful, as well as moody- but first and foremost requires the right outfit. Rains focus on the whole experience of going outside on rainy days, issuing an invitation to explore even in the most mercurial weather.</p>','published','[\"products\\/product-23.jpg\",\"products\\/product-5.jpg\",\"products\\/product-18.jpg\",\"products\\/product-88.jpg\",\"products\\/product-1.jpg\",\"products\\/product-44.jpg\",\"products\\/product-58.jpg\",\"products\\/product-33.jpg\",\"products\\/product-11.jpg\"]',NULL,'NC-134-A0',0,18,0,1,'in_stock',1,1,0,0,321,NULL,NULL,NULL,20,20,13,565,NULL,44825,'2025-05-20 14:07:32','2025-05-20 14:07:41',0,'Botble\\ACL\\Models\\User',NULL,'physical',NULL,NULL,0,0,0,0,2),(16,'Nikon HD camera','<p>Short Hooded Coat features a straight body, large pockets with button flaps, ventilation air holes, and a string detail along the hemline.</p>','<p>Short Hooded Coat features a straight body, large pockets with button flaps, ventilation air holes, and a string detail along the hemline. The style is completed with a drawstring hood, featuring Rains’ signature built-in cap. Made from waterproof, matte PU, this lightweight unisex rain jacket is an ode to nostalgia through its classic silhouette and utilitarian design details.</p>\r\n                                <p>- Casual unisex fit</p>\r\n\r\n                                <p>- 64% polyester, 36% polyurethane</p>\r\n\r\n                                <p>- Water column pressure: 4000 mm</p>\r\n\r\n                                <p>- Model is 187cm tall and wearing a size S / M</p>\r\n\r\n                                <p>- Unisex fit</p>\r\n\r\n                                <p>- Drawstring hood with built-in cap</p>\r\n\r\n                                <p>- Front placket with snap buttons</p>\r\n\r\n                                <p>- Ventilation under armpit</p>\r\n\r\n                                <p>- Adjustable cuffs</p>\r\n\r\n                                <p>- Double welted front pockets</p>\r\n\r\n                                <p>- Adjustable elastic string at hempen</p>\r\n\r\n                                <p>- Ultrasonically welded seams</p>\r\n\r\n                                <p>This is a unisex item, please check our clothing &amp; footwear sizing guide for specific Rains jacket sizing information. RAINS comes from the rainy nation of Denmark at the edge of the European continent, close to the ocean and with prevailing westerly winds; all factors that contribute to an average of 121 rain days each year. Arising from these rainy weather conditions comes the attitude that a quick rain shower may be beautiful, as well as moody- but first and foremost requires the right outfit. Rains focus on the whole experience of going outside on rainy days, issuing an invitation to explore even in the most mercurial weather.</p>','published','[\"products\\/product-13.jpg\",\"products\\/product-66.jpg\",\"products\\/product-54.jpg\",\"products\\/product-58.jpg\",\"products\\/product-27.jpg\",\"products\\/product-12.jpg\",\"products\\/product-19.jpg\",\"products\\/product-52.jpg\"]',NULL,'NC-122-A0',0,20,0,1,'in_stock',1,2,0,0,252,204.12,NULL,NULL,18,19,16,687,NULL,138208,'2025-05-20 14:07:32','2025-05-20 14:07:41',0,'Botble\\ACL\\Models\\User',NULL,'physical',NULL,NULL,0,0,0,0,1),(17,'Audio Equipment','<p>Short Hooded Coat features a straight body, large pockets with button flaps, ventilation air holes, and a string detail along the hemline.</p>','<p>Short Hooded Coat features a straight body, large pockets with button flaps, ventilation air holes, and a string detail along the hemline. The style is completed with a drawstring hood, featuring Rains’ signature built-in cap. Made from waterproof, matte PU, this lightweight unisex rain jacket is an ode to nostalgia through its classic silhouette and utilitarian design details.</p>\r\n                                <p>- Casual unisex fit</p>\r\n\r\n                                <p>- 64% polyester, 36% polyurethane</p>\r\n\r\n                                <p>- Water column pressure: 4000 mm</p>\r\n\r\n                                <p>- Model is 187cm tall and wearing a size S / M</p>\r\n\r\n                                <p>- Unisex fit</p>\r\n\r\n                                <p>- Drawstring hood with built-in cap</p>\r\n\r\n                                <p>- Front placket with snap buttons</p>\r\n\r\n                                <p>- Ventilation under armpit</p>\r\n\r\n                                <p>- Adjustable cuffs</p>\r\n\r\n                                <p>- Double welted front pockets</p>\r\n\r\n                                <p>- Adjustable elastic string at hempen</p>\r\n\r\n                                <p>- Ultrasonically welded seams</p>\r\n\r\n                                <p>This is a unisex item, please check our clothing &amp; footwear sizing guide for specific Rains jacket sizing information. RAINS comes from the rainy nation of Denmark at the edge of the European continent, close to the ocean and with prevailing westerly winds; all factors that contribute to an average of 121 rain days each year. Arising from these rainy weather conditions comes the attitude that a quick rain shower may be beautiful, as well as moody- but first and foremost requires the right outfit. Rains focus on the whole experience of going outside on rainy days, issuing an invitation to explore even in the most mercurial weather.</p>','published','[\"products\\/product-25.jpg\",\"products\\/product-50.jpg\",\"products\\/product-45.jpg\",\"products\\/product-33.jpg\",\"products\\/product-28.jpg\"]',NULL,'NC-165-A0',0,13,0,1,'in_stock',0,1,0,0,453,NULL,NULL,NULL,11,16,11,672,NULL,166023,'2025-05-20 14:07:32','2025-05-20 14:07:41',0,'Botble\\ACL\\Models\\User',NULL,'digital',NULL,NULL,0,0,0,0,1),(18,'Smart Televisions','<p>Short Hooded Coat features a straight body, large pockets with button flaps, ventilation air holes, and a string detail along the hemline.</p>','<p>Short Hooded Coat features a straight body, large pockets with button flaps, ventilation air holes, and a string detail along the hemline. The style is completed with a drawstring hood, featuring Rains’ signature built-in cap. Made from waterproof, matte PU, this lightweight unisex rain jacket is an ode to nostalgia through its classic silhouette and utilitarian design details.</p>\r\n                                <p>- Casual unisex fit</p>\r\n\r\n                                <p>- 64% polyester, 36% polyurethane</p>\r\n\r\n                                <p>- Water column pressure: 4000 mm</p>\r\n\r\n                                <p>- Model is 187cm tall and wearing a size S / M</p>\r\n\r\n                                <p>- Unisex fit</p>\r\n\r\n                                <p>- Drawstring hood with built-in cap</p>\r\n\r\n                                <p>- Front placket with snap buttons</p>\r\n\r\n                                <p>- Ventilation under armpit</p>\r\n\r\n                                <p>- Adjustable cuffs</p>\r\n\r\n                                <p>- Double welted front pockets</p>\r\n\r\n                                <p>- Adjustable elastic string at hempen</p>\r\n\r\n                                <p>- Ultrasonically welded seams</p>\r\n\r\n                                <p>This is a unisex item, please check our clothing &amp; footwear sizing guide for specific Rains jacket sizing information. RAINS comes from the rainy nation of Denmark at the edge of the European continent, close to the ocean and with prevailing westerly winds; all factors that contribute to an average of 121 rain days each year. Arising from these rainy weather conditions comes the attitude that a quick rain shower may be beautiful, as well as moody- but first and foremost requires the right outfit. Rains focus on the whole experience of going outside on rainy days, issuing an invitation to explore even in the most mercurial weather.</p>','published','[\"products\\/product-8.jpg\",\"products\\/product-27.jpg\",\"products\\/product-31.jpg\",\"products\\/product-70.jpg\",\"products\\/product-43.jpg\",\"products\\/product-61.jpg\",\"products\\/product-38.jpg\"]',NULL,'NC-197-A0',0,20,0,1,'in_stock',0,3,0,0,317,NULL,NULL,NULL,13,17,11,795,NULL,70767,'2025-05-20 14:07:32','2025-05-20 14:07:41',0,'Botble\\ACL\\Models\\User',NULL,'physical',NULL,NULL,0,0,0,0,1),(19,'Samsung Smart Phone','<p>Short Hooded Coat features a straight body, large pockets with button flaps, ventilation air holes, and a string detail along the hemline.</p>','<p>Short Hooded Coat features a straight body, large pockets with button flaps, ventilation air holes, and a string detail along the hemline. The style is completed with a drawstring hood, featuring Rains’ signature built-in cap. Made from waterproof, matte PU, this lightweight unisex rain jacket is an ode to nostalgia through its classic silhouette and utilitarian design details.</p>\r\n                                <p>- Casual unisex fit</p>\r\n\r\n                                <p>- 64% polyester, 36% polyurethane</p>\r\n\r\n                                <p>- Water column pressure: 4000 mm</p>\r\n\r\n                                <p>- Model is 187cm tall and wearing a size S / M</p>\r\n\r\n                                <p>- Unisex fit</p>\r\n\r\n                                <p>- Drawstring hood with built-in cap</p>\r\n\r\n                                <p>- Front placket with snap buttons</p>\r\n\r\n                                <p>- Ventilation under armpit</p>\r\n\r\n                                <p>- Adjustable cuffs</p>\r\n\r\n                                <p>- Double welted front pockets</p>\r\n\r\n                                <p>- Adjustable elastic string at hempen</p>\r\n\r\n                                <p>- Ultrasonically welded seams</p>\r\n\r\n                                <p>This is a unisex item, please check our clothing &amp; footwear sizing guide for specific Rains jacket sizing information. RAINS comes from the rainy nation of Denmark at the edge of the European continent, close to the ocean and with prevailing westerly winds; all factors that contribute to an average of 121 rain days each year. Arising from these rainy weather conditions comes the attitude that a quick rain shower may be beautiful, as well as moody- but first and foremost requires the right outfit. Rains focus on the whole experience of going outside on rainy days, issuing an invitation to explore even in the most mercurial weather.</p>','published','[\"products\\/product-47.jpg\",\"products\\/product-20.jpg\",\"products\\/product-25.jpg\",\"products\\/product-59.jpg\",\"products\\/product-91.jpg\",\"products\\/product-2.jpg\",\"products\\/product-45.jpg\",\"products\\/product-67.jpg\",\"products\\/product-26.jpg\",\"products\\/product-12.jpg\",\"products\\/product-73.jpg\",\"products\\/product-48.jpg\"]',NULL,'NC-135-A0',0,19,0,1,'in_stock',0,4,0,0,429,NULL,NULL,NULL,20,17,15,690,NULL,163658,'2025-05-20 14:07:32','2025-05-20 14:07:41',0,'Botble\\ACL\\Models\\User',NULL,'physical',NULL,NULL,0,0,0,0,1),(20,'Herschel Leather Duffle Bag In Brown Color','<p>Short Hooded Coat features a straight body, large pockets with button flaps, ventilation air holes, and a string detail along the hemline.</p>','<p>Short Hooded Coat features a straight body, large pockets with button flaps, ventilation air holes, and a string detail along the hemline. The style is completed with a drawstring hood, featuring Rains’ signature built-in cap. Made from waterproof, matte PU, this lightweight unisex rain jacket is an ode to nostalgia through its classic silhouette and utilitarian design details.</p>\r\n                                <p>- Casual unisex fit</p>\r\n\r\n                                <p>- 64% polyester, 36% polyurethane</p>\r\n\r\n                                <p>- Water column pressure: 4000 mm</p>\r\n\r\n                                <p>- Model is 187cm tall and wearing a size S / M</p>\r\n\r\n                                <p>- Unisex fit</p>\r\n\r\n                                <p>- Drawstring hood with built-in cap</p>\r\n\r\n                                <p>- Front placket with snap buttons</p>\r\n\r\n                                <p>- Ventilation under armpit</p>\r\n\r\n                                <p>- Adjustable cuffs</p>\r\n\r\n                                <p>- Double welted front pockets</p>\r\n\r\n                                <p>- Adjustable elastic string at hempen</p>\r\n\r\n                                <p>- Ultrasonically welded seams</p>\r\n\r\n                                <p>This is a unisex item, please check our clothing &amp; footwear sizing guide for specific Rains jacket sizing information. RAINS comes from the rainy nation of Denmark at the edge of the European continent, close to the ocean and with prevailing westerly winds; all factors that contribute to an average of 121 rain days each year. Arising from these rainy weather conditions comes the attitude that a quick rain shower may be beautiful, as well as moody- but first and foremost requires the right outfit. Rains focus on the whole experience of going outside on rainy days, issuing an invitation to explore even in the most mercurial weather.</p>','published','[\"products\\/product-77.jpg\",\"products\\/product-2.jpg\",\"products\\/product-93.jpg\",\"products\\/product-68.jpg\",\"products\\/product-11.jpg\"]',NULL,'NC-154-A0',0,15,0,1,'in_stock',1,2,0,0,405,287.55,NULL,NULL,20,18,16,609,NULL,5175,'2025-05-20 14:07:32','2025-05-20 14:07:41',0,'Botble\\ACL\\Models\\User',NULL,'physical',NULL,NULL,0,0,0,0,1),(21,'Xbox One Wireless Controller Black Color','<p>Short Hooded Coat features a straight body, large pockets with button flaps, ventilation air holes, and a string detail along the hemline.</p>','<p>Short Hooded Coat features a straight body, large pockets with button flaps, ventilation air holes, and a string detail along the hemline. The style is completed with a drawstring hood, featuring Rains’ signature built-in cap. Made from waterproof, matte PU, this lightweight unisex rain jacket is an ode to nostalgia through its classic silhouette and utilitarian design details.</p>\r\n                                <p>- Casual unisex fit</p>\r\n\r\n                                <p>- 64% polyester, 36% polyurethane</p>\r\n\r\n                                <p>- Water column pressure: 4000 mm</p>\r\n\r\n                                <p>- Model is 187cm tall and wearing a size S / M</p>\r\n\r\n                                <p>- Unisex fit</p>\r\n\r\n                                <p>- Drawstring hood with built-in cap</p>\r\n\r\n                                <p>- Front placket with snap buttons</p>\r\n\r\n                                <p>- Ventilation under armpit</p>\r\n\r\n                                <p>- Adjustable cuffs</p>\r\n\r\n                                <p>- Double welted front pockets</p>\r\n\r\n                                <p>- Adjustable elastic string at hempen</p>\r\n\r\n                                <p>- Ultrasonically welded seams</p>\r\n\r\n                                <p>This is a unisex item, please check our clothing &amp; footwear sizing guide for specific Rains jacket sizing information. RAINS comes from the rainy nation of Denmark at the edge of the European continent, close to the ocean and with prevailing westerly winds; all factors that contribute to an average of 121 rain days each year. Arising from these rainy weather conditions comes the attitude that a quick rain shower may be beautiful, as well as moody- but first and foremost requires the right outfit. Rains focus on the whole experience of going outside on rainy days, issuing an invitation to explore even in the most mercurial weather.</p>','published','[\"products\\/product-94.jpg\",\"products\\/product-78.jpg\",\"products\\/product-15.jpg\",\"products\\/product-11.jpg\",\"products\\/product-2.jpg\"]',NULL,'NC-145-A0',0,16,0,1,'in_stock',1,5,0,0,241,NULL,NULL,NULL,13,17,13,800,NULL,160609,'2025-05-20 14:07:32','2025-05-20 14:07:41',0,'Botble\\ACL\\Models\\User',NULL,'digital',NULL,NULL,0,0,0,0,1),(22,'EPSION Plaster Printer','<p>Short Hooded Coat features a straight body, large pockets with button flaps, ventilation air holes, and a string detail along the hemline.</p>','<p>Short Hooded Coat features a straight body, large pockets with button flaps, ventilation air holes, and a string detail along the hemline. The style is completed with a drawstring hood, featuring Rains’ signature built-in cap. Made from waterproof, matte PU, this lightweight unisex rain jacket is an ode to nostalgia through its classic silhouette and utilitarian design details.</p>\r\n                                <p>- Casual unisex fit</p>\r\n\r\n                                <p>- 64% polyester, 36% polyurethane</p>\r\n\r\n                                <p>- Water column pressure: 4000 mm</p>\r\n\r\n                                <p>- Model is 187cm tall and wearing a size S / M</p>\r\n\r\n                                <p>- Unisex fit</p>\r\n\r\n                                <p>- Drawstring hood with built-in cap</p>\r\n\r\n                                <p>- Front placket with snap buttons</p>\r\n\r\n                                <p>- Ventilation under armpit</p>\r\n\r\n                                <p>- Adjustable cuffs</p>\r\n\r\n                                <p>- Double welted front pockets</p>\r\n\r\n                                <p>- Adjustable elastic string at hempen</p>\r\n\r\n                                <p>- Ultrasonically welded seams</p>\r\n\r\n                                <p>This is a unisex item, please check our clothing &amp; footwear sizing guide for specific Rains jacket sizing information. RAINS comes from the rainy nation of Denmark at the edge of the European continent, close to the ocean and with prevailing westerly winds; all factors that contribute to an average of 121 rain days each year. Arising from these rainy weather conditions comes the attitude that a quick rain shower may be beautiful, as well as moody- but first and foremost requires the right outfit. Rains focus on the whole experience of going outside on rainy days, issuing an invitation to explore even in the most mercurial weather.</p>','published','[\"products\\/product-32.jpg\",\"products\\/product-50.jpg\",\"products\\/product-49.jpg\",\"products\\/product-26.jpg\",\"products\\/product-53.jpg\",\"products\\/product-17.jpg\",\"products\\/product-33.jpg\"]',NULL,'NC-147-A0',0,11,0,1,'in_stock',0,4,0,0,408,NULL,NULL,NULL,20,15,18,706,NULL,46948,'2025-05-20 14:07:32','2025-05-20 14:07:41',0,'Botble\\ACL\\Models\\User',NULL,'physical',NULL,NULL,0,0,0,0,1),(23,'Sound Intone I65 Earphone White Version','<p>Short Hooded Coat features a straight body, large pockets with button flaps, ventilation air holes, and a string detail along the hemline.</p>','<p>Short Hooded Coat features a straight body, large pockets with button flaps, ventilation air holes, and a string detail along the hemline. The style is completed with a drawstring hood, featuring Rains’ signature built-in cap. Made from waterproof, matte PU, this lightweight unisex rain jacket is an ode to nostalgia through its classic silhouette and utilitarian design details.</p>\r\n                                <p>- Casual unisex fit</p>\r\n\r\n                                <p>- 64% polyester, 36% polyurethane</p>\r\n\r\n                                <p>- Water column pressure: 4000 mm</p>\r\n\r\n                                <p>- Model is 187cm tall and wearing a size S / M</p>\r\n\r\n                                <p>- Unisex fit</p>\r\n\r\n                                <p>- Drawstring hood with built-in cap</p>\r\n\r\n                                <p>- Front placket with snap buttons</p>\r\n\r\n                                <p>- Ventilation under armpit</p>\r\n\r\n                                <p>- Adjustable cuffs</p>\r\n\r\n                                <p>- Double welted front pockets</p>\r\n\r\n                                <p>- Adjustable elastic string at hempen</p>\r\n\r\n                                <p>- Ultrasonically welded seams</p>\r\n\r\n                                <p>This is a unisex item, please check our clothing &amp; footwear sizing guide for specific Rains jacket sizing information. RAINS comes from the rainy nation of Denmark at the edge of the European continent, close to the ocean and with prevailing westerly winds; all factors that contribute to an average of 121 rain days each year. Arising from these rainy weather conditions comes the attitude that a quick rain shower may be beautiful, as well as moody- but first and foremost requires the right outfit. Rains focus on the whole experience of going outside on rainy days, issuing an invitation to explore even in the most mercurial weather.</p>','published','[\"products\\/product-36.jpg\",\"products\\/product-67.jpg\",\"products\\/product-72.jpg\",\"products\\/product-78.jpg\",\"products\\/product-82.jpg\"]',NULL,'NC-170-A0',0,14,0,1,'in_stock',1,1,0,0,446,NULL,NULL,NULL,13,10,13,556,NULL,120669,'2025-05-20 14:07:32','2025-05-20 14:07:41',0,'Botble\\ACL\\Models\\User',NULL,'physical',NULL,NULL,0,0,0,0,1),(24,'B&amp;O Play Mini Bluetooth Speaker','<p>Short Hooded Coat features a straight body, large pockets with button flaps, ventilation air holes, and a string detail along the hemline.</p>','<p>Short Hooded Coat features a straight body, large pockets with button flaps, ventilation air holes, and a string detail along the hemline. The style is completed with a drawstring hood, featuring Rains’ signature built-in cap. Made from waterproof, matte PU, this lightweight unisex rain jacket is an ode to nostalgia through its classic silhouette and utilitarian design details.</p>\r\n                                <p>- Casual unisex fit</p>\r\n\r\n                                <p>- 64% polyester, 36% polyurethane</p>\r\n\r\n                                <p>- Water column pressure: 4000 mm</p>\r\n\r\n                                <p>- Model is 187cm tall and wearing a size S / M</p>\r\n\r\n                                <p>- Unisex fit</p>\r\n\r\n                                <p>- Drawstring hood with built-in cap</p>\r\n\r\n                                <p>- Front placket with snap buttons</p>\r\n\r\n                                <p>- Ventilation under armpit</p>\r\n\r\n                                <p>- Adjustable cuffs</p>\r\n\r\n                                <p>- Double welted front pockets</p>\r\n\r\n                                <p>- Adjustable elastic string at hempen</p>\r\n\r\n                                <p>- Ultrasonically welded seams</p>\r\n\r\n                                <p>This is a unisex item, please check our clothing &amp; footwear sizing guide for specific Rains jacket sizing information. RAINS comes from the rainy nation of Denmark at the edge of the European continent, close to the ocean and with prevailing westerly winds; all factors that contribute to an average of 121 rain days each year. Arising from these rainy weather conditions comes the attitude that a quick rain shower may be beautiful, as well as moody- but first and foremost requires the right outfit. Rains focus on the whole experience of going outside on rainy days, issuing an invitation to explore even in the most mercurial weather.</p>','published','[\"products\\/product-11.jpg\",\"products\\/product-71.jpg\",\"products\\/product-65.jpg\",\"products\\/product-5.jpg\",\"products\\/product-79.jpg\",\"products\\/product-17.jpg\",\"products\\/product-20.jpg\",\"products\\/product-91.jpg\"]',NULL,'NC-139-A0',0,14,0,1,'in_stock',1,2,0,0,356,284.8,NULL,NULL,18,13,18,585,NULL,41212,'2025-05-20 14:07:32','2025-05-20 14:07:41',0,'Botble\\ACL\\Models\\User',NULL,'physical',NULL,NULL,0,0,0,0,1),(25,'Apple MacBook Air Retina 13.3-Inch Laptop','<p>Short Hooded Coat features a straight body, large pockets with button flaps, ventilation air holes, and a string detail along the hemline.</p>','<p>Short Hooded Coat features a straight body, large pockets with button flaps, ventilation air holes, and a string detail along the hemline. The style is completed with a drawstring hood, featuring Rains’ signature built-in cap. Made from waterproof, matte PU, this lightweight unisex rain jacket is an ode to nostalgia through its classic silhouette and utilitarian design details.</p>\r\n                                <p>- Casual unisex fit</p>\r\n\r\n                                <p>- 64% polyester, 36% polyurethane</p>\r\n\r\n                                <p>- Water column pressure: 4000 mm</p>\r\n\r\n                                <p>- Model is 187cm tall and wearing a size S / M</p>\r\n\r\n                                <p>- Unisex fit</p>\r\n\r\n                                <p>- Drawstring hood with built-in cap</p>\r\n\r\n                                <p>- Front placket with snap buttons</p>\r\n\r\n                                <p>- Ventilation under armpit</p>\r\n\r\n                                <p>- Adjustable cuffs</p>\r\n\r\n                                <p>- Double welted front pockets</p>\r\n\r\n                                <p>- Adjustable elastic string at hempen</p>\r\n\r\n                                <p>- Ultrasonically welded seams</p>\r\n\r\n                                <p>This is a unisex item, please check our clothing &amp; footwear sizing guide for specific Rains jacket sizing information. RAINS comes from the rainy nation of Denmark at the edge of the European continent, close to the ocean and with prevailing westerly winds; all factors that contribute to an average of 121 rain days each year. Arising from these rainy weather conditions comes the attitude that a quick rain shower may be beautiful, as well as moody- but first and foremost requires the right outfit. Rains focus on the whole experience of going outside on rainy days, issuing an invitation to explore even in the most mercurial weather.</p>','published','[\"products\\/product-81.jpg\",\"products\\/product-86.jpg\",\"products\\/product-7.jpg\",\"products\\/product-23.jpg\",\"products\\/product-29.jpg\"]',NULL,'NC-189-A0',0,12,0,1,'in_stock',0,3,0,0,265,NULL,NULL,NULL,15,12,11,874,NULL,62596,'2025-05-20 14:07:32','2025-05-20 14:07:41',0,'Botble\\ACL\\Models\\User',NULL,'digital',NULL,NULL,0,0,0,0,1),(26,'Apple MacBook Air Retina 12-Inch Laptop','<p>Short Hooded Coat features a straight body, large pockets with button flaps, ventilation air holes, and a string detail along the hemline.</p>','<p>Short Hooded Coat features a straight body, large pockets with button flaps, ventilation air holes, and a string detail along the hemline. The style is completed with a drawstring hood, featuring Rains’ signature built-in cap. Made from waterproof, matte PU, this lightweight unisex rain jacket is an ode to nostalgia through its classic silhouette and utilitarian design details.</p>\r\n                                <p>- Casual unisex fit</p>\r\n\r\n                                <p>- 64% polyester, 36% polyurethane</p>\r\n\r\n                                <p>- Water column pressure: 4000 mm</p>\r\n\r\n                                <p>- Model is 187cm tall and wearing a size S / M</p>\r\n\r\n                                <p>- Unisex fit</p>\r\n\r\n                                <p>- Drawstring hood with built-in cap</p>\r\n\r\n                                <p>- Front placket with snap buttons</p>\r\n\r\n                                <p>- Ventilation under armpit</p>\r\n\r\n                                <p>- Adjustable cuffs</p>\r\n\r\n                                <p>- Double welted front pockets</p>\r\n\r\n                                <p>- Adjustable elastic string at hempen</p>\r\n\r\n                                <p>- Ultrasonically welded seams</p>\r\n\r\n                                <p>This is a unisex item, please check our clothing &amp; footwear sizing guide for specific Rains jacket sizing information. RAINS comes from the rainy nation of Denmark at the edge of the European continent, close to the ocean and with prevailing westerly winds; all factors that contribute to an average of 121 rain days each year. Arising from these rainy weather conditions comes the attitude that a quick rain shower may be beautiful, as well as moody- but first and foremost requires the right outfit. Rains focus on the whole experience of going outside on rainy days, issuing an invitation to explore even in the most mercurial weather.</p>','published','[\"products\\/product-66.jpg\",\"products\\/product-4.jpg\",\"products\\/product-58.jpg\",\"products\\/product-31.jpg\",\"products\\/product-43.jpg\",\"products\\/product-57.jpg\",\"products\\/product-3.jpg\",\"products\\/product-87.jpg\",\"products\\/product-77.jpg\"]',NULL,'NC-186-A0',0,12,0,1,'in_stock',0,5,0,0,227,NULL,NULL,NULL,13,16,13,831,NULL,57575,'2025-05-20 14:07:32','2025-05-20 14:07:41',0,'Botble\\ACL\\Models\\User',NULL,'physical',NULL,NULL,0,0,0,0,2),(27,'Samsung Gear VR Virtual Reality Headset','<p>Short Hooded Coat features a straight body, large pockets with button flaps, ventilation air holes, and a string detail along the hemline.</p>','<p>Short Hooded Coat features a straight body, large pockets with button flaps, ventilation air holes, and a string detail along the hemline. The style is completed with a drawstring hood, featuring Rains’ signature built-in cap. Made from waterproof, matte PU, this lightweight unisex rain jacket is an ode to nostalgia through its classic silhouette and utilitarian design details.</p>\r\n                                <p>- Casual unisex fit</p>\r\n\r\n                                <p>- 64% polyester, 36% polyurethane</p>\r\n\r\n                                <p>- Water column pressure: 4000 mm</p>\r\n\r\n                                <p>- Model is 187cm tall and wearing a size S / M</p>\r\n\r\n                                <p>- Unisex fit</p>\r\n\r\n                                <p>- Drawstring hood with built-in cap</p>\r\n\r\n                                <p>- Front placket with snap buttons</p>\r\n\r\n                                <p>- Ventilation under armpit</p>\r\n\r\n                                <p>- Adjustable cuffs</p>\r\n\r\n                                <p>- Double welted front pockets</p>\r\n\r\n                                <p>- Adjustable elastic string at hempen</p>\r\n\r\n                                <p>- Ultrasonically welded seams</p>\r\n\r\n                                <p>This is a unisex item, please check our clothing &amp; footwear sizing guide for specific Rains jacket sizing information. RAINS comes from the rainy nation of Denmark at the edge of the European continent, close to the ocean and with prevailing westerly winds; all factors that contribute to an average of 121 rain days each year. Arising from these rainy weather conditions comes the attitude that a quick rain shower may be beautiful, as well as moody- but first and foremost requires the right outfit. Rains focus on the whole experience of going outside on rainy days, issuing an invitation to explore even in the most mercurial weather.</p>','published','[\"products\\/product-56.jpg\",\"products\\/product-79.jpg\",\"products\\/product-43.jpg\",\"products\\/product-28.jpg\",\"products\\/product-12.jpg\",\"products\\/product-58.jpg\",\"products\\/product-5.jpg\",\"products\\/product-40.jpg\",\"products\\/product-73.jpg\",\"products\\/product-22.jpg\"]',NULL,'NC-171-A0',0,14,0,1,'in_stock',0,6,0,0,450,NULL,NULL,NULL,16,17,10,815,NULL,40171,'2025-05-20 14:07:32','2025-05-20 14:07:41',0,'Botble\\ACL\\Models\\User',NULL,'physical',NULL,NULL,0,0,0,0,2),(28,'Aveeno Moisturizing Body Shower 450ml','<p>Short Hooded Coat features a straight body, large pockets with button flaps, ventilation air holes, and a string detail along the hemline.</p>','<p>Short Hooded Coat features a straight body, large pockets with button flaps, ventilation air holes, and a string detail along the hemline. The style is completed with a drawstring hood, featuring Rains’ signature built-in cap. Made from waterproof, matte PU, this lightweight unisex rain jacket is an ode to nostalgia through its classic silhouette and utilitarian design details.</p>\r\n                                <p>- Casual unisex fit</p>\r\n\r\n                                <p>- 64% polyester, 36% polyurethane</p>\r\n\r\n                                <p>- Water column pressure: 4000 mm</p>\r\n\r\n                                <p>- Model is 187cm tall and wearing a size S / M</p>\r\n\r\n                                <p>- Unisex fit</p>\r\n\r\n                                <p>- Drawstring hood with built-in cap</p>\r\n\r\n                                <p>- Front placket with snap buttons</p>\r\n\r\n                                <p>- Ventilation under armpit</p>\r\n\r\n                                <p>- Adjustable cuffs</p>\r\n\r\n                                <p>- Double welted front pockets</p>\r\n\r\n                                <p>- Adjustable elastic string at hempen</p>\r\n\r\n                                <p>- Ultrasonically welded seams</p>\r\n\r\n                                <p>This is a unisex item, please check our clothing &amp; footwear sizing guide for specific Rains jacket sizing information. RAINS comes from the rainy nation of Denmark at the edge of the European continent, close to the ocean and with prevailing westerly winds; all factors that contribute to an average of 121 rain days each year. Arising from these rainy weather conditions comes the attitude that a quick rain shower may be beautiful, as well as moody- but first and foremost requires the right outfit. Rains focus on the whole experience of going outside on rainy days, issuing an invitation to explore even in the most mercurial weather.</p>','published','[\"products\\/product-32.jpg\",\"products\\/product-5.jpg\",\"products\\/product-8.jpg\",\"products\\/product-20.jpg\",\"products\\/product-49.jpg\",\"products\\/product-22.jpg\",\"products\\/product-21.jpg\",\"products\\/product-44.jpg\",\"products\\/product-9.jpg\",\"products\\/product-30.jpg\",\"products\\/product-24.jpg\",\"products\\/product-91.jpg\"]',NULL,'NC-199-A0',0,15,0,1,'in_stock',0,1,0,0,234,198.9,NULL,NULL,11,12,14,551,NULL,139666,'2025-05-20 14:07:32','2025-05-20 14:07:41',0,'Botble\\ACL\\Models\\User',NULL,'physical',NULL,NULL,0,0,0,0,2),(29,'NYX Beauty Couton Pallete Makeup 12','<p>Short Hooded Coat features a straight body, large pockets with button flaps, ventilation air holes, and a string detail along the hemline.</p>','<p>Short Hooded Coat features a straight body, large pockets with button flaps, ventilation air holes, and a string detail along the hemline. The style is completed with a drawstring hood, featuring Rains’ signature built-in cap. Made from waterproof, matte PU, this lightweight unisex rain jacket is an ode to nostalgia through its classic silhouette and utilitarian design details.</p>\r\n                                <p>- Casual unisex fit</p>\r\n\r\n                                <p>- 64% polyester, 36% polyurethane</p>\r\n\r\n                                <p>- Water column pressure: 4000 mm</p>\r\n\r\n                                <p>- Model is 187cm tall and wearing a size S / M</p>\r\n\r\n                                <p>- Unisex fit</p>\r\n\r\n                                <p>- Drawstring hood with built-in cap</p>\r\n\r\n                                <p>- Front placket with snap buttons</p>\r\n\r\n                                <p>- Ventilation under armpit</p>\r\n\r\n                                <p>- Adjustable cuffs</p>\r\n\r\n                                <p>- Double welted front pockets</p>\r\n\r\n                                <p>- Adjustable elastic string at hempen</p>\r\n\r\n                                <p>- Ultrasonically welded seams</p>\r\n\r\n                                <p>This is a unisex item, please check our clothing &amp; footwear sizing guide for specific Rains jacket sizing information. RAINS comes from the rainy nation of Denmark at the edge of the European continent, close to the ocean and with prevailing westerly winds; all factors that contribute to an average of 121 rain days each year. Arising from these rainy weather conditions comes the attitude that a quick rain shower may be beautiful, as well as moody- but first and foremost requires the right outfit. Rains focus on the whole experience of going outside on rainy days, issuing an invitation to explore even in the most mercurial weather.</p>','published','[\"products\\/product-95.jpg\",\"products\\/product-8.jpg\",\"products\\/product-41.jpg\",\"products\\/product-67.jpg\",\"products\\/product-59.jpg\",\"products\\/product-86.jpg\",\"products\\/product-77.jpg\",\"products\\/product-55.jpg\",\"products\\/product-5.jpg\",\"products\\/product-72.jpg\"]',NULL,'NC-155-A0',0,12,0,1,'in_stock',0,5,0,0,409,NULL,NULL,NULL,15,18,12,855,NULL,8800,'2025-05-20 14:07:32','2025-05-20 14:07:41',0,'Botble\\ACL\\Models\\User',NULL,'digital',NULL,NULL,0,0,0,0,1),(30,'NYX Beauty Couton Pallete Makeup 12','<p>Short Hooded Coat features a straight body, large pockets with button flaps, ventilation air holes, and a string detail along the hemline.</p>','<p>Short Hooded Coat features a straight body, large pockets with button flaps, ventilation air holes, and a string detail along the hemline. The style is completed with a drawstring hood, featuring Rains’ signature built-in cap. Made from waterproof, matte PU, this lightweight unisex rain jacket is an ode to nostalgia through its classic silhouette and utilitarian design details.</p>\r\n                                <p>- Casual unisex fit</p>\r\n\r\n                                <p>- 64% polyester, 36% polyurethane</p>\r\n\r\n                                <p>- Water column pressure: 4000 mm</p>\r\n\r\n                                <p>- Model is 187cm tall and wearing a size S / M</p>\r\n\r\n                                <p>- Unisex fit</p>\r\n\r\n                                <p>- Drawstring hood with built-in cap</p>\r\n\r\n                                <p>- Front placket with snap buttons</p>\r\n\r\n                                <p>- Ventilation under armpit</p>\r\n\r\n                                <p>- Adjustable cuffs</p>\r\n\r\n                                <p>- Double welted front pockets</p>\r\n\r\n                                <p>- Adjustable elastic string at hempen</p>\r\n\r\n                                <p>- Ultrasonically welded seams</p>\r\n\r\n                                <p>This is a unisex item, please check our clothing &amp; footwear sizing guide for specific Rains jacket sizing information. RAINS comes from the rainy nation of Denmark at the edge of the European continent, close to the ocean and with prevailing westerly winds; all factors that contribute to an average of 121 rain days each year. Arising from these rainy weather conditions comes the attitude that a quick rain shower may be beautiful, as well as moody- but first and foremost requires the right outfit. Rains focus on the whole experience of going outside on rainy days, issuing an invitation to explore even in the most mercurial weather.</p>','published','[\"products\\/product-69.jpg\",\"products\\/product-36.jpg\",\"products\\/product-25.jpg\",\"products\\/product-6.jpg\",\"products\\/product-24.jpg\",\"products\\/product-23.jpg\",\"products\\/product-61.jpg\"]',NULL,'NC-139-A0',0,19,0,1,'in_stock',1,6,0,0,477,NULL,NULL,NULL,11,12,20,554,NULL,102277,'2025-05-20 14:07:32','2025-05-20 14:07:41',0,'Botble\\ACL\\Models\\User',NULL,'physical',NULL,NULL,0,0,0,0,1),(31,'MVMTH Classical Leather Watch In Black','<p>Short Hooded Coat features a straight body, large pockets with button flaps, ventilation air holes, and a string detail along the hemline.</p>','<p>Short Hooded Coat features a straight body, large pockets with button flaps, ventilation air holes, and a string detail along the hemline. The style is completed with a drawstring hood, featuring Rains’ signature built-in cap. Made from waterproof, matte PU, this lightweight unisex rain jacket is an ode to nostalgia through its classic silhouette and utilitarian design details.</p>\r\n                                <p>- Casual unisex fit</p>\r\n\r\n                                <p>- 64% polyester, 36% polyurethane</p>\r\n\r\n                                <p>- Water column pressure: 4000 mm</p>\r\n\r\n                                <p>- Model is 187cm tall and wearing a size S / M</p>\r\n\r\n                                <p>- Unisex fit</p>\r\n\r\n                                <p>- Drawstring hood with built-in cap</p>\r\n\r\n                                <p>- Front placket with snap buttons</p>\r\n\r\n                                <p>- Ventilation under armpit</p>\r\n\r\n                                <p>- Adjustable cuffs</p>\r\n\r\n                                <p>- Double welted front pockets</p>\r\n\r\n                                <p>- Adjustable elastic string at hempen</p>\r\n\r\n                                <p>- Ultrasonically welded seams</p>\r\n\r\n                                <p>This is a unisex item, please check our clothing &amp; footwear sizing guide for specific Rains jacket sizing information. RAINS comes from the rainy nation of Denmark at the edge of the European continent, close to the ocean and with prevailing westerly winds; all factors that contribute to an average of 121 rain days each year. Arising from these rainy weather conditions comes the attitude that a quick rain shower may be beautiful, as well as moody- but first and foremost requires the right outfit. Rains focus on the whole experience of going outside on rainy days, issuing an invitation to explore even in the most mercurial weather.</p>','published','[\"products\\/product-28.jpg\",\"products\\/product-48.jpg\",\"products\\/product-70.jpg\",\"products\\/product-82.jpg\",\"products\\/product-57.jpg\",\"products\\/product-93.jpg\",\"products\\/product-54.jpg\",\"products\\/product-40.jpg\",\"products\\/product-85.jpg\",\"products\\/product-36.jpg\",\"products\\/product-18.jpg\"]',NULL,'NC-108-A0',0,15,0,1,'in_stock',1,6,0,0,442,NULL,NULL,NULL,15,16,12,615,NULL,81346,'2025-05-20 14:07:32','2025-05-20 14:07:41',0,'Botble\\ACL\\Models\\User',NULL,'physical',NULL,NULL,0,0,0,0,1),(32,'Baxter Care Hair Kit For Bearded Mens','<p>Short Hooded Coat features a straight body, large pockets with button flaps, ventilation air holes, and a string detail along the hemline.</p>','<p>Short Hooded Coat features a straight body, large pockets with button flaps, ventilation air holes, and a string detail along the hemline. The style is completed with a drawstring hood, featuring Rains’ signature built-in cap. Made from waterproof, matte PU, this lightweight unisex rain jacket is an ode to nostalgia through its classic silhouette and utilitarian design details.</p>\r\n                                <p>- Casual unisex fit</p>\r\n\r\n                                <p>- 64% polyester, 36% polyurethane</p>\r\n\r\n                                <p>- Water column pressure: 4000 mm</p>\r\n\r\n                                <p>- Model is 187cm tall and wearing a size S / M</p>\r\n\r\n                                <p>- Unisex fit</p>\r\n\r\n                                <p>- Drawstring hood with built-in cap</p>\r\n\r\n                                <p>- Front placket with snap buttons</p>\r\n\r\n                                <p>- Ventilation under armpit</p>\r\n\r\n                                <p>- Adjustable cuffs</p>\r\n\r\n                                <p>- Double welted front pockets</p>\r\n\r\n                                <p>- Adjustable elastic string at hempen</p>\r\n\r\n                                <p>- Ultrasonically welded seams</p>\r\n\r\n                                <p>This is a unisex item, please check our clothing &amp; footwear sizing guide for specific Rains jacket sizing information. RAINS comes from the rainy nation of Denmark at the edge of the European continent, close to the ocean and with prevailing westerly winds; all factors that contribute to an average of 121 rain days each year. Arising from these rainy weather conditions comes the attitude that a quick rain shower may be beautiful, as well as moody- but first and foremost requires the right outfit. Rains focus on the whole experience of going outside on rainy days, issuing an invitation to explore even in the most mercurial weather.</p>','published','[\"products\\/product-13.jpg\",\"products\\/product-65.jpg\",\"products\\/product-9.jpg\",\"products\\/product-3.jpg\",\"products\\/product-81.jpg\",\"products\\/product-50.jpg\",\"products\\/product-1.jpg\",\"products\\/product-74.jpg\",\"products\\/product-48.jpg\",\"products\\/product-40.jpg\",\"products\\/product-23.jpg\",\"products\\/product-60.jpg\"]',NULL,'NC-166-A0',0,10,0,1,'in_stock',0,1,0,0,337,293.19,NULL,NULL,15,14,14,665,NULL,94435,'2025-05-20 14:07:32','2025-05-20 14:07:41',0,'Botble\\ACL\\Models\\User',NULL,'physical',NULL,NULL,0,0,0,0,2),(33,'Ciate Palemore Lipstick Bold Red Color','<p>Short Hooded Coat features a straight body, large pockets with button flaps, ventilation air holes, and a string detail along the hemline.</p>','<p>Short Hooded Coat features a straight body, large pockets with button flaps, ventilation air holes, and a string detail along the hemline. The style is completed with a drawstring hood, featuring Rains’ signature built-in cap. Made from waterproof, matte PU, this lightweight unisex rain jacket is an ode to nostalgia through its classic silhouette and utilitarian design details.</p>\r\n                                <p>- Casual unisex fit</p>\r\n\r\n                                <p>- 64% polyester, 36% polyurethane</p>\r\n\r\n                                <p>- Water column pressure: 4000 mm</p>\r\n\r\n                                <p>- Model is 187cm tall and wearing a size S / M</p>\r\n\r\n                                <p>- Unisex fit</p>\r\n\r\n                                <p>- Drawstring hood with built-in cap</p>\r\n\r\n                                <p>- Front placket with snap buttons</p>\r\n\r\n                                <p>- Ventilation under armpit</p>\r\n\r\n                                <p>- Adjustable cuffs</p>\r\n\r\n                                <p>- Double welted front pockets</p>\r\n\r\n                                <p>- Adjustable elastic string at hempen</p>\r\n\r\n                                <p>- Ultrasonically welded seams</p>\r\n\r\n                                <p>This is a unisex item, please check our clothing &amp; footwear sizing guide for specific Rains jacket sizing information. RAINS comes from the rainy nation of Denmark at the edge of the European continent, close to the ocean and with prevailing westerly winds; all factors that contribute to an average of 121 rain days each year. Arising from these rainy weather conditions comes the attitude that a quick rain shower may be beautiful, as well as moody- but first and foremost requires the right outfit. Rains focus on the whole experience of going outside on rainy days, issuing an invitation to explore even in the most mercurial weather.</p>','published','[\"products\\/product-88.jpg\",\"products\\/product-67.jpg\",\"products\\/product-45.jpg\",\"products\\/product-46.jpg\",\"products\\/product-1.jpg\",\"products\\/product-71.jpg\",\"products\\/product-52.jpg\"]',NULL,'NC-175-A0',0,20,0,1,'in_stock',0,2,0,0,378,NULL,NULL,NULL,13,19,14,887,NULL,175157,'2025-05-20 14:07:32','2025-05-20 14:07:41',0,'Botble\\ACL\\Models\\User',NULL,'digital',NULL,NULL,0,0,0,0,2),(34,'Vimto Squash Remix Apple 1.5 Litres','<p>Short Hooded Coat features a straight body, large pockets with button flaps, ventilation air holes, and a string detail along the hemline.</p>','<p>Short Hooded Coat features a straight body, large pockets with button flaps, ventilation air holes, and a string detail along the hemline. The style is completed with a drawstring hood, featuring Rains’ signature built-in cap. Made from waterproof, matte PU, this lightweight unisex rain jacket is an ode to nostalgia through its classic silhouette and utilitarian design details.</p>\r\n                                <p>- Casual unisex fit</p>\r\n\r\n                                <p>- 64% polyester, 36% polyurethane</p>\r\n\r\n                                <p>- Water column pressure: 4000 mm</p>\r\n\r\n                                <p>- Model is 187cm tall and wearing a size S / M</p>\r\n\r\n                                <p>- Unisex fit</p>\r\n\r\n                                <p>- Drawstring hood with built-in cap</p>\r\n\r\n                                <p>- Front placket with snap buttons</p>\r\n\r\n                                <p>- Ventilation under armpit</p>\r\n\r\n                                <p>- Adjustable cuffs</p>\r\n\r\n                                <p>- Double welted front pockets</p>\r\n\r\n                                <p>- Adjustable elastic string at hempen</p>\r\n\r\n                                <p>- Ultrasonically welded seams</p>\r\n\r\n                                <p>This is a unisex item, please check our clothing &amp; footwear sizing guide for specific Rains jacket sizing information. RAINS comes from the rainy nation of Denmark at the edge of the European continent, close to the ocean and with prevailing westerly winds; all factors that contribute to an average of 121 rain days each year. Arising from these rainy weather conditions comes the attitude that a quick rain shower may be beautiful, as well as moody- but first and foremost requires the right outfit. Rains focus on the whole experience of going outside on rainy days, issuing an invitation to explore even in the most mercurial weather.</p>','published','[\"products\\/product-16.jpg\",\"products\\/product-19.jpg\",\"products\\/product-78.jpg\",\"products\\/product-29.jpg\",\"products\\/product-69.jpg\",\"products\\/product-32.jpg\",\"products\\/product-49.jpg\",\"products\\/product-83.jpg\",\"products\\/product-12.jpg\",\"products\\/product-3.jpg\"]',NULL,'NC-136-A0',0,12,0,1,'in_stock',0,4,0,0,266,NULL,NULL,NULL,13,18,16,754,NULL,70183,'2025-05-20 14:07:33','2025-05-20 14:07:41',0,'Botble\\ACL\\Models\\User',NULL,'physical',NULL,NULL,0,0,0,0,2),(35,'Crock Pot Slow Cooker','<p>Short Hooded Coat features a straight body, large pockets with button flaps, ventilation air holes, and a string detail along the hemline.</p>','<p>Short Hooded Coat features a straight body, large pockets with button flaps, ventilation air holes, and a string detail along the hemline. The style is completed with a drawstring hood, featuring Rains’ signature built-in cap. Made from waterproof, matte PU, this lightweight unisex rain jacket is an ode to nostalgia through its classic silhouette and utilitarian design details.</p>\r\n                                <p>- Casual unisex fit</p>\r\n\r\n                                <p>- 64% polyester, 36% polyurethane</p>\r\n\r\n                                <p>- Water column pressure: 4000 mm</p>\r\n\r\n                                <p>- Model is 187cm tall and wearing a size S / M</p>\r\n\r\n                                <p>- Unisex fit</p>\r\n\r\n                                <p>- Drawstring hood with built-in cap</p>\r\n\r\n                                <p>- Front placket with snap buttons</p>\r\n\r\n                                <p>- Ventilation under armpit</p>\r\n\r\n                                <p>- Adjustable cuffs</p>\r\n\r\n                                <p>- Double welted front pockets</p>\r\n\r\n                                <p>- Adjustable elastic string at hempen</p>\r\n\r\n                                <p>- Ultrasonically welded seams</p>\r\n\r\n                                <p>This is a unisex item, please check our clothing &amp; footwear sizing guide for specific Rains jacket sizing information. RAINS comes from the rainy nation of Denmark at the edge of the European continent, close to the ocean and with prevailing westerly winds; all factors that contribute to an average of 121 rain days each year. Arising from these rainy weather conditions comes the attitude that a quick rain shower may be beautiful, as well as moody- but first and foremost requires the right outfit. Rains focus on the whole experience of going outside on rainy days, issuing an invitation to explore even in the most mercurial weather.</p>','published','[\"products\\/product-6.jpg\",\"products\\/product-54.jpg\",\"products\\/product-48.jpg\",\"products\\/product-73.jpg\",\"products\\/product-5.jpg\",\"products\\/product-11.jpg\",\"products\\/product-78.jpg\",\"products\\/product-26.jpg\"]',NULL,'NC-181-A0',0,20,0,1,'in_stock',1,1,0,0,446,NULL,NULL,NULL,11,18,15,700,NULL,163652,'2025-05-20 14:07:33','2025-05-20 14:07:41',0,'Botble\\ACL\\Models\\User',NULL,'physical',NULL,NULL,0,0,0,0,1),(36,'Taylors of Harrogate Yorkshire Coffee','<p>Short Hooded Coat features a straight body, large pockets with button flaps, ventilation air holes, and a string detail along the hemline.</p>','<p>Short Hooded Coat features a straight body, large pockets with button flaps, ventilation air holes, and a string detail along the hemline. The style is completed with a drawstring hood, featuring Rains’ signature built-in cap. Made from waterproof, matte PU, this lightweight unisex rain jacket is an ode to nostalgia through its classic silhouette and utilitarian design details.</p>\r\n                                <p>- Casual unisex fit</p>\r\n\r\n                                <p>- 64% polyester, 36% polyurethane</p>\r\n\r\n                                <p>- Water column pressure: 4000 mm</p>\r\n\r\n                                <p>- Model is 187cm tall and wearing a size S / M</p>\r\n\r\n                                <p>- Unisex fit</p>\r\n\r\n                                <p>- Drawstring hood with built-in cap</p>\r\n\r\n                                <p>- Front placket with snap buttons</p>\r\n\r\n                                <p>- Ventilation under armpit</p>\r\n\r\n                                <p>- Adjustable cuffs</p>\r\n\r\n                                <p>- Double welted front pockets</p>\r\n\r\n                                <p>- Adjustable elastic string at hempen</p>\r\n\r\n                                <p>- Ultrasonically welded seams</p>\r\n\r\n                                <p>This is a unisex item, please check our clothing &amp; footwear sizing guide for specific Rains jacket sizing information. RAINS comes from the rainy nation of Denmark at the edge of the European continent, close to the ocean and with prevailing westerly winds; all factors that contribute to an average of 121 rain days each year. Arising from these rainy weather conditions comes the attitude that a quick rain shower may be beautiful, as well as moody- but first and foremost requires the right outfit. Rains focus on the whole experience of going outside on rainy days, issuing an invitation to explore even in the most mercurial weather.</p>','published','[\"products\\/product-78.jpg\",\"products\\/product-41.jpg\",\"products\\/product-37.jpg\",\"products\\/product-69.jpg\",\"products\\/product-95.jpg\",\"products\\/product-68.jpg\",\"products\\/product-48.jpg\",\"products\\/product-93.jpg\",\"products\\/product-1.jpg\"]',NULL,'NC-115-A0',0,16,0,1,'in_stock',1,2,0,0,386,316.52,NULL,NULL,11,13,10,632,NULL,140844,'2025-05-20 14:07:33','2025-05-20 14:07:41',0,'Botble\\ACL\\Models\\User',NULL,'physical',NULL,NULL,0,0,0,0,2),(38,'Naked Noodle Egg Noodles Singapore','<p>Short Hooded Coat features a straight body, large pockets with button flaps, ventilation air holes, and a string detail along the hemline.</p>','<p>Short Hooded Coat features a straight body, large pockets with button flaps, ventilation air holes, and a string detail along the hemline. The style is completed with a drawstring hood, featuring Rains’ signature built-in cap. Made from waterproof, matte PU, this lightweight unisex rain jacket is an ode to nostalgia through its classic silhouette and utilitarian design details.</p>\r\n                                <p>- Casual unisex fit</p>\r\n\r\n                                <p>- 64% polyester, 36% polyurethane</p>\r\n\r\n                                <p>- Water column pressure: 4000 mm</p>\r\n\r\n                                <p>- Model is 187cm tall and wearing a size S / M</p>\r\n\r\n                                <p>- Unisex fit</p>\r\n\r\n                                <p>- Drawstring hood with built-in cap</p>\r\n\r\n                                <p>- Front placket with snap buttons</p>\r\n\r\n                                <p>- Ventilation under armpit</p>\r\n\r\n                                <p>- Adjustable cuffs</p>\r\n\r\n                                <p>- Double welted front pockets</p>\r\n\r\n                                <p>- Adjustable elastic string at hempen</p>\r\n\r\n                                <p>- Ultrasonically welded seams</p>\r\n\r\n                                <p>This is a unisex item, please check our clothing &amp; footwear sizing guide for specific Rains jacket sizing information. RAINS comes from the rainy nation of Denmark at the edge of the European continent, close to the ocean and with prevailing westerly winds; all factors that contribute to an average of 121 rain days each year. Arising from these rainy weather conditions comes the attitude that a quick rain shower may be beautiful, as well as moody- but first and foremost requires the right outfit. Rains focus on the whole experience of going outside on rainy days, issuing an invitation to explore even in the most mercurial weather.</p>','published','[\"products\\/product-6.jpg\",\"products\\/product-66.jpg\",\"products\\/product-89.jpg\",\"products\\/product-29.jpg\",\"products\\/product-38.jpg\",\"products\\/product-2.jpg\",\"products\\/product-51.jpg\"]',NULL,'NC-176-A0',0,18,0,1,'in_stock',1,2,0,0,442,NULL,NULL,NULL,16,16,12,629,NULL,158778,'2025-05-20 14:07:33','2025-05-20 14:07:41',0,'Botble\\ACL\\Models\\User',NULL,'physical',NULL,NULL,0,0,0,0,1),(39,'Saute Pan Silver','<p>Short Hooded Coat features a straight body, large pockets with button flaps, ventilation air holes, and a string detail along the hemline.</p>','<p>Short Hooded Coat features a straight body, large pockets with button flaps, ventilation air holes, and a string detail along the hemline. The style is completed with a drawstring hood, featuring Rains’ signature built-in cap. Made from waterproof, matte PU, this lightweight unisex rain jacket is an ode to nostalgia through its classic silhouette and utilitarian design details.</p>\r\n                                <p>- Casual unisex fit</p>\r\n\r\n                                <p>- 64% polyester, 36% polyurethane</p>\r\n\r\n                                <p>- Water column pressure: 4000 mm</p>\r\n\r\n                                <p>- Model is 187cm tall and wearing a size S / M</p>\r\n\r\n                                <p>- Unisex fit</p>\r\n\r\n                                <p>- Drawstring hood with built-in cap</p>\r\n\r\n                                <p>- Front placket with snap buttons</p>\r\n\r\n                                <p>- Ventilation under armpit</p>\r\n\r\n                                <p>- Adjustable cuffs</p>\r\n\r\n                                <p>- Double welted front pockets</p>\r\n\r\n                                <p>- Adjustable elastic string at hempen</p>\r\n\r\n                                <p>- Ultrasonically welded seams</p>\r\n\r\n                                <p>This is a unisex item, please check our clothing &amp; footwear sizing guide for specific Rains jacket sizing information. RAINS comes from the rainy nation of Denmark at the edge of the European continent, close to the ocean and with prevailing westerly winds; all factors that contribute to an average of 121 rain days each year. Arising from these rainy weather conditions comes the attitude that a quick rain shower may be beautiful, as well as moody- but first and foremost requires the right outfit. Rains focus on the whole experience of going outside on rainy days, issuing an invitation to explore even in the most mercurial weather.</p>','published','[\"products\\/product-9.jpg\",\"products\\/product-68.jpg\",\"products\\/product-67.jpg\",\"products\\/product-23.jpg\",\"products\\/product-15.jpg\",\"products\\/product-89.jpg\",\"products\\/product-80.jpg\",\"products\\/product-12.jpg\",\"products\\/product-39.jpg\",\"products\\/product-79.jpg\",\"products\\/product-24.jpg\"]',NULL,'NC-123-A0',0,17,0,1,'in_stock',1,7,0,0,224,NULL,NULL,NULL,20,13,15,891,NULL,14962,'2025-05-20 14:07:33','2025-05-20 14:07:41',0,'Botble\\ACL\\Models\\User',NULL,'physical',NULL,NULL,0,0,0,0,2),(40,'Bar S – Classic Bun Length Franks','<p>Short Hooded Coat features a straight body, large pockets with button flaps, ventilation air holes, and a string detail along the hemline.</p>','<p>Short Hooded Coat features a straight body, large pockets with button flaps, ventilation air holes, and a string detail along the hemline. The style is completed with a drawstring hood, featuring Rains’ signature built-in cap. Made from waterproof, matte PU, this lightweight unisex rain jacket is an ode to nostalgia through its classic silhouette and utilitarian design details.</p>\r\n                                <p>- Casual unisex fit</p>\r\n\r\n                                <p>- 64% polyester, 36% polyurethane</p>\r\n\r\n                                <p>- Water column pressure: 4000 mm</p>\r\n\r\n                                <p>- Model is 187cm tall and wearing a size S / M</p>\r\n\r\n                                <p>- Unisex fit</p>\r\n\r\n                                <p>- Drawstring hood with built-in cap</p>\r\n\r\n                                <p>- Front placket with snap buttons</p>\r\n\r\n                                <p>- Ventilation under armpit</p>\r\n\r\n                                <p>- Adjustable cuffs</p>\r\n\r\n                                <p>- Double welted front pockets</p>\r\n\r\n                                <p>- Adjustable elastic string at hempen</p>\r\n\r\n                                <p>- Ultrasonically welded seams</p>\r\n\r\n                                <p>This is a unisex item, please check our clothing &amp; footwear sizing guide for specific Rains jacket sizing information. RAINS comes from the rainy nation of Denmark at the edge of the European continent, close to the ocean and with prevailing westerly winds; all factors that contribute to an average of 121 rain days each year. Arising from these rainy weather conditions comes the attitude that a quick rain shower may be beautiful, as well as moody- but first and foremost requires the right outfit. Rains focus on the whole experience of going outside on rainy days, issuing an invitation to explore even in the most mercurial weather.</p>','published','[\"products\\/product-49.jpg\",\"products\\/product-75.jpg\",\"products\\/product-52.jpg\",\"products\\/product-25.jpg\",\"products\\/product-78.jpg\",\"products\\/product-7.jpg\",\"products\\/product-47.jpg\",\"products\\/product-27.jpg\",\"products\\/product-48.jpg\",\"products\\/product-43.jpg\"]',NULL,'NC-191-A0',0,14,0,1,'in_stock',0,6,0,0,444,359.64,NULL,NULL,15,18,13,628,NULL,153556,'2025-05-20 14:07:33','2025-05-20 14:07:41',0,'Botble\\ACL\\Models\\User',NULL,'physical',NULL,NULL,0,0,0,0,1),(41,'Broccoli Crowns','<p>Short Hooded Coat features a straight body, large pockets with button flaps, ventilation air holes, and a string detail along the hemline.</p>','<p>Short Hooded Coat features a straight body, large pockets with button flaps, ventilation air holes, and a string detail along the hemline. The style is completed with a drawstring hood, featuring Rains’ signature built-in cap. Made from waterproof, matte PU, this lightweight unisex rain jacket is an ode to nostalgia through its classic silhouette and utilitarian design details.</p>\r\n                                <p>- Casual unisex fit</p>\r\n\r\n                                <p>- 64% polyester, 36% polyurethane</p>\r\n\r\n                                <p>- Water column pressure: 4000 mm</p>\r\n\r\n                                <p>- Model is 187cm tall and wearing a size S / M</p>\r\n\r\n                                <p>- Unisex fit</p>\r\n\r\n                                <p>- Drawstring hood with built-in cap</p>\r\n\r\n                                <p>- Front placket with snap buttons</p>\r\n\r\n                                <p>- Ventilation under armpit</p>\r\n\r\n                                <p>- Adjustable cuffs</p>\r\n\r\n                                <p>- Double welted front pockets</p>\r\n\r\n                                <p>- Adjustable elastic string at hempen</p>\r\n\r\n                                <p>- Ultrasonically welded seams</p>\r\n\r\n                                <p>This is a unisex item, please check our clothing &amp; footwear sizing guide for specific Rains jacket sizing information. RAINS comes from the rainy nation of Denmark at the edge of the European continent, close to the ocean and with prevailing westerly winds; all factors that contribute to an average of 121 rain days each year. Arising from these rainy weather conditions comes the attitude that a quick rain shower may be beautiful, as well as moody- but first and foremost requires the right outfit. Rains focus on the whole experience of going outside on rainy days, issuing an invitation to explore even in the most mercurial weather.</p>','published','[\"products\\/product-18.jpg\",\"products\\/product-41.jpg\",\"products\\/product-79.jpg\",\"products\\/product-84.jpg\",\"products\\/product-74.jpg\",\"products\\/product-27.jpg\",\"products\\/product-68.jpg\",\"products\\/product-94.jpg\",\"products\\/product-54.jpg\",\"products\\/product-12.jpg\",\"products\\/product-80.jpg\"]',NULL,'NC-187-A0',0,14,0,1,'in_stock',0,7,0,0,224,NULL,NULL,NULL,14,14,16,734,NULL,186442,'2025-05-20 14:07:33','2025-05-20 14:07:41',0,'Botble\\ACL\\Models\\User',NULL,'digital',NULL,NULL,0,0,0,0,1),(42,'Slimming World Vegan Mac Greens','<p>Short Hooded Coat features a straight body, large pockets with button flaps, ventilation air holes, and a string detail along the hemline.</p>','<p>Short Hooded Coat features a straight body, large pockets with button flaps, ventilation air holes, and a string detail along the hemline. The style is completed with a drawstring hood, featuring Rains’ signature built-in cap. Made from waterproof, matte PU, this lightweight unisex rain jacket is an ode to nostalgia through its classic silhouette and utilitarian design details.</p>\r\n                                <p>- Casual unisex fit</p>\r\n\r\n                                <p>- 64% polyester, 36% polyurethane</p>\r\n\r\n                                <p>- Water column pressure: 4000 mm</p>\r\n\r\n                                <p>- Model is 187cm tall and wearing a size S / M</p>\r\n\r\n                                <p>- Unisex fit</p>\r\n\r\n                                <p>- Drawstring hood with built-in cap</p>\r\n\r\n                                <p>- Front placket with snap buttons</p>\r\n\r\n                                <p>- Ventilation under armpit</p>\r\n\r\n                                <p>- Adjustable cuffs</p>\r\n\r\n                                <p>- Double welted front pockets</p>\r\n\r\n                                <p>- Adjustable elastic string at hempen</p>\r\n\r\n                                <p>- Ultrasonically welded seams</p>\r\n\r\n                                <p>This is a unisex item, please check our clothing &amp; footwear sizing guide for specific Rains jacket sizing information. RAINS comes from the rainy nation of Denmark at the edge of the European continent, close to the ocean and with prevailing westerly winds; all factors that contribute to an average of 121 rain days each year. Arising from these rainy weather conditions comes the attitude that a quick rain shower may be beautiful, as well as moody- but first and foremost requires the right outfit. Rains focus on the whole experience of going outside on rainy days, issuing an invitation to explore even in the most mercurial weather.</p>','published','[\"products\\/product-86.jpg\",\"products\\/product-23.jpg\",\"products\\/product-4.jpg\",\"products\\/product-85.jpg\",\"products\\/product-63.jpg\",\"products\\/product-38.jpg\",\"products\\/product-46.jpg\",\"products\\/product-66.jpg\",\"products\\/product-29.jpg\",\"products\\/product-55.jpg\"]',NULL,'NC-167-A0',0,16,0,1,'in_stock',0,4,0,0,234,NULL,NULL,NULL,18,17,12,811,NULL,100661,'2025-05-20 14:07:33','2025-05-20 14:07:41',0,'Botble\\ACL\\Models\\User',NULL,'physical',NULL,NULL,0,0,0,0,2),(43,'Häagen-Dazs Salted Caramel','<p>Short Hooded Coat features a straight body, large pockets with button flaps, ventilation air holes, and a string detail along the hemline.</p>','<p>Short Hooded Coat features a straight body, large pockets with button flaps, ventilation air holes, and a string detail along the hemline. The style is completed with a drawstring hood, featuring Rains’ signature built-in cap. Made from waterproof, matte PU, this lightweight unisex rain jacket is an ode to nostalgia through its classic silhouette and utilitarian design details.</p>\r\n                                <p>- Casual unisex fit</p>\r\n\r\n                                <p>- 64% polyester, 36% polyurethane</p>\r\n\r\n                                <p>- Water column pressure: 4000 mm</p>\r\n\r\n                                <p>- Model is 187cm tall and wearing a size S / M</p>\r\n\r\n                                <p>- Unisex fit</p>\r\n\r\n                                <p>- Drawstring hood with built-in cap</p>\r\n\r\n                                <p>- Front placket with snap buttons</p>\r\n\r\n                                <p>- Ventilation under armpit</p>\r\n\r\n                                <p>- Adjustable cuffs</p>\r\n\r\n                                <p>- Double welted front pockets</p>\r\n\r\n                                <p>- Adjustable elastic string at hempen</p>\r\n\r\n                                <p>- Ultrasonically welded seams</p>\r\n\r\n                                <p>This is a unisex item, please check our clothing &amp; footwear sizing guide for specific Rains jacket sizing information. RAINS comes from the rainy nation of Denmark at the edge of the European continent, close to the ocean and with prevailing westerly winds; all factors that contribute to an average of 121 rain days each year. Arising from these rainy weather conditions comes the attitude that a quick rain shower may be beautiful, as well as moody- but first and foremost requires the right outfit. Rains focus on the whole experience of going outside on rainy days, issuing an invitation to explore even in the most mercurial weather.</p>','published','[\"products\\/product-46.jpg\",\"products\\/product-30.jpg\",\"products\\/product-53.jpg\",\"products\\/product-13.jpg\",\"products\\/product-86.jpg\",\"products\\/product-57.jpg\"]',NULL,'NC-144-A0',0,15,0,1,'in_stock',1,4,0,0,228,NULL,NULL,NULL,11,12,11,884,NULL,24743,'2025-05-20 14:07:33','2025-05-20 14:07:41',0,'Botble\\ACL\\Models\\User',NULL,'physical',NULL,NULL,0,0,0,0,1),(44,'Iceland 3 Solo Exotic Burst','<p>Short Hooded Coat features a straight body, large pockets with button flaps, ventilation air holes, and a string detail along the hemline.</p>','<p>Short Hooded Coat features a straight body, large pockets with button flaps, ventilation air holes, and a string detail along the hemline. The style is completed with a drawstring hood, featuring Rains’ signature built-in cap. Made from waterproof, matte PU, this lightweight unisex rain jacket is an ode to nostalgia through its classic silhouette and utilitarian design details.</p>\r\n                                <p>- Casual unisex fit</p>\r\n\r\n                                <p>- 64% polyester, 36% polyurethane</p>\r\n\r\n                                <p>- Water column pressure: 4000 mm</p>\r\n\r\n                                <p>- Model is 187cm tall and wearing a size S / M</p>\r\n\r\n                                <p>- Unisex fit</p>\r\n\r\n                                <p>- Drawstring hood with built-in cap</p>\r\n\r\n                                <p>- Front placket with snap buttons</p>\r\n\r\n                                <p>- Ventilation under armpit</p>\r\n\r\n                                <p>- Adjustable cuffs</p>\r\n\r\n                                <p>- Double welted front pockets</p>\r\n\r\n                                <p>- Adjustable elastic string at hempen</p>\r\n\r\n                                <p>- Ultrasonically welded seams</p>\r\n\r\n                                <p>This is a unisex item, please check our clothing &amp; footwear sizing guide for specific Rains jacket sizing information. RAINS comes from the rainy nation of Denmark at the edge of the European continent, close to the ocean and with prevailing westerly winds; all factors that contribute to an average of 121 rain days each year. Arising from these rainy weather conditions comes the attitude that a quick rain shower may be beautiful, as well as moody- but first and foremost requires the right outfit. Rains focus on the whole experience of going outside on rainy days, issuing an invitation to explore even in the most mercurial weather.</p>','published','[\"products\\/product-64.jpg\",\"products\\/product-31.jpg\",\"products\\/product-14.jpg\",\"products\\/product-91.jpg\",\"products\\/product-87.jpg\",\"products\\/product-9.jpg\",\"products\\/product-83.jpg\"]',NULL,'NC-181-A0',0,13,0,1,'in_stock',0,4,0,0,235,183.3,NULL,NULL,20,18,14,622,NULL,15749,'2025-05-20 14:07:33','2025-05-20 14:07:41',0,'Botble\\ACL\\Models\\User',NULL,'physical',NULL,NULL,0,0,0,0,1),(45,'Extreme Budweiser Light Can','<p>Short Hooded Coat features a straight body, large pockets with button flaps, ventilation air holes, and a string detail along the hemline.</p>','<p>Short Hooded Coat features a straight body, large pockets with button flaps, ventilation air holes, and a string detail along the hemline. The style is completed with a drawstring hood, featuring Rains’ signature built-in cap. Made from waterproof, matte PU, this lightweight unisex rain jacket is an ode to nostalgia through its classic silhouette and utilitarian design details.</p>\r\n                                <p>- Casual unisex fit</p>\r\n\r\n                                <p>- 64% polyester, 36% polyurethane</p>\r\n\r\n                                <p>- Water column pressure: 4000 mm</p>\r\n\r\n                                <p>- Model is 187cm tall and wearing a size S / M</p>\r\n\r\n                                <p>- Unisex fit</p>\r\n\r\n                                <p>- Drawstring hood with built-in cap</p>\r\n\r\n                                <p>- Front placket with snap buttons</p>\r\n\r\n                                <p>- Ventilation under armpit</p>\r\n\r\n                                <p>- Adjustable cuffs</p>\r\n\r\n                                <p>- Double welted front pockets</p>\r\n\r\n                                <p>- Adjustable elastic string at hempen</p>\r\n\r\n                                <p>- Ultrasonically welded seams</p>\r\n\r\n                                <p>This is a unisex item, please check our clothing &amp; footwear sizing guide for specific Rains jacket sizing information. RAINS comes from the rainy nation of Denmark at the edge of the European continent, close to the ocean and with prevailing westerly winds; all factors that contribute to an average of 121 rain days each year. Arising from these rainy weather conditions comes the attitude that a quick rain shower may be beautiful, as well as moody- but first and foremost requires the right outfit. Rains focus on the whole experience of going outside on rainy days, issuing an invitation to explore even in the most mercurial weather.</p>','published','[\"products\\/product-95.jpg\",\"products\\/product-86.jpg\",\"products\\/product-16.jpg\",\"products\\/product-60.jpg\",\"products\\/product-91.jpg\",\"products\\/product-71.jpg\",\"products\\/product-35.jpg\",\"products\\/product-22.jpg\",\"products\\/product-1.jpg\",\"products\\/product-81.jpg\",\"products\\/product-92.jpg\",\"products\\/product-80.jpg\"]',NULL,'NC-151-A0',0,18,0,1,'in_stock',1,6,0,0,244,NULL,NULL,NULL,11,10,12,717,NULL,1682,'2025-05-20 14:07:33','2025-05-20 14:07:41',0,'Botble\\ACL\\Models\\User',NULL,'digital',NULL,NULL,0,0,0,0,2),(47,'Dolmio Bolognese Pasta Sauce','<p>Short Hooded Coat features a straight body, large pockets with button flaps, ventilation air holes, and a string detail along the hemline.</p>','<p>Short Hooded Coat features a straight body, large pockets with button flaps, ventilation air holes, and a string detail along the hemline. The style is completed with a drawstring hood, featuring Rains’ signature built-in cap. Made from waterproof, matte PU, this lightweight unisex rain jacket is an ode to nostalgia through its classic silhouette and utilitarian design details.</p>\r\n                                <p>- Casual unisex fit</p>\r\n\r\n                                <p>- 64% polyester, 36% polyurethane</p>\r\n\r\n                                <p>- Water column pressure: 4000 mm</p>\r\n\r\n                                <p>- Model is 187cm tall and wearing a size S / M</p>\r\n\r\n                                <p>- Unisex fit</p>\r\n\r\n                                <p>- Drawstring hood with built-in cap</p>\r\n\r\n                                <p>- Front placket with snap buttons</p>\r\n\r\n                                <p>- Ventilation under armpit</p>\r\n\r\n                                <p>- Adjustable cuffs</p>\r\n\r\n                                <p>- Double welted front pockets</p>\r\n\r\n                                <p>- Adjustable elastic string at hempen</p>\r\n\r\n                                <p>- Ultrasonically welded seams</p>\r\n\r\n                                <p>This is a unisex item, please check our clothing &amp; footwear sizing guide for specific Rains jacket sizing information. RAINS comes from the rainy nation of Denmark at the edge of the European continent, close to the ocean and with prevailing westerly winds; all factors that contribute to an average of 121 rain days each year. Arising from these rainy weather conditions comes the attitude that a quick rain shower may be beautiful, as well as moody- but first and foremost requires the right outfit. Rains focus on the whole experience of going outside on rainy days, issuing an invitation to explore even in the most mercurial weather.</p>','published','[\"products\\/product-14.jpg\",\"products\\/product-6.jpg\",\"products\\/product-92.jpg\",\"products\\/product-75.jpg\",\"products\\/product-8.jpg\",\"products\\/product-45.jpg\",\"products\\/product-89.jpg\",\"products\\/product-59.jpg\"]',NULL,'NC-139-A0',0,11,0,1,'in_stock',1,5,0,0,361,NULL,NULL,NULL,19,11,17,886,NULL,7426,'2025-05-20 14:07:33','2025-05-20 14:07:41',0,'Botble\\ACL\\Models\\User',NULL,'physical',NULL,NULL,0,0,0,0,1),(49,'Wayfair Basics Dinner Plate Storage','<p>Short Hooded Coat features a straight body, large pockets with button flaps, ventilation air holes, and a string detail along the hemline.</p>','<p>Short Hooded Coat features a straight body, large pockets with button flaps, ventilation air holes, and a string detail along the hemline. The style is completed with a drawstring hood, featuring Rains’ signature built-in cap. Made from waterproof, matte PU, this lightweight unisex rain jacket is an ode to nostalgia through its classic silhouette and utilitarian design details.</p>\r\n                                <p>- Casual unisex fit</p>\r\n\r\n                                <p>- 64% polyester, 36% polyurethane</p>\r\n\r\n                                <p>- Water column pressure: 4000 mm</p>\r\n\r\n                                <p>- Model is 187cm tall and wearing a size S / M</p>\r\n\r\n                                <p>- Unisex fit</p>\r\n\r\n                                <p>- Drawstring hood with built-in cap</p>\r\n\r\n                                <p>- Front placket with snap buttons</p>\r\n\r\n                                <p>- Ventilation under armpit</p>\r\n\r\n                                <p>- Adjustable cuffs</p>\r\n\r\n                                <p>- Double welted front pockets</p>\r\n\r\n                                <p>- Adjustable elastic string at hempen</p>\r\n\r\n                                <p>- Ultrasonically welded seams</p>\r\n\r\n                                <p>This is a unisex item, please check our clothing &amp; footwear sizing guide for specific Rains jacket sizing information. RAINS comes from the rainy nation of Denmark at the edge of the European continent, close to the ocean and with prevailing westerly winds; all factors that contribute to an average of 121 rain days each year. Arising from these rainy weather conditions comes the attitude that a quick rain shower may be beautiful, as well as moody- but first and foremost requires the right outfit. Rains focus on the whole experience of going outside on rainy days, issuing an invitation to explore even in the most mercurial weather.</p>','published','[\"products\\/product-23.jpg\",\"products\\/product-42.jpg\",\"products\\/product-50.jpg\",\"products\\/product-61.jpg\",\"products\\/product-16.jpg\",\"products\\/product-38.jpg\",\"products\\/product-62.jpg\",\"products\\/product-7.jpg\",\"products\\/product-83.jpg\",\"products\\/product-76.jpg\",\"products\\/product-65.jpg\"]',NULL,'NC-112-A0',0,20,0,1,'in_stock',0,2,0,0,449,NULL,NULL,NULL,12,16,15,809,NULL,104815,'2025-05-20 14:07:33','2025-05-20 14:07:41',0,'Botble\\ACL\\Models\\User',NULL,'digital',NULL,NULL,0,0,0,0,1),(51,'Sesame Seed Bread','<p>Short Hooded Coat features a straight body, large pockets with button flaps, ventilation air holes, and a string detail along the hemline.</p>','<p>Short Hooded Coat features a straight body, large pockets with button flaps, ventilation air holes, and a string detail along the hemline. The style is completed with a drawstring hood, featuring Rains’ signature built-in cap. Made from waterproof, matte PU, this lightweight unisex rain jacket is an ode to nostalgia through its classic silhouette and utilitarian design details.</p>\r\n                                <p>- Casual unisex fit</p>\r\n\r\n                                <p>- 64% polyester, 36% polyurethane</p>\r\n\r\n                                <p>- Water column pressure: 4000 mm</p>\r\n\r\n                                <p>- Model is 187cm tall and wearing a size S / M</p>\r\n\r\n                                <p>- Unisex fit</p>\r\n\r\n                                <p>- Drawstring hood with built-in cap</p>\r\n\r\n                                <p>- Front placket with snap buttons</p>\r\n\r\n                                <p>- Ventilation under armpit</p>\r\n\r\n                                <p>- Adjustable cuffs</p>\r\n\r\n                                <p>- Double welted front pockets</p>\r\n\r\n                                <p>- Adjustable elastic string at hempen</p>\r\n\r\n                                <p>- Ultrasonically welded seams</p>\r\n\r\n                                <p>This is a unisex item, please check our clothing &amp; footwear sizing guide for specific Rains jacket sizing information. RAINS comes from the rainy nation of Denmark at the edge of the European continent, close to the ocean and with prevailing westerly winds; all factors that contribute to an average of 121 rain days each year. Arising from these rainy weather conditions comes the attitude that a quick rain shower may be beautiful, as well as moody- but first and foremost requires the right outfit. Rains focus on the whole experience of going outside on rainy days, issuing an invitation to explore even in the most mercurial weather.</p>','published','[\"products\\/product-46.jpg\",\"products\\/product-52.jpg\",\"products\\/product-47.jpg\",\"products\\/product-76.jpg\",\"products\\/product-13.jpg\",\"products\\/product-63.jpg\",\"products\\/product-79.jpg\",\"products\\/product-45.jpg\",\"products\\/product-20.jpg\",\"products\\/product-17.jpg\",\"products\\/product-92.jpg\",\"products\\/product-9.jpg\"]',NULL,'NC-157-A0',0,16,0,1,'in_stock',1,4,0,0,327,NULL,NULL,NULL,13,15,18,781,NULL,194394,'2025-05-20 14:07:33','2025-05-20 14:07:41',0,'Botble\\ACL\\Models\\User',NULL,'physical',NULL,NULL,0,0,0,0,2),(52,'Morrisons The Best Beef','<p>Short Hooded Coat features a straight body, large pockets with button flaps, ventilation air holes, and a string detail along the hemline.</p>','<p>Short Hooded Coat features a straight body, large pockets with button flaps, ventilation air holes, and a string detail along the hemline. The style is completed with a drawstring hood, featuring Rains’ signature built-in cap. Made from waterproof, matte PU, this lightweight unisex rain jacket is an ode to nostalgia through its classic silhouette and utilitarian design details.</p>\r\n                                <p>- Casual unisex fit</p>\r\n\r\n                                <p>- 64% polyester, 36% polyurethane</p>\r\n\r\n                                <p>- Water column pressure: 4000 mm</p>\r\n\r\n                                <p>- Model is 187cm tall and wearing a size S / M</p>\r\n\r\n                                <p>- Unisex fit</p>\r\n\r\n                                <p>- Drawstring hood with built-in cap</p>\r\n\r\n                                <p>- Front placket with snap buttons</p>\r\n\r\n                                <p>- Ventilation under armpit</p>\r\n\r\n                                <p>- Adjustable cuffs</p>\r\n\r\n                                <p>- Double welted front pockets</p>\r\n\r\n                                <p>- Adjustable elastic string at hempen</p>\r\n\r\n                                <p>- Ultrasonically welded seams</p>\r\n\r\n                                <p>This is a unisex item, please check our clothing &amp; footwear sizing guide for specific Rains jacket sizing information. RAINS comes from the rainy nation of Denmark at the edge of the European continent, close to the ocean and with prevailing westerly winds; all factors that contribute to an average of 121 rain days each year. Arising from these rainy weather conditions comes the attitude that a quick rain shower may be beautiful, as well as moody- but first and foremost requires the right outfit. Rains focus on the whole experience of going outside on rainy days, issuing an invitation to explore even in the most mercurial weather.</p>','published','[\"products\\/product-12.jpg\",\"products\\/product-87.jpg\",\"products\\/product-51.jpg\",\"products\\/product-11.jpg\",\"products\\/product-78.jpg\",\"products\\/product-73.jpg\",\"products\\/product-1.jpg\"]',NULL,'NC-150-A0',0,12,0,1,'in_stock',1,3,0,0,424,343.44,NULL,NULL,20,12,12,893,NULL,33729,'2025-05-20 14:07:33','2025-05-20 14:07:41',0,'Botble\\ACL\\Models\\User',NULL,'physical',NULL,NULL,0,0,0,0,1),(53,'Avocado, Hass Large','<p>Short Hooded Coat features a straight body, large pockets with button flaps, ventilation air holes, and a string detail along the hemline.</p>','<p>Short Hooded Coat features a straight body, large pockets with button flaps, ventilation air holes, and a string detail along the hemline. The style is completed with a drawstring hood, featuring Rains’ signature built-in cap. Made from waterproof, matte PU, this lightweight unisex rain jacket is an ode to nostalgia through its classic silhouette and utilitarian design details.</p>\r\n                                <p>- Casual unisex fit</p>\r\n\r\n                                <p>- 64% polyester, 36% polyurethane</p>\r\n\r\n                                <p>- Water column pressure: 4000 mm</p>\r\n\r\n                                <p>- Model is 187cm tall and wearing a size S / M</p>\r\n\r\n                                <p>- Unisex fit</p>\r\n\r\n                                <p>- Drawstring hood with built-in cap</p>\r\n\r\n                                <p>- Front placket with snap buttons</p>\r\n\r\n                                <p>- Ventilation under armpit</p>\r\n\r\n                                <p>- Adjustable cuffs</p>\r\n\r\n                                <p>- Double welted front pockets</p>\r\n\r\n                                <p>- Adjustable elastic string at hempen</p>\r\n\r\n                                <p>- Ultrasonically welded seams</p>\r\n\r\n                                <p>This is a unisex item, please check our clothing &amp; footwear sizing guide for specific Rains jacket sizing information. RAINS comes from the rainy nation of Denmark at the edge of the European continent, close to the ocean and with prevailing westerly winds; all factors that contribute to an average of 121 rain days each year. Arising from these rainy weather conditions comes the attitude that a quick rain shower may be beautiful, as well as moody- but first and foremost requires the right outfit. Rains focus on the whole experience of going outside on rainy days, issuing an invitation to explore even in the most mercurial weather.</p>','published','[\"products\\/product-1.jpg\",\"products\\/product-49.jpg\",\"products\\/product-70.jpg\",\"products\\/product-7.jpg\",\"products\\/product-82.jpg\",\"products\\/product-15.jpg\",\"products\\/product-9.jpg\",\"products\\/product-58.jpg\"]',NULL,'NC-188-A0',0,18,0,1,'in_stock',1,6,0,0,333,NULL,NULL,NULL,12,20,14,539,NULL,61318,'2025-05-20 14:07:33','2025-05-20 14:07:41',0,'Botble\\ACL\\Models\\User',NULL,'digital',NULL,NULL,0,0,0,0,1),(54,'Italia Beef Lasagne','<p>Short Hooded Coat features a straight body, large pockets with button flaps, ventilation air holes, and a string detail along the hemline.</p>','<p>Short Hooded Coat features a straight body, large pockets with button flaps, ventilation air holes, and a string detail along the hemline. The style is completed with a drawstring hood, featuring Rains’ signature built-in cap. Made from waterproof, matte PU, this lightweight unisex rain jacket is an ode to nostalgia through its classic silhouette and utilitarian design details.</p>\r\n                                <p>- Casual unisex fit</p>\r\n\r\n                                <p>- 64% polyester, 36% polyurethane</p>\r\n\r\n                                <p>- Water column pressure: 4000 mm</p>\r\n\r\n                                <p>- Model is 187cm tall and wearing a size S / M</p>\r\n\r\n                                <p>- Unisex fit</p>\r\n\r\n                                <p>- Drawstring hood with built-in cap</p>\r\n\r\n                                <p>- Front placket with snap buttons</p>\r\n\r\n                                <p>- Ventilation under armpit</p>\r\n\r\n                                <p>- Adjustable cuffs</p>\r\n\r\n                                <p>- Double welted front pockets</p>\r\n\r\n                                <p>- Adjustable elastic string at hempen</p>\r\n\r\n                                <p>- Ultrasonically welded seams</p>\r\n\r\n                                <p>This is a unisex item, please check our clothing &amp; footwear sizing guide for specific Rains jacket sizing information. RAINS comes from the rainy nation of Denmark at the edge of the European continent, close to the ocean and with prevailing westerly winds; all factors that contribute to an average of 121 rain days each year. Arising from these rainy weather conditions comes the attitude that a quick rain shower may be beautiful, as well as moody- but first and foremost requires the right outfit. Rains focus on the whole experience of going outside on rainy days, issuing an invitation to explore even in the most mercurial weather.</p>','published','[\"products\\/product-53.jpg\",\"products\\/product-65.jpg\",\"products\\/product-86.jpg\",\"products\\/product-81.jpg\",\"products\\/product-2.jpg\",\"products\\/product-20.jpg\",\"products\\/product-38.jpg\",\"products\\/product-67.jpg\",\"products\\/product-3.jpg\"]',NULL,'NC-101-A0',0,17,0,1,'in_stock',1,4,0,0,349,NULL,NULL,NULL,17,13,15,662,NULL,2681,'2025-05-20 14:07:33','2025-05-20 14:07:41',0,'Botble\\ACL\\Models\\User',NULL,'physical',NULL,NULL,0,0,0,0,2),(55,'Maxwell House Classic Roast Mocha','<p>Short Hooded Coat features a straight body, large pockets with button flaps, ventilation air holes, and a string detail along the hemline.</p>','<p>Short Hooded Coat features a straight body, large pockets with button flaps, ventilation air holes, and a string detail along the hemline. The style is completed with a drawstring hood, featuring Rains’ signature built-in cap. Made from waterproof, matte PU, this lightweight unisex rain jacket is an ode to nostalgia through its classic silhouette and utilitarian design details.</p>\r\n                                <p>- Casual unisex fit</p>\r\n\r\n                                <p>- 64% polyester, 36% polyurethane</p>\r\n\r\n                                <p>- Water column pressure: 4000 mm</p>\r\n\r\n                                <p>- Model is 187cm tall and wearing a size S / M</p>\r\n\r\n                                <p>- Unisex fit</p>\r\n\r\n                                <p>- Drawstring hood with built-in cap</p>\r\n\r\n                                <p>- Front placket with snap buttons</p>\r\n\r\n                                <p>- Ventilation under armpit</p>\r\n\r\n                                <p>- Adjustable cuffs</p>\r\n\r\n                                <p>- Double welted front pockets</p>\r\n\r\n                                <p>- Adjustable elastic string at hempen</p>\r\n\r\n                                <p>- Ultrasonically welded seams</p>\r\n\r\n                                <p>This is a unisex item, please check our clothing &amp; footwear sizing guide for specific Rains jacket sizing information. RAINS comes from the rainy nation of Denmark at the edge of the European continent, close to the ocean and with prevailing westerly winds; all factors that contribute to an average of 121 rain days each year. Arising from these rainy weather conditions comes the attitude that a quick rain shower may be beautiful, as well as moody- but first and foremost requires the right outfit. Rains focus on the whole experience of going outside on rainy days, issuing an invitation to explore even in the most mercurial weather.</p>','published','[\"products\\/product-24.jpg\",\"products\\/product-77.jpg\",\"products\\/product-35.jpg\",\"products\\/product-22.jpg\",\"products\\/product-57.jpg\",\"products\\/product-60.jpg\",\"products\\/product-38.jpg\"]',NULL,'NC-130-A0',0,19,0,1,'in_stock',0,1,0,0,329,NULL,NULL,NULL,16,14,17,621,NULL,146895,'2025-05-20 14:07:33','2025-05-20 14:07:41',0,'Botble\\ACL\\Models\\User',NULL,'physical',NULL,NULL,0,0,0,0,2),(56,'Bottled Pure Water 500ml','<p>Short Hooded Coat features a straight body, large pockets with button flaps, ventilation air holes, and a string detail along the hemline.</p>','<p>Short Hooded Coat features a straight body, large pockets with button flaps, ventilation air holes, and a string detail along the hemline. The style is completed with a drawstring hood, featuring Rains’ signature built-in cap. Made from waterproof, matte PU, this lightweight unisex rain jacket is an ode to nostalgia through its classic silhouette and utilitarian design details.</p>\r\n                                <p>- Casual unisex fit</p>\r\n\r\n                                <p>- 64% polyester, 36% polyurethane</p>\r\n\r\n                                <p>- Water column pressure: 4000 mm</p>\r\n\r\n                                <p>- Model is 187cm tall and wearing a size S / M</p>\r\n\r\n                                <p>- Unisex fit</p>\r\n\r\n                                <p>- Drawstring hood with built-in cap</p>\r\n\r\n                                <p>- Front placket with snap buttons</p>\r\n\r\n                                <p>- Ventilation under armpit</p>\r\n\r\n                                <p>- Adjustable cuffs</p>\r\n\r\n                                <p>- Double welted front pockets</p>\r\n\r\n                                <p>- Adjustable elastic string at hempen</p>\r\n\r\n                                <p>- Ultrasonically welded seams</p>\r\n\r\n                                <p>This is a unisex item, please check our clothing &amp; footwear sizing guide for specific Rains jacket sizing information. RAINS comes from the rainy nation of Denmark at the edge of the European continent, close to the ocean and with prevailing westerly winds; all factors that contribute to an average of 121 rain days each year. Arising from these rainy weather conditions comes the attitude that a quick rain shower may be beautiful, as well as moody- but first and foremost requires the right outfit. Rains focus on the whole experience of going outside on rainy days, issuing an invitation to explore even in the most mercurial weather.</p>','published','[\"products\\/product-79.jpg\",\"products\\/product-8.jpg\",\"products\\/product-54.jpg\",\"products\\/product-26.jpg\",\"products\\/product-58.jpg\",\"products\\/product-42.jpg\",\"products\\/product-64.jpg\"]',NULL,'NC-151-A0',0,16,0,1,'in_stock',1,3,0,0,297,216.81,NULL,NULL,16,15,16,676,NULL,1786,'2025-05-20 14:07:33','2025-05-20 14:07:41',0,'Botble\\ACL\\Models\\User',NULL,'physical',NULL,NULL,0,0,0,0,1),(57,'Famart Farmhouse Soft White','<p>Short Hooded Coat features a straight body, large pockets with button flaps, ventilation air holes, and a string detail along the hemline.</p>','<p>Short Hooded Coat features a straight body, large pockets with button flaps, ventilation air holes, and a string detail along the hemline. The style is completed with a drawstring hood, featuring Rains’ signature built-in cap. Made from waterproof, matte PU, this lightweight unisex rain jacket is an ode to nostalgia through its classic silhouette and utilitarian design details.</p>\r\n                                <p>- Casual unisex fit</p>\r\n\r\n                                <p>- 64% polyester, 36% polyurethane</p>\r\n\r\n                                <p>- Water column pressure: 4000 mm</p>\r\n\r\n                                <p>- Model is 187cm tall and wearing a size S / M</p>\r\n\r\n                                <p>- Unisex fit</p>\r\n\r\n                                <p>- Drawstring hood with built-in cap</p>\r\n\r\n                                <p>- Front placket with snap buttons</p>\r\n\r\n                                <p>- Ventilation under armpit</p>\r\n\r\n                                <p>- Adjustable cuffs</p>\r\n\r\n                                <p>- Double welted front pockets</p>\r\n\r\n                                <p>- Adjustable elastic string at hempen</p>\r\n\r\n                                <p>- Ultrasonically welded seams</p>\r\n\r\n                                <p>This is a unisex item, please check our clothing &amp; footwear sizing guide for specific Rains jacket sizing information. RAINS comes from the rainy nation of Denmark at the edge of the European continent, close to the ocean and with prevailing westerly winds; all factors that contribute to an average of 121 rain days each year. Arising from these rainy weather conditions comes the attitude that a quick rain shower may be beautiful, as well as moody- but first and foremost requires the right outfit. Rains focus on the whole experience of going outside on rainy days, issuing an invitation to explore even in the most mercurial weather.</p>','published','[\"products\\/product-33.jpg\",\"products\\/product-68.jpg\",\"products\\/product-87.jpg\",\"products\\/product-27.jpg\",\"products\\/product-5.jpg\",\"products\\/product-93.jpg\"]',NULL,'NC-112-A0',0,19,0,1,'in_stock',0,7,0,0,276,NULL,NULL,NULL,11,16,19,880,NULL,31997,'2025-05-20 14:07:33','2025-05-20 14:07:41',0,'Botble\\ACL\\Models\\User',NULL,'digital',NULL,NULL,0,0,0,0,1),(58,'Coca-Cola Original Taste','<p>Short Hooded Coat features a straight body, large pockets with button flaps, ventilation air holes, and a string detail along the hemline.</p>','<p>Short Hooded Coat features a straight body, large pockets with button flaps, ventilation air holes, and a string detail along the hemline. The style is completed with a drawstring hood, featuring Rains’ signature built-in cap. Made from waterproof, matte PU, this lightweight unisex rain jacket is an ode to nostalgia through its classic silhouette and utilitarian design details.</p>\r\n                                <p>- Casual unisex fit</p>\r\n\r\n                                <p>- 64% polyester, 36% polyurethane</p>\r\n\r\n                                <p>- Water column pressure: 4000 mm</p>\r\n\r\n                                <p>- Model is 187cm tall and wearing a size S / M</p>\r\n\r\n                                <p>- Unisex fit</p>\r\n\r\n                                <p>- Drawstring hood with built-in cap</p>\r\n\r\n                                <p>- Front placket with snap buttons</p>\r\n\r\n                                <p>- Ventilation under armpit</p>\r\n\r\n                                <p>- Adjustable cuffs</p>\r\n\r\n                                <p>- Double welted front pockets</p>\r\n\r\n                                <p>- Adjustable elastic string at hempen</p>\r\n\r\n                                <p>- Ultrasonically welded seams</p>\r\n\r\n                                <p>This is a unisex item, please check our clothing &amp; footwear sizing guide for specific Rains jacket sizing information. RAINS comes from the rainy nation of Denmark at the edge of the European continent, close to the ocean and with prevailing westerly winds; all factors that contribute to an average of 121 rain days each year. Arising from these rainy weather conditions comes the attitude that a quick rain shower may be beautiful, as well as moody- but first and foremost requires the right outfit. Rains focus on the whole experience of going outside on rainy days, issuing an invitation to explore even in the most mercurial weather.</p>','published','[\"products\\/product-33.jpg\",\"products\\/product-38.jpg\",\"products\\/product-45.jpg\",\"products\\/product-24.jpg\",\"products\\/product-43.jpg\",\"products\\/product-14.jpg\",\"products\\/product-37.jpg\",\"products\\/product-4.jpg\",\"products\\/product-62.jpg\",\"products\\/product-32.jpg\",\"products\\/product-67.jpg\"]',NULL,'NC-106-A0',0,13,0,1,'in_stock',1,4,0,0,255,NULL,NULL,NULL,20,20,19,535,NULL,181084,'2025-05-20 14:07:33','2025-05-20 14:07:41',0,'Botble\\ACL\\Models\\User',NULL,'physical',NULL,NULL,0,0,0,0,1),(59,'Casillero Diablo Cabernet Sauvignon','<p>Short Hooded Coat features a straight body, large pockets with button flaps, ventilation air holes, and a string detail along the hemline.</p>','<p>Short Hooded Coat features a straight body, large pockets with button flaps, ventilation air holes, and a string detail along the hemline. The style is completed with a drawstring hood, featuring Rains’ signature built-in cap. Made from waterproof, matte PU, this lightweight unisex rain jacket is an ode to nostalgia through its classic silhouette and utilitarian design details.</p>\r\n                                <p>- Casual unisex fit</p>\r\n\r\n                                <p>- 64% polyester, 36% polyurethane</p>\r\n\r\n                                <p>- Water column pressure: 4000 mm</p>\r\n\r\n                                <p>- Model is 187cm tall and wearing a size S / M</p>\r\n\r\n                                <p>- Unisex fit</p>\r\n\r\n                                <p>- Drawstring hood with built-in cap</p>\r\n\r\n                                <p>- Front placket with snap buttons</p>\r\n\r\n                                <p>- Ventilation under armpit</p>\r\n\r\n                                <p>- Adjustable cuffs</p>\r\n\r\n                                <p>- Double welted front pockets</p>\r\n\r\n                                <p>- Adjustable elastic string at hempen</p>\r\n\r\n                                <p>- Ultrasonically welded seams</p>\r\n\r\n                                <p>This is a unisex item, please check our clothing &amp; footwear sizing guide for specific Rains jacket sizing information. RAINS comes from the rainy nation of Denmark at the edge of the European continent, close to the ocean and with prevailing westerly winds; all factors that contribute to an average of 121 rain days each year. Arising from these rainy weather conditions comes the attitude that a quick rain shower may be beautiful, as well as moody- but first and foremost requires the right outfit. Rains focus on the whole experience of going outside on rainy days, issuing an invitation to explore even in the most mercurial weather.</p>','published','[\"products\\/product-78.jpg\",\"products\\/product-13.jpg\",\"products\\/product-75.jpg\",\"products\\/product-85.jpg\",\"products\\/product-46.jpg\",\"products\\/product-73.jpg\",\"products\\/product-80.jpg\",\"products\\/product-7.jpg\",\"products\\/product-83.jpg\",\"products\\/product-76.jpg\"]',NULL,'NC-106-A0',0,11,0,1,'in_stock',0,6,0,0,370,NULL,NULL,NULL,10,11,12,599,NULL,108990,'2025-05-20 14:07:33','2025-05-20 14:07:41',0,'Botble\\ACL\\Models\\User',NULL,'physical',NULL,NULL,0,0,0,0,2),(60,'Arla Organic Free Range Milk','<p>Short Hooded Coat features a straight body, large pockets with button flaps, ventilation air holes, and a string detail along the hemline.</p>','<p>Short Hooded Coat features a straight body, large pockets with button flaps, ventilation air holes, and a string detail along the hemline. The style is completed with a drawstring hood, featuring Rains’ signature built-in cap. Made from waterproof, matte PU, this lightweight unisex rain jacket is an ode to nostalgia through its classic silhouette and utilitarian design details.</p>\r\n                                <p>- Casual unisex fit</p>\r\n\r\n                                <p>- 64% polyester, 36% polyurethane</p>\r\n\r\n                                <p>- Water column pressure: 4000 mm</p>\r\n\r\n                                <p>- Model is 187cm tall and wearing a size S / M</p>\r\n\r\n                                <p>- Unisex fit</p>\r\n\r\n                                <p>- Drawstring hood with built-in cap</p>\r\n\r\n                                <p>- Front placket with snap buttons</p>\r\n\r\n                                <p>- Ventilation under armpit</p>\r\n\r\n                                <p>- Adjustable cuffs</p>\r\n\r\n                                <p>- Double welted front pockets</p>\r\n\r\n                                <p>- Adjustable elastic string at hempen</p>\r\n\r\n                                <p>- Ultrasonically welded seams</p>\r\n\r\n                                <p>This is a unisex item, please check our clothing &amp; footwear sizing guide for specific Rains jacket sizing information. RAINS comes from the rainy nation of Denmark at the edge of the European continent, close to the ocean and with prevailing westerly winds; all factors that contribute to an average of 121 rain days each year. Arising from these rainy weather conditions comes the attitude that a quick rain shower may be beautiful, as well as moody- but first and foremost requires the right outfit. Rains focus on the whole experience of going outside on rainy days, issuing an invitation to explore even in the most mercurial weather.</p>','published','[\"products\\/product-37.jpg\",\"products\\/product-83.jpg\",\"products\\/product-72.jpg\",\"products\\/product-20.jpg\",\"products\\/product-85.jpg\",\"products\\/product-21.jpg\"]',NULL,'NC-122-A0',0,20,0,1,'in_stock',1,3,0,0,390,347.1,NULL,NULL,13,10,11,889,NULL,198566,'2025-05-20 14:07:33','2025-05-20 14:07:41',0,'Botble\\ACL\\Models\\User',NULL,'physical',NULL,NULL,0,0,0,0,1),(61,'Aptamil Follow On Baby Milk','<p>Short Hooded Coat features a straight body, large pockets with button flaps, ventilation air holes, and a string detail along the hemline.</p>','<p>Short Hooded Coat features a straight body, large pockets with button flaps, ventilation air holes, and a string detail along the hemline. The style is completed with a drawstring hood, featuring Rains’ signature built-in cap. Made from waterproof, matte PU, this lightweight unisex rain jacket is an ode to nostalgia through its classic silhouette and utilitarian design details.</p>\r\n                                <p>- Casual unisex fit</p>\r\n\r\n                                <p>- 64% polyester, 36% polyurethane</p>\r\n\r\n                                <p>- Water column pressure: 4000 mm</p>\r\n\r\n                                <p>- Model is 187cm tall and wearing a size S / M</p>\r\n\r\n                                <p>- Unisex fit</p>\r\n\r\n                                <p>- Drawstring hood with built-in cap</p>\r\n\r\n                                <p>- Front placket with snap buttons</p>\r\n\r\n                                <p>- Ventilation under armpit</p>\r\n\r\n                                <p>- Adjustable cuffs</p>\r\n\r\n                                <p>- Double welted front pockets</p>\r\n\r\n                                <p>- Adjustable elastic string at hempen</p>\r\n\r\n                                <p>- Ultrasonically welded seams</p>\r\n\r\n                                <p>This is a unisex item, please check our clothing &amp; footwear sizing guide for specific Rains jacket sizing information. RAINS comes from the rainy nation of Denmark at the edge of the European continent, close to the ocean and with prevailing westerly winds; all factors that contribute to an average of 121 rain days each year. Arising from these rainy weather conditions comes the attitude that a quick rain shower may be beautiful, as well as moody- but first and foremost requires the right outfit. Rains focus on the whole experience of going outside on rainy days, issuing an invitation to explore even in the most mercurial weather.</p>','published','[\"products\\/product-79.jpg\",\"products\\/product-5.jpg\",\"products\\/product-35.jpg\",\"products\\/product-43.jpg\",\"products\\/product-84.jpg\",\"products\\/product-6.jpg\",\"products\\/product-2.jpg\",\"products\\/product-23.jpg\",\"products\\/product-91.jpg\"]',NULL,'NC-132-A0',0,16,0,1,'in_stock',0,7,0,0,365,NULL,NULL,NULL,17,17,16,650,NULL,136858,'2025-05-20 14:07:33','2025-05-20 14:07:41',0,'Botble\\ACL\\Models\\User',NULL,'digital',NULL,NULL,0,0,0,0,2),(62,'Cuisinart Chef’S Classic Hard-Anodized','<p>Short Hooded Coat features a straight body, large pockets with button flaps, ventilation air holes, and a string detail along the hemline.</p>','<p>Short Hooded Coat features a straight body, large pockets with button flaps, ventilation air holes, and a string detail along the hemline. The style is completed with a drawstring hood, featuring Rains’ signature built-in cap. Made from waterproof, matte PU, this lightweight unisex rain jacket is an ode to nostalgia through its classic silhouette and utilitarian design details.</p>\r\n                                <p>- Casual unisex fit</p>\r\n\r\n                                <p>- 64% polyester, 36% polyurethane</p>\r\n\r\n                                <p>- Water column pressure: 4000 mm</p>\r\n\r\n                                <p>- Model is 187cm tall and wearing a size S / M</p>\r\n\r\n                                <p>- Unisex fit</p>\r\n\r\n                                <p>- Drawstring hood with built-in cap</p>\r\n\r\n                                <p>- Front placket with snap buttons</p>\r\n\r\n                                <p>- Ventilation under armpit</p>\r\n\r\n                                <p>- Adjustable cuffs</p>\r\n\r\n                                <p>- Double welted front pockets</p>\r\n\r\n                                <p>- Adjustable elastic string at hempen</p>\r\n\r\n                                <p>- Ultrasonically welded seams</p>\r\n\r\n                                <p>This is a unisex item, please check our clothing &amp; footwear sizing guide for specific Rains jacket sizing information. RAINS comes from the rainy nation of Denmark at the edge of the European continent, close to the ocean and with prevailing westerly winds; all factors that contribute to an average of 121 rain days each year. Arising from these rainy weather conditions comes the attitude that a quick rain shower may be beautiful, as well as moody- but first and foremost requires the right outfit. Rains focus on the whole experience of going outside on rainy days, issuing an invitation to explore even in the most mercurial weather.</p>','published','[\"products\\/product-31.jpg\",\"products\\/product-22.jpg\",\"products\\/product-43.jpg\",\"products\\/product-62.jpg\",\"products\\/product-66.jpg\"]',NULL,'NC-161-A0',0,17,0,1,'in_stock',0,2,0,0,500,NULL,NULL,NULL,16,20,14,846,NULL,39748,'2025-05-20 14:07:33','2025-05-20 14:07:41',0,'Botble\\ACL\\Models\\User',NULL,'physical',NULL,NULL,0,0,0,0,2),(63,'Corn, Yellow Sweet','<p>Short Hooded Coat features a straight body, large pockets with button flaps, ventilation air holes, and a string detail along the hemline.</p>','<p>Short Hooded Coat features a straight body, large pockets with button flaps, ventilation air holes, and a string detail along the hemline. The style is completed with a drawstring hood, featuring Rains’ signature built-in cap. Made from waterproof, matte PU, this lightweight unisex rain jacket is an ode to nostalgia through its classic silhouette and utilitarian design details.</p>\r\n                                <p>- Casual unisex fit</p>\r\n\r\n                                <p>- 64% polyester, 36% polyurethane</p>\r\n\r\n                                <p>- Water column pressure: 4000 mm</p>\r\n\r\n                                <p>- Model is 187cm tall and wearing a size S / M</p>\r\n\r\n                                <p>- Unisex fit</p>\r\n\r\n                                <p>- Drawstring hood with built-in cap</p>\r\n\r\n                                <p>- Front placket with snap buttons</p>\r\n\r\n                                <p>- Ventilation under armpit</p>\r\n\r\n                                <p>- Adjustable cuffs</p>\r\n\r\n                                <p>- Double welted front pockets</p>\r\n\r\n                                <p>- Adjustable elastic string at hempen</p>\r\n\r\n                                <p>- Ultrasonically welded seams</p>\r\n\r\n                                <p>This is a unisex item, please check our clothing &amp; footwear sizing guide for specific Rains jacket sizing information. RAINS comes from the rainy nation of Denmark at the edge of the European continent, close to the ocean and with prevailing westerly winds; all factors that contribute to an average of 121 rain days each year. Arising from these rainy weather conditions comes the attitude that a quick rain shower may be beautiful, as well as moody- but first and foremost requires the right outfit. Rains focus on the whole experience of going outside on rainy days, issuing an invitation to explore even in the most mercurial weather.</p>','published','[\"products\\/product-66.jpg\",\"products\\/product-27.jpg\",\"products\\/product-11.jpg\",\"products\\/product-9.jpg\",\"products\\/product-7.jpg\",\"products\\/product-81.jpg\",\"products\\/product-83.jpg\",\"products\\/product-42.jpg\"]',NULL,'NC-176-A0',0,15,0,1,'in_stock',0,2,0,0,371,NULL,NULL,NULL,10,12,11,896,NULL,64571,'2025-05-20 14:07:33','2025-05-20 14:07:41',0,'Botble\\ACL\\Models\\User',NULL,'physical',NULL,NULL,0,0,0,0,1),(64,'Hobnobs The Nobbly Biscuit','<p>Short Hooded Coat features a straight body, large pockets with button flaps, ventilation air holes, and a string detail along the hemline.</p>','<p>Short Hooded Coat features a straight body, large pockets with button flaps, ventilation air holes, and a string detail along the hemline. The style is completed with a drawstring hood, featuring Rains’ signature built-in cap. Made from waterproof, matte PU, this lightweight unisex rain jacket is an ode to nostalgia through its classic silhouette and utilitarian design details.</p>\r\n                                <p>- Casual unisex fit</p>\r\n\r\n                                <p>- 64% polyester, 36% polyurethane</p>\r\n\r\n                                <p>- Water column pressure: 4000 mm</p>\r\n\r\n                                <p>- Model is 187cm tall and wearing a size S / M</p>\r\n\r\n                                <p>- Unisex fit</p>\r\n\r\n                                <p>- Drawstring hood with built-in cap</p>\r\n\r\n                                <p>- Front placket with snap buttons</p>\r\n\r\n                                <p>- Ventilation under armpit</p>\r\n\r\n                                <p>- Adjustable cuffs</p>\r\n\r\n                                <p>- Double welted front pockets</p>\r\n\r\n                                <p>- Adjustable elastic string at hempen</p>\r\n\r\n                                <p>- Ultrasonically welded seams</p>\r\n\r\n                                <p>This is a unisex item, please check our clothing &amp; footwear sizing guide for specific Rains jacket sizing information. RAINS comes from the rainy nation of Denmark at the edge of the European continent, close to the ocean and with prevailing westerly winds; all factors that contribute to an average of 121 rain days each year. Arising from these rainy weather conditions comes the attitude that a quick rain shower may be beautiful, as well as moody- but first and foremost requires the right outfit. Rains focus on the whole experience of going outside on rainy days, issuing an invitation to explore even in the most mercurial weather.</p>','published','[\"products\\/product-8.jpg\",\"products\\/product-77.jpg\",\"products\\/product-40.jpg\",\"products\\/product-22.jpg\",\"products\\/product-43.jpg\",\"products\\/product-6.jpg\",\"products\\/product-86.jpg\",\"products\\/product-95.jpg\",\"products\\/product-57.jpg\",\"products\\/product-2.jpg\",\"products\\/product-94.jpg\"]',NULL,'NC-147-A0',0,12,0,1,'in_stock',0,5,0,0,473,420.97,NULL,NULL,19,14,15,791,NULL,100086,'2025-05-20 14:07:33','2025-05-20 14:07:42',0,'Botble\\ACL\\Models\\User',NULL,'physical',NULL,NULL,0,0,0,0,1),(65,'Honest Organic Still Lemonade','<p>Short Hooded Coat features a straight body, large pockets with button flaps, ventilation air holes, and a string detail along the hemline.</p>','<p>Short Hooded Coat features a straight body, large pockets with button flaps, ventilation air holes, and a string detail along the hemline. The style is completed with a drawstring hood, featuring Rains’ signature built-in cap. Made from waterproof, matte PU, this lightweight unisex rain jacket is an ode to nostalgia through its classic silhouette and utilitarian design details.</p>\r\n                                <p>- Casual unisex fit</p>\r\n\r\n                                <p>- 64% polyester, 36% polyurethane</p>\r\n\r\n                                <p>- Water column pressure: 4000 mm</p>\r\n\r\n                                <p>- Model is 187cm tall and wearing a size S / M</p>\r\n\r\n                                <p>- Unisex fit</p>\r\n\r\n                                <p>- Drawstring hood with built-in cap</p>\r\n\r\n                                <p>- Front placket with snap buttons</p>\r\n\r\n                                <p>- Ventilation under armpit</p>\r\n\r\n                                <p>- Adjustable cuffs</p>\r\n\r\n                                <p>- Double welted front pockets</p>\r\n\r\n                                <p>- Adjustable elastic string at hempen</p>\r\n\r\n                                <p>- Ultrasonically welded seams</p>\r\n\r\n                                <p>This is a unisex item, please check our clothing &amp; footwear sizing guide for specific Rains jacket sizing information. RAINS comes from the rainy nation of Denmark at the edge of the European continent, close to the ocean and with prevailing westerly winds; all factors that contribute to an average of 121 rain days each year. Arising from these rainy weather conditions comes the attitude that a quick rain shower may be beautiful, as well as moody- but first and foremost requires the right outfit. Rains focus on the whole experience of going outside on rainy days, issuing an invitation to explore even in the most mercurial weather.</p>','published','[\"products\\/product-30.jpg\",\"products\\/product-88.jpg\",\"products\\/product-40.jpg\",\"products\\/product-16.jpg\",\"products\\/product-46.jpg\",\"products\\/product-73.jpg\",\"products\\/product-80.jpg\",\"products\\/product-82.jpg\",\"products\\/product-92.jpg\",\"products\\/product-4.jpg\",\"products\\/product-83.jpg\"]',NULL,'NC-143-A0',0,19,0,1,'in_stock',1,5,0,0,301,NULL,NULL,NULL,13,13,18,754,NULL,98248,'2025-05-20 14:07:33','2025-05-20 14:07:42',0,'Botble\\ACL\\Models\\User',NULL,'digital',NULL,NULL,0,0,0,0,2),(66,'Ice Beck’s Beer 350ml x 24 Pieces','<p>Short Hooded Coat features a straight body, large pockets with button flaps, ventilation air holes, and a string detail along the hemline.</p>','<p>Short Hooded Coat features a straight body, large pockets with button flaps, ventilation air holes, and a string detail along the hemline. The style is completed with a drawstring hood, featuring Rains’ signature built-in cap. Made from waterproof, matte PU, this lightweight unisex rain jacket is an ode to nostalgia through its classic silhouette and utilitarian design details.</p>\r\n                                <p>- Casual unisex fit</p>\r\n\r\n                                <p>- 64% polyester, 36% polyurethane</p>\r\n\r\n                                <p>- Water column pressure: 4000 mm</p>\r\n\r\n                                <p>- Model is 187cm tall and wearing a size S / M</p>\r\n\r\n                                <p>- Unisex fit</p>\r\n\r\n                                <p>- Drawstring hood with built-in cap</p>\r\n\r\n                                <p>- Front placket with snap buttons</p>\r\n\r\n                                <p>- Ventilation under armpit</p>\r\n\r\n                                <p>- Adjustable cuffs</p>\r\n\r\n                                <p>- Double welted front pockets</p>\r\n\r\n                                <p>- Adjustable elastic string at hempen</p>\r\n\r\n                                <p>- Ultrasonically welded seams</p>\r\n\r\n                                <p>This is a unisex item, please check our clothing &amp; footwear sizing guide for specific Rains jacket sizing information. RAINS comes from the rainy nation of Denmark at the edge of the European continent, close to the ocean and with prevailing westerly winds; all factors that contribute to an average of 121 rain days each year. Arising from these rainy weather conditions comes the attitude that a quick rain shower may be beautiful, as well as moody- but first and foremost requires the right outfit. Rains focus on the whole experience of going outside on rainy days, issuing an invitation to explore even in the most mercurial weather.</p>','published','[\"products\\/product-5.jpg\",\"products\\/product-37.jpg\",\"products\\/product-46.jpg\",\"products\\/product-21.jpg\",\"products\\/product-32.jpg\",\"products\\/product-39.jpg\",\"products\\/product-28.jpg\",\"products\\/product-64.jpg\"]',NULL,'NC-179-A0',0,16,0,1,'in_stock',0,4,0,0,262,NULL,NULL,NULL,18,15,13,566,NULL,80646,'2025-05-20 14:07:34','2025-05-20 14:07:42',0,'Botble\\ACL\\Models\\User',NULL,'physical',NULL,NULL,0,0,0,0,2),(67,'Iceland 6 Hot Cross Buns','<p>Short Hooded Coat features a straight body, large pockets with button flaps, ventilation air holes, and a string detail along the hemline.</p>','<p>Short Hooded Coat features a straight body, large pockets with button flaps, ventilation air holes, and a string detail along the hemline. The style is completed with a drawstring hood, featuring Rains’ signature built-in cap. Made from waterproof, matte PU, this lightweight unisex rain jacket is an ode to nostalgia through its classic silhouette and utilitarian design details.</p>\r\n                                <p>- Casual unisex fit</p>\r\n\r\n                                <p>- 64% polyester, 36% polyurethane</p>\r\n\r\n                                <p>- Water column pressure: 4000 mm</p>\r\n\r\n                                <p>- Model is 187cm tall and wearing a size S / M</p>\r\n\r\n                                <p>- Unisex fit</p>\r\n\r\n                                <p>- Drawstring hood with built-in cap</p>\r\n\r\n                                <p>- Front placket with snap buttons</p>\r\n\r\n                                <p>- Ventilation under armpit</p>\r\n\r\n                                <p>- Adjustable cuffs</p>\r\n\r\n                                <p>- Double welted front pockets</p>\r\n\r\n                                <p>- Adjustable elastic string at hempen</p>\r\n\r\n                                <p>- Ultrasonically welded seams</p>\r\n\r\n                                <p>This is a unisex item, please check our clothing &amp; footwear sizing guide for specific Rains jacket sizing information. RAINS comes from the rainy nation of Denmark at the edge of the European continent, close to the ocean and with prevailing westerly winds; all factors that contribute to an average of 121 rain days each year. Arising from these rainy weather conditions comes the attitude that a quick rain shower may be beautiful, as well as moody- but first and foremost requires the right outfit. Rains focus on the whole experience of going outside on rainy days, issuing an invitation to explore even in the most mercurial weather.</p>','published','[\"products\\/product-82.jpg\",\"products\\/product-67.jpg\",\"products\\/product-16.jpg\",\"products\\/product-77.jpg\",\"products\\/product-34.jpg\"]',NULL,'NC-171-A0',0,16,0,1,'in_stock',1,3,0,0,314,NULL,NULL,NULL,14,18,15,619,NULL,13630,'2025-05-20 14:07:34','2025-05-20 14:07:42',0,'Botble\\ACL\\Models\\User',NULL,'physical',NULL,NULL,0,0,0,0,2),(68,'Iceland Luxury 4 Panini Rolls','<p>Short Hooded Coat features a straight body, large pockets with button flaps, ventilation air holes, and a string detail along the hemline.</p>','<p>Short Hooded Coat features a straight body, large pockets with button flaps, ventilation air holes, and a string detail along the hemline. The style is completed with a drawstring hood, featuring Rains’ signature built-in cap. Made from waterproof, matte PU, this lightweight unisex rain jacket is an ode to nostalgia through its classic silhouette and utilitarian design details.</p>\r\n                                <p>- Casual unisex fit</p>\r\n\r\n                                <p>- 64% polyester, 36% polyurethane</p>\r\n\r\n                                <p>- Water column pressure: 4000 mm</p>\r\n\r\n                                <p>- Model is 187cm tall and wearing a size S / M</p>\r\n\r\n                                <p>- Unisex fit</p>\r\n\r\n                                <p>- Drawstring hood with built-in cap</p>\r\n\r\n                                <p>- Front placket with snap buttons</p>\r\n\r\n                                <p>- Ventilation under armpit</p>\r\n\r\n                                <p>- Adjustable cuffs</p>\r\n\r\n                                <p>- Double welted front pockets</p>\r\n\r\n                                <p>- Adjustable elastic string at hempen</p>\r\n\r\n                                <p>- Ultrasonically welded seams</p>\r\n\r\n                                <p>This is a unisex item, please check our clothing &amp; footwear sizing guide for specific Rains jacket sizing information. RAINS comes from the rainy nation of Denmark at the edge of the European continent, close to the ocean and with prevailing westerly winds; all factors that contribute to an average of 121 rain days each year. Arising from these rainy weather conditions comes the attitude that a quick rain shower may be beautiful, as well as moody- but first and foremost requires the right outfit. Rains focus on the whole experience of going outside on rainy days, issuing an invitation to explore even in the most mercurial weather.</p>','published','[\"products\\/product-49.jpg\",\"products\\/product-89.jpg\",\"products\\/product-40.jpg\",\"products\\/product-32.jpg\",\"products\\/product-42.jpg\",\"products\\/product-21.jpg\",\"products\\/product-95.jpg\",\"products\\/product-15.jpg\",\"products\\/product-94.jpg\",\"products\\/product-50.jpg\",\"products\\/product-67.jpg\"]',NULL,'NC-110-A0',0,13,0,1,'in_stock',1,6,0,0,415,290.5,NULL,NULL,14,18,13,670,NULL,8598,'2025-05-20 14:07:34','2025-05-20 14:07:42',0,'Botble\\ACL\\Models\\User',NULL,'physical',NULL,NULL,0,0,0,0,1),(69,'Iceland Soft Scoop Vanilla','<p>Short Hooded Coat features a straight body, large pockets with button flaps, ventilation air holes, and a string detail along the hemline.</p>','<p>Short Hooded Coat features a straight body, large pockets with button flaps, ventilation air holes, and a string detail along the hemline. The style is completed with a drawstring hood, featuring Rains’ signature built-in cap. Made from waterproof, matte PU, this lightweight unisex rain jacket is an ode to nostalgia through its classic silhouette and utilitarian design details.</p>\r\n                                <p>- Casual unisex fit</p>\r\n\r\n                                <p>- 64% polyester, 36% polyurethane</p>\r\n\r\n                                <p>- Water column pressure: 4000 mm</p>\r\n\r\n                                <p>- Model is 187cm tall and wearing a size S / M</p>\r\n\r\n                                <p>- Unisex fit</p>\r\n\r\n                                <p>- Drawstring hood with built-in cap</p>\r\n\r\n                                <p>- Front placket with snap buttons</p>\r\n\r\n                                <p>- Ventilation under armpit</p>\r\n\r\n                                <p>- Adjustable cuffs</p>\r\n\r\n                                <p>- Double welted front pockets</p>\r\n\r\n                                <p>- Adjustable elastic string at hempen</p>\r\n\r\n                                <p>- Ultrasonically welded seams</p>\r\n\r\n                                <p>This is a unisex item, please check our clothing &amp; footwear sizing guide for specific Rains jacket sizing information. RAINS comes from the rainy nation of Denmark at the edge of the European continent, close to the ocean and with prevailing westerly winds; all factors that contribute to an average of 121 rain days each year. Arising from these rainy weather conditions comes the attitude that a quick rain shower may be beautiful, as well as moody- but first and foremost requires the right outfit. Rains focus on the whole experience of going outside on rainy days, issuing an invitation to explore even in the most mercurial weather.</p>','published','[\"products\\/product-53.jpg\",\"products\\/product-73.jpg\",\"products\\/product-63.jpg\",\"products\\/product-29.jpg\",\"products\\/product-33.jpg\",\"products\\/product-92.jpg\"]',NULL,'NC-173-A0',0,18,0,1,'in_stock',0,1,0,0,332,NULL,NULL,NULL,20,12,20,826,NULL,49439,'2025-05-20 14:07:34','2025-05-20 14:07:42',0,'Botble\\ACL\\Models\\User',NULL,'digital',NULL,NULL,0,0,0,0,1),(70,'Iceland Spaghetti Bolognese','<p>Short Hooded Coat features a straight body, large pockets with button flaps, ventilation air holes, and a string detail along the hemline.</p>','<p>Short Hooded Coat features a straight body, large pockets with button flaps, ventilation air holes, and a string detail along the hemline. The style is completed with a drawstring hood, featuring Rains’ signature built-in cap. Made from waterproof, matte PU, this lightweight unisex rain jacket is an ode to nostalgia through its classic silhouette and utilitarian design details.</p>\r\n                                <p>- Casual unisex fit</p>\r\n\r\n                                <p>- 64% polyester, 36% polyurethane</p>\r\n\r\n                                <p>- Water column pressure: 4000 mm</p>\r\n\r\n                                <p>- Model is 187cm tall and wearing a size S / M</p>\r\n\r\n                                <p>- Unisex fit</p>\r\n\r\n                                <p>- Drawstring hood with built-in cap</p>\r\n\r\n                                <p>- Front placket with snap buttons</p>\r\n\r\n                                <p>- Ventilation under armpit</p>\r\n\r\n                                <p>- Adjustable cuffs</p>\r\n\r\n                                <p>- Double welted front pockets</p>\r\n\r\n                                <p>- Adjustable elastic string at hempen</p>\r\n\r\n                                <p>- Ultrasonically welded seams</p>\r\n\r\n                                <p>This is a unisex item, please check our clothing &amp; footwear sizing guide for specific Rains jacket sizing information. RAINS comes from the rainy nation of Denmark at the edge of the European continent, close to the ocean and with prevailing westerly winds; all factors that contribute to an average of 121 rain days each year. Arising from these rainy weather conditions comes the attitude that a quick rain shower may be beautiful, as well as moody- but first and foremost requires the right outfit. Rains focus on the whole experience of going outside on rainy days, issuing an invitation to explore even in the most mercurial weather.</p>','published','[\"products\\/product-4.jpg\",\"products\\/product-8.jpg\",\"products\\/product-95.jpg\",\"products\\/product-33.jpg\",\"products\\/product-18.jpg\",\"products\\/product-82.jpg\",\"products\\/product-57.jpg\",\"products\\/product-91.jpg\",\"products\\/product-70.jpg\"]',NULL,'NC-183-A0',0,18,0,1,'in_stock',0,2,0,0,443,NULL,NULL,NULL,16,19,19,504,NULL,57537,'2025-05-20 14:07:34','2025-05-20 14:07:42',0,'Botble\\ACL\\Models\\User',NULL,'physical',NULL,NULL,0,0,0,0,1),(71,'Kellogg’s Coco Pops Cereal','<p>Short Hooded Coat features a straight body, large pockets with button flaps, ventilation air holes, and a string detail along the hemline.</p>','<p>Short Hooded Coat features a straight body, large pockets with button flaps, ventilation air holes, and a string detail along the hemline. The style is completed with a drawstring hood, featuring Rains’ signature built-in cap. Made from waterproof, matte PU, this lightweight unisex rain jacket is an ode to nostalgia through its classic silhouette and utilitarian design details.</p>\r\n                                <p>- Casual unisex fit</p>\r\n\r\n                                <p>- 64% polyester, 36% polyurethane</p>\r\n\r\n                                <p>- Water column pressure: 4000 mm</p>\r\n\r\n                                <p>- Model is 187cm tall and wearing a size S / M</p>\r\n\r\n                                <p>- Unisex fit</p>\r\n\r\n                                <p>- Drawstring hood with built-in cap</p>\r\n\r\n                                <p>- Front placket with snap buttons</p>\r\n\r\n                                <p>- Ventilation under armpit</p>\r\n\r\n                                <p>- Adjustable cuffs</p>\r\n\r\n                                <p>- Double welted front pockets</p>\r\n\r\n                                <p>- Adjustable elastic string at hempen</p>\r\n\r\n                                <p>- Ultrasonically welded seams</p>\r\n\r\n                                <p>This is a unisex item, please check our clothing &amp; footwear sizing guide for specific Rains jacket sizing information. RAINS comes from the rainy nation of Denmark at the edge of the European continent, close to the ocean and with prevailing westerly winds; all factors that contribute to an average of 121 rain days each year. Arising from these rainy weather conditions comes the attitude that a quick rain shower may be beautiful, as well as moody- but first and foremost requires the right outfit. Rains focus on the whole experience of going outside on rainy days, issuing an invitation to explore even in the most mercurial weather.</p>','published','[\"products\\/product-54.jpg\",\"products\\/product-6.jpg\",\"products\\/product-2.jpg\",\"products\\/product-64.jpg\",\"products\\/product-69.jpg\",\"products\\/product-50.jpg\",\"products\\/product-32.jpg\",\"products\\/product-59.jpg\",\"products\\/product-35.jpg\",\"products\\/product-13.jpg\",\"products\\/product-52.jpg\"]',NULL,'NC-136-A0',0,19,0,1,'in_stock',1,3,0,0,289,NULL,NULL,NULL,14,11,10,519,NULL,86071,'2025-05-20 14:07:34','2025-05-20 14:07:42',0,'Botble\\ACL\\Models\\User',NULL,'physical',NULL,NULL,0,0,0,0,2),(72,'Kit Kat Chunky Milk Chocolate','<p>Short Hooded Coat features a straight body, large pockets with button flaps, ventilation air holes, and a string detail along the hemline.</p>','<p>Short Hooded Coat features a straight body, large pockets with button flaps, ventilation air holes, and a string detail along the hemline. The style is completed with a drawstring hood, featuring Rains’ signature built-in cap. Made from waterproof, matte PU, this lightweight unisex rain jacket is an ode to nostalgia through its classic silhouette and utilitarian design details.</p>\r\n                                <p>- Casual unisex fit</p>\r\n\r\n                                <p>- 64% polyester, 36% polyurethane</p>\r\n\r\n                                <p>- Water column pressure: 4000 mm</p>\r\n\r\n                                <p>- Model is 187cm tall and wearing a size S / M</p>\r\n\r\n                                <p>- Unisex fit</p>\r\n\r\n                                <p>- Drawstring hood with built-in cap</p>\r\n\r\n                                <p>- Front placket with snap buttons</p>\r\n\r\n                                <p>- Ventilation under armpit</p>\r\n\r\n                                <p>- Adjustable cuffs</p>\r\n\r\n                                <p>- Double welted front pockets</p>\r\n\r\n                                <p>- Adjustable elastic string at hempen</p>\r\n\r\n                                <p>- Ultrasonically welded seams</p>\r\n\r\n                                <p>This is a unisex item, please check our clothing &amp; footwear sizing guide for specific Rains jacket sizing information. RAINS comes from the rainy nation of Denmark at the edge of the European continent, close to the ocean and with prevailing westerly winds; all factors that contribute to an average of 121 rain days each year. Arising from these rainy weather conditions comes the attitude that a quick rain shower may be beautiful, as well as moody- but first and foremost requires the right outfit. Rains focus on the whole experience of going outside on rainy days, issuing an invitation to explore even in the most mercurial weather.</p>','published','[\"products\\/product-50.jpg\",\"products\\/product-74.jpg\",\"products\\/product-76.jpg\",\"products\\/product-77.jpg\",\"products\\/product-23.jpg\",\"products\\/product-65.jpg\",\"products\\/product-11.jpg\",\"products\\/product-68.jpg\"]',NULL,'NC-127-A0',0,19,0,1,'in_stock',0,3,0,0,316,268.6,NULL,NULL,12,20,18,526,NULL,157406,'2025-05-20 14:07:34','2025-05-20 14:07:42',0,'Botble\\ACL\\Models\\User',NULL,'physical',NULL,NULL,0,0,0,0,1),(73,'Large Green Bell Pepper','<p>Short Hooded Coat features a straight body, large pockets with button flaps, ventilation air holes, and a string detail along the hemline.</p>','<p>Short Hooded Coat features a straight body, large pockets with button flaps, ventilation air holes, and a string detail along the hemline. The style is completed with a drawstring hood, featuring Rains’ signature built-in cap. Made from waterproof, matte PU, this lightweight unisex rain jacket is an ode to nostalgia through its classic silhouette and utilitarian design details.</p>\r\n                                <p>- Casual unisex fit</p>\r\n\r\n                                <p>- 64% polyester, 36% polyurethane</p>\r\n\r\n                                <p>- Water column pressure: 4000 mm</p>\r\n\r\n                                <p>- Model is 187cm tall and wearing a size S / M</p>\r\n\r\n                                <p>- Unisex fit</p>\r\n\r\n                                <p>- Drawstring hood with built-in cap</p>\r\n\r\n                                <p>- Front placket with snap buttons</p>\r\n\r\n                                <p>- Ventilation under armpit</p>\r\n\r\n                                <p>- Adjustable cuffs</p>\r\n\r\n                                <p>- Double welted front pockets</p>\r\n\r\n                                <p>- Adjustable elastic string at hempen</p>\r\n\r\n                                <p>- Ultrasonically welded seams</p>\r\n\r\n                                <p>This is a unisex item, please check our clothing &amp; footwear sizing guide for specific Rains jacket sizing information. RAINS comes from the rainy nation of Denmark at the edge of the European continent, close to the ocean and with prevailing westerly winds; all factors that contribute to an average of 121 rain days each year. Arising from these rainy weather conditions comes the attitude that a quick rain shower may be beautiful, as well as moody- but first and foremost requires the right outfit. Rains focus on the whole experience of going outside on rainy days, issuing an invitation to explore even in the most mercurial weather.</p>','published','[\"products\\/product-82.jpg\",\"products\\/product-77.jpg\",\"products\\/product-49.jpg\",\"products\\/product-32.jpg\",\"products\\/product-85.jpg\",\"products\\/product-94.jpg\",\"products\\/product-29.jpg\",\"products\\/product-72.jpg\",\"products\\/product-84.jpg\",\"products\\/product-20.jpg\",\"products\\/product-43.jpg\",\"products\\/product-11.jpg\"]',NULL,'NC-196-A0',0,20,0,1,'in_stock',0,6,0,0,457,NULL,NULL,NULL,20,16,20,721,NULL,46862,'2025-05-20 14:07:34','2025-05-20 14:07:42',0,'Botble\\ACL\\Models\\User',NULL,'digital',NULL,NULL,0,0,0,0,2),(74,'Pice 94w Beasley Journal','<p>Short Hooded Coat features a straight body, large pockets with button flaps, ventilation air holes, and a string detail along the hemline.</p>','<p>Short Hooded Coat features a straight body, large pockets with button flaps, ventilation air holes, and a string detail along the hemline. The style is completed with a drawstring hood, featuring Rains’ signature built-in cap. Made from waterproof, matte PU, this lightweight unisex rain jacket is an ode to nostalgia through its classic silhouette and utilitarian design details.</p>\r\n                                <p>- Casual unisex fit</p>\r\n\r\n                                <p>- 64% polyester, 36% polyurethane</p>\r\n\r\n                                <p>- Water column pressure: 4000 mm</p>\r\n\r\n                                <p>- Model is 187cm tall and wearing a size S / M</p>\r\n\r\n                                <p>- Unisex fit</p>\r\n\r\n                                <p>- Drawstring hood with built-in cap</p>\r\n\r\n                                <p>- Front placket with snap buttons</p>\r\n\r\n                                <p>- Ventilation under armpit</p>\r\n\r\n                                <p>- Adjustable cuffs</p>\r\n\r\n                                <p>- Double welted front pockets</p>\r\n\r\n                                <p>- Adjustable elastic string at hempen</p>\r\n\r\n                                <p>- Ultrasonically welded seams</p>\r\n\r\n                                <p>This is a unisex item, please check our clothing &amp; footwear sizing guide for specific Rains jacket sizing information. RAINS comes from the rainy nation of Denmark at the edge of the European continent, close to the ocean and with prevailing westerly winds; all factors that contribute to an average of 121 rain days each year. Arising from these rainy weather conditions comes the attitude that a quick rain shower may be beautiful, as well as moody- but first and foremost requires the right outfit. Rains focus on the whole experience of going outside on rainy days, issuing an invitation to explore even in the most mercurial weather.</p>','published','[\"products\\/product-51.jpg\",\"products\\/product-66.jpg\",\"products\\/product-35.jpg\",\"products\\/product-36.jpg\",\"products\\/product-50.jpg\",\"products\\/product-3.jpg\",\"products\\/product-27.jpg\",\"products\\/product-62.jpg\",\"products\\/product-30.jpg\",\"products\\/product-18.jpg\",\"products\\/product-61.jpg\",\"products\\/product-5.jpg\"]',NULL,'NC-147-A0',0,13,0,1,'in_stock',0,4,0,0,466,NULL,NULL,NULL,20,18,19,692,NULL,178667,'2025-05-20 14:07:34','2025-05-20 14:07:42',0,'Botble\\ACL\\Models\\User',NULL,'physical',NULL,NULL,0,0,0,0,2),(75,'Province Piece Glass Drinking Glass','<p>Short Hooded Coat features a straight body, large pockets with button flaps, ventilation air holes, and a string detail along the hemline.</p>','<p>Short Hooded Coat features a straight body, large pockets with button flaps, ventilation air holes, and a string detail along the hemline. The style is completed with a drawstring hood, featuring Rains’ signature built-in cap. Made from waterproof, matte PU, this lightweight unisex rain jacket is an ode to nostalgia through its classic silhouette and utilitarian design details.</p>\r\n                                <p>- Casual unisex fit</p>\r\n\r\n                                <p>- 64% polyester, 36% polyurethane</p>\r\n\r\n                                <p>- Water column pressure: 4000 mm</p>\r\n\r\n                                <p>- Model is 187cm tall and wearing a size S / M</p>\r\n\r\n                                <p>- Unisex fit</p>\r\n\r\n                                <p>- Drawstring hood with built-in cap</p>\r\n\r\n                                <p>- Front placket with snap buttons</p>\r\n\r\n                                <p>- Ventilation under armpit</p>\r\n\r\n                                <p>- Adjustable cuffs</p>\r\n\r\n                                <p>- Double welted front pockets</p>\r\n\r\n                                <p>- Adjustable elastic string at hempen</p>\r\n\r\n                                <p>- Ultrasonically welded seams</p>\r\n\r\n                                <p>This is a unisex item, please check our clothing &amp; footwear sizing guide for specific Rains jacket sizing information. RAINS comes from the rainy nation of Denmark at the edge of the European continent, close to the ocean and with prevailing westerly winds; all factors that contribute to an average of 121 rain days each year. Arising from these rainy weather conditions comes the attitude that a quick rain shower may be beautiful, as well as moody- but first and foremost requires the right outfit. Rains focus on the whole experience of going outside on rainy days, issuing an invitation to explore even in the most mercurial weather.</p>','published','[\"products\\/product-91.jpg\",\"products\\/product-86.jpg\",\"products\\/product-46.jpg\",\"products\\/product-79.jpg\",\"products\\/product-48.jpg\",\"products\\/product-72.jpg\",\"products\\/product-13.jpg\"]',NULL,'NC-188-A0',0,13,0,1,'in_stock',1,5,0,0,311,NULL,NULL,NULL,14,11,16,663,NULL,151713,'2025-05-20 14:07:34','2025-05-20 14:07:42',0,'Botble\\ACL\\Models\\User',NULL,'physical',NULL,NULL,0,0,0,0,2),(76,'Miko Wooden Bluetooth Speaker',NULL,NULL,'published','[\"products\\/product-49.jpg\"]',NULL,'NC-120-A0',0,20,0,1,'in_stock',0,1,1,0,430,NULL,NULL,NULL,15,14,12,550,NULL,0,'2025-05-20 14:07:34','2025-05-20 14:07:41',0,'Botble\\ACL\\Models\\User',NULL,'digital',NULL,NULL,0,0,0,0,NULL),(77,'Miko Wooden Bluetooth Speaker',NULL,NULL,'published','[\"products\\/product-1.jpg\"]',NULL,'NC-120-A0-A1',0,20,0,1,'in_stock',0,1,1,0,430,NULL,NULL,NULL,15,14,12,550,NULL,0,'2025-05-20 14:07:34','2025-05-20 14:07:41',0,'Botble\\ACL\\Models\\User',NULL,'digital',NULL,NULL,0,0,0,0,NULL),(78,'Gorgeous Wooden Gloves',NULL,NULL,'published','[\"products\\/product-62.jpg\"]',NULL,'NC-114-A0',0,15,0,1,'in_stock',0,3,1,0,369,NULL,NULL,NULL,15,10,20,504,NULL,0,'2025-05-20 14:07:34','2025-05-20 14:07:41',0,'Botble\\ACL\\Models\\User',NULL,'physical',NULL,NULL,0,0,0,0,NULL),(79,'Gorgeous Wooden Gloves',NULL,NULL,'published','[\"products\\/product-69.jpg\"]',NULL,'NC-114-A0-A1',0,15,0,1,'in_stock',0,3,1,0,369,NULL,NULL,NULL,15,10,20,504,NULL,0,'2025-05-20 14:07:34','2025-05-20 14:07:41',0,'Botble\\ACL\\Models\\User',NULL,'physical',NULL,NULL,0,0,0,0,NULL),(80,'Pinkol Enormous Granite Bottle',NULL,NULL,'published','[\"products\\/product-7.jpg\"]',NULL,'NC-122-A0',0,17,0,1,'in_stock',0,3,1,0,499,NULL,NULL,NULL,11,12,20,533,NULL,0,'2025-05-20 14:07:34','2025-05-20 14:07:41',0,'Botble\\ACL\\Models\\User',NULL,'physical',NULL,NULL,0,0,0,0,NULL),(81,'Pinkol Enormous Granite Bottle',NULL,NULL,'published','[\"products\\/product-1.jpg\"]',NULL,'NC-122-A0-A1',0,17,0,1,'in_stock',0,3,1,0,499,NULL,NULL,NULL,11,12,20,533,NULL,0,'2025-05-20 14:07:34','2025-05-20 14:07:41',0,'Botble\\ACL\\Models\\User',NULL,'physical',NULL,NULL,0,0,0,0,NULL),(82,'Gorgeous Aluminum Table',NULL,NULL,'published','[\"products\\/product-29.jpg\"]',NULL,'NC-178-A0',0,14,0,1,'in_stock',0,7,1,0,345,307.05,NULL,NULL,15,11,12,698,NULL,0,'2025-05-20 14:07:34','2025-05-20 14:07:41',0,'Botble\\ACL\\Models\\User',NULL,'physical',NULL,NULL,0,0,0,0,NULL),(83,'Gorgeous Aluminum Table',NULL,NULL,'published','[\"products\\/product-13.jpg\"]',NULL,'NC-178-A0-A1',0,14,0,1,'in_stock',0,7,1,0,345,310.5,NULL,NULL,15,11,12,698,NULL,0,'2025-05-20 14:07:34','2025-05-20 14:07:41',0,'Botble\\ACL\\Models\\User',NULL,'physical',NULL,NULL,0,0,0,0,NULL),(84,'Evo Lightweight Granite Shirt',NULL,NULL,'published','[\"products\\/product-20.jpg\"]',NULL,'NC-172-A0',0,12,0,1,'in_stock',0,4,1,0,354,NULL,NULL,NULL,17,16,14,554,NULL,0,'2025-05-20 14:07:34','2025-05-20 14:07:41',0,'Botble\\ACL\\Models\\User',NULL,'digital',NULL,NULL,0,0,0,0,NULL),(85,'CLCo. Incredible Paper Car',NULL,NULL,'published','[\"products\\/product-54.jpg\"]',NULL,'NC-149-A0',0,18,0,1,'in_stock',0,7,1,0,433,NULL,NULL,NULL,16,19,13,704,NULL,0,'2025-05-20 14:07:34','2025-05-20 14:07:41',0,'Botble\\ACL\\Models\\User',NULL,'physical',NULL,NULL,0,0,0,0,NULL),(86,'Progash Durable Granite Hat',NULL,NULL,'published','[\"products\\/product-75.jpg\"]',NULL,'NC-141-A0',0,13,0,1,'in_stock',0,1,1,0,248,NULL,NULL,NULL,19,14,18,511,NULL,0,'2025-05-20 14:07:34','2025-05-20 14:07:41',0,'Botble\\ACL\\Models\\User',NULL,'physical',NULL,NULL,0,0,0,0,NULL),(87,'Progash Durable Granite Hat',NULL,NULL,'published','[\"products\\/product-33.jpg\"]',NULL,'NC-141-A0-A1',0,13,0,1,'in_stock',0,1,1,0,248,NULL,NULL,NULL,19,14,18,511,NULL,0,'2025-05-20 14:07:34','2025-05-20 14:07:41',0,'Botble\\ACL\\Models\\User',NULL,'physical',NULL,NULL,0,0,0,0,NULL),(88,'Progash Durable Granite Hat',NULL,NULL,'published','[\"products\\/product-52.jpg\"]',NULL,'NC-141-A0-A2',0,13,0,1,'in_stock',0,1,1,0,248,NULL,NULL,NULL,19,14,18,511,NULL,0,'2025-05-20 14:07:34','2025-05-20 14:07:41',0,'Botble\\ACL\\Models\\User',NULL,'physical',NULL,NULL,0,0,0,0,NULL),(89,'Purab Enormous Miranda Bottle',NULL,NULL,'published','[\"products\\/product-73.jpg\"]',NULL,'NC-190-A0',0,13,0,1,'in_stock',0,7,1,0,481,418.47,NULL,NULL,14,19,14,715,NULL,0,'2025-05-20 14:07:34','2025-05-20 14:07:41',0,'Botble\\ACL\\Models\\User',NULL,'physical',NULL,NULL,0,0,0,0,NULL),(90,'Purab Enormous Miranda Bottle',NULL,NULL,'published','[\"products\\/product-33.jpg\"]',NULL,'NC-190-A0-A1',0,13,0,1,'in_stock',0,7,1,0,481,379.99,NULL,NULL,14,19,14,715,NULL,0,'2025-05-20 14:07:34','2025-05-20 14:07:41',0,'Botble\\ACL\\Models\\User',NULL,'physical',NULL,NULL,0,0,0,0,NULL),(91,'Miklonda Co. Crafted Candles',NULL,NULL,'published','[\"products\\/product-56.jpg\"]',NULL,'NC-106-A0',0,15,0,1,'in_stock',0,3,1,0,404,NULL,NULL,NULL,10,18,11,596,NULL,0,'2025-05-20 14:07:34','2025-05-20 14:07:41',0,'Botble\\ACL\\Models\\User',NULL,'digital',NULL,NULL,0,0,0,0,NULL),(92,'Pinkol Enormous Granite Bottle',NULL,NULL,'published','[\"products\\/product-13.jpg\"]',NULL,'NC-155-A0',0,19,0,1,'in_stock',0,7,1,0,389,NULL,NULL,NULL,18,15,15,838,NULL,0,'2025-05-20 14:07:35','2025-05-20 14:07:41',0,'Botble\\ACL\\Models\\User',NULL,'physical',NULL,NULL,0,0,0,0,NULL),(93,'Dual Camera 20MP',NULL,NULL,'published','[\"products\\/product-9.jpg\"]',NULL,'NC-171-A0',0,15,0,1,'in_stock',0,2,1,0,248,NULL,NULL,NULL,14,13,10,571,NULL,0,'2025-05-20 14:07:35','2025-05-20 14:07:41',0,'Botble\\ACL\\Models\\User',NULL,'physical',NULL,NULL,0,0,0,0,NULL),(94,'Dual Camera 20MP',NULL,NULL,'published','[\"products\\/product-93.jpg\"]',NULL,'NC-171-A0-A1',0,15,0,1,'in_stock',0,2,1,0,248,NULL,NULL,NULL,14,13,10,571,NULL,0,'2025-05-20 14:07:35','2025-05-20 14:07:41',0,'Botble\\ACL\\Models\\User',NULL,'physical',NULL,NULL,0,0,0,0,NULL),(95,'Dual Camera 20MP',NULL,NULL,'published','[\"products\\/product-32.jpg\"]',NULL,'NC-171-A0-A2',0,15,0,1,'in_stock',0,2,1,0,248,NULL,NULL,NULL,14,13,10,571,NULL,0,'2025-05-20 14:07:35','2025-05-20 14:07:41',0,'Botble\\ACL\\Models\\User',NULL,'physical',NULL,NULL,0,0,0,0,NULL),(96,'Smart Watches',NULL,NULL,'published','[\"products\\/product-33.jpg\"]',NULL,'NC-190-A0',0,18,0,1,'in_stock',0,5,1,0,494,380.38,NULL,NULL,11,12,18,862,NULL,0,'2025-05-20 14:07:35','2025-05-20 14:07:41',0,'Botble\\ACL\\Models\\User',NULL,'physical',NULL,NULL,0,0,0,0,NULL),(97,'Smart Watches',NULL,NULL,'published','[\"products\\/product-89.jpg\"]',NULL,'NC-190-A0-A1',0,18,0,1,'in_stock',0,5,1,0,494,350.74,NULL,NULL,11,12,18,862,NULL,0,'2025-05-20 14:07:35','2025-05-20 14:07:41',0,'Botble\\ACL\\Models\\User',NULL,'physical',NULL,NULL,0,0,0,0,NULL),(98,'Smart Watches',NULL,NULL,'published','[\"products\\/product-18.jpg\"]',NULL,'NC-190-A0-A2',0,18,0,1,'in_stock',0,5,1,0,494,439.66,NULL,NULL,11,12,18,862,NULL,0,'2025-05-20 14:07:35','2025-05-20 14:07:41',0,'Botble\\ACL\\Models\\User',NULL,'physical',NULL,NULL,0,0,0,0,NULL),(99,'Smart Watches',NULL,NULL,'published','[\"products\\/product-8.jpg\"]',NULL,'NC-190-A0-A3',0,18,0,1,'in_stock',0,5,1,0,494,419.9,NULL,NULL,11,12,18,862,NULL,0,'2025-05-20 14:07:35','2025-05-20 14:07:41',0,'Botble\\ACL\\Models\\User',NULL,'physical',NULL,NULL,0,0,0,0,NULL),(100,'Beat Headphone',NULL,NULL,'published','[\"products\\/product-45.jpg\"]',NULL,'NC-192-A0',0,17,0,1,'in_stock',0,3,1,0,476,NULL,NULL,NULL,18,11,18,540,NULL,0,'2025-05-20 14:07:35','2025-05-20 14:07:41',0,'Botble\\ACL\\Models\\User',NULL,'digital',NULL,NULL,0,0,0,0,NULL),(101,'Beat Headphone',NULL,NULL,'published','[\"products\\/product-78.jpg\"]',NULL,'NC-192-A0-A1',0,17,0,1,'in_stock',0,3,1,0,476,NULL,NULL,NULL,18,11,18,540,NULL,0,'2025-05-20 14:07:35','2025-05-20 14:07:41',0,'Botble\\ACL\\Models\\User',NULL,'digital',NULL,NULL,0,0,0,0,NULL),(102,'Red & Black Headphone',NULL,NULL,'published','[\"products\\/product-79.jpg\"]',NULL,'NC-152-A0',0,16,0,1,'in_stock',0,2,1,0,250,NULL,NULL,NULL,12,10,12,720,NULL,0,'2025-05-20 14:07:35','2025-05-20 14:07:41',0,'Botble\\ACL\\Models\\User',NULL,'physical',NULL,NULL,0,0,0,0,NULL),(103,'Red & Black Headphone',NULL,NULL,'published','[\"products\\/product-59.jpg\"]',NULL,'NC-152-A0-A1',0,16,0,1,'in_stock',0,2,1,0,250,NULL,NULL,NULL,12,10,12,720,NULL,0,'2025-05-20 14:07:35','2025-05-20 14:07:41',0,'Botble\\ACL\\Models\\User',NULL,'physical',NULL,NULL,0,0,0,0,NULL),(104,'Smart Watch External',NULL,NULL,'published','[\"products\\/product-23.jpg\"]',NULL,'NC-134-A0',0,18,0,1,'in_stock',0,1,1,0,321,NULL,NULL,NULL,20,20,13,565,NULL,0,'2025-05-20 14:07:35','2025-05-20 14:07:41',0,'Botble\\ACL\\Models\\User',NULL,'physical',NULL,NULL,0,0,0,0,NULL),(105,'Smart Watch External',NULL,NULL,'published','[\"products\\/product-5.jpg\"]',NULL,'NC-134-A0-A1',0,18,0,1,'in_stock',0,1,1,0,321,NULL,NULL,NULL,20,20,13,565,NULL,0,'2025-05-20 14:07:35','2025-05-20 14:07:41',0,'Botble\\ACL\\Models\\User',NULL,'physical',NULL,NULL,0,0,0,0,NULL),(106,'Smart Watch External',NULL,NULL,'published','[\"products\\/product-18.jpg\"]',NULL,'NC-134-A0-A2',0,18,0,1,'in_stock',0,1,1,0,321,NULL,NULL,NULL,20,20,13,565,NULL,0,'2025-05-20 14:07:35','2025-05-20 14:07:41',0,'Botble\\ACL\\Models\\User',NULL,'physical',NULL,NULL,0,0,0,0,NULL),(107,'Smart Watch External',NULL,NULL,'published','[\"products\\/product-88.jpg\"]',NULL,'NC-134-A0-A3',0,18,0,1,'in_stock',0,1,1,0,321,NULL,NULL,NULL,20,20,13,565,NULL,0,'2025-05-20 14:07:35','2025-05-20 14:07:41',0,'Botble\\ACL\\Models\\User',NULL,'physical',NULL,NULL,0,0,0,0,NULL),(108,'Nikon HD camera',NULL,NULL,'published','[\"products\\/product-13.jpg\"]',NULL,'NC-122-A0',0,20,0,1,'in_stock',0,2,1,0,252,204.12,NULL,NULL,18,19,16,687,NULL,0,'2025-05-20 14:07:35','2025-05-20 14:07:41',0,'Botble\\ACL\\Models\\User',NULL,'physical',NULL,NULL,0,0,0,0,NULL),(109,'Audio Equipment',NULL,NULL,'published','[\"products\\/product-25.jpg\"]',NULL,'NC-165-A0',0,13,0,1,'in_stock',0,1,1,0,453,NULL,NULL,NULL,11,16,11,672,NULL,0,'2025-05-20 14:07:35','2025-05-20 14:07:41',0,'Botble\\ACL\\Models\\User',NULL,'digital',NULL,NULL,0,0,0,0,NULL),(110,'Audio Equipment',NULL,NULL,'published','[\"products\\/product-50.jpg\"]',NULL,'NC-165-A0-A1',0,13,0,1,'in_stock',0,1,1,0,453,NULL,NULL,NULL,11,16,11,672,NULL,0,'2025-05-20 14:07:35','2025-05-20 14:07:41',0,'Botble\\ACL\\Models\\User',NULL,'digital',NULL,NULL,0,0,0,0,NULL),(111,'Audio Equipment',NULL,NULL,'published','[\"products\\/product-45.jpg\"]',NULL,'NC-165-A0-A2',0,13,0,1,'in_stock',0,1,1,0,453,NULL,NULL,NULL,11,16,11,672,NULL,0,'2025-05-20 14:07:35','2025-05-20 14:07:41',0,'Botble\\ACL\\Models\\User',NULL,'digital',NULL,NULL,0,0,0,0,NULL),(112,'Audio Equipment',NULL,NULL,'published','[\"products\\/product-33.jpg\"]',NULL,'NC-165-A0-A3',0,13,0,1,'in_stock',0,1,1,0,453,NULL,NULL,NULL,11,16,11,672,NULL,0,'2025-05-20 14:07:35','2025-05-20 14:07:41',0,'Botble\\ACL\\Models\\User',NULL,'digital',NULL,NULL,0,0,0,0,NULL),(113,'Audio Equipment',NULL,NULL,'published','[\"products\\/product-28.jpg\"]',NULL,'NC-165-A0-A4',0,13,0,1,'in_stock',0,1,1,0,453,NULL,NULL,NULL,11,16,11,672,NULL,0,'2025-05-20 14:07:35','2025-05-20 14:07:41',0,'Botble\\ACL\\Models\\User',NULL,'digital',NULL,NULL,0,0,0,0,NULL),(114,'Smart Televisions',NULL,NULL,'published','[\"products\\/product-8.jpg\"]',NULL,'NC-197-A0',0,20,0,1,'in_stock',0,3,1,0,317,NULL,NULL,NULL,13,17,11,795,NULL,0,'2025-05-20 14:07:35','2025-05-20 14:07:41',0,'Botble\\ACL\\Models\\User',NULL,'physical',NULL,NULL,0,0,0,0,NULL),(115,'Smart Televisions',NULL,NULL,'published','[\"products\\/product-27.jpg\"]',NULL,'NC-197-A0-A1',0,20,0,1,'in_stock',0,3,1,0,317,NULL,NULL,NULL,13,17,11,795,NULL,0,'2025-05-20 14:07:35','2025-05-20 14:07:41',0,'Botble\\ACL\\Models\\User',NULL,'physical',NULL,NULL,0,0,0,0,NULL),(116,'Smart Televisions',NULL,NULL,'published','[\"products\\/product-31.jpg\"]',NULL,'NC-197-A0-A2',0,20,0,1,'in_stock',0,3,1,0,317,NULL,NULL,NULL,13,17,11,795,NULL,0,'2025-05-20 14:07:35','2025-05-20 14:07:41',0,'Botble\\ACL\\Models\\User',NULL,'physical',NULL,NULL,0,0,0,0,NULL),(117,'Smart Televisions',NULL,NULL,'published','[\"products\\/product-70.jpg\"]',NULL,'NC-197-A0-A3',0,20,0,1,'in_stock',0,3,1,0,317,NULL,NULL,NULL,13,17,11,795,NULL,0,'2025-05-20 14:07:35','2025-05-20 14:07:41',0,'Botble\\ACL\\Models\\User',NULL,'physical',NULL,NULL,0,0,0,0,NULL),(118,'Samsung Smart Phone',NULL,NULL,'published','[\"products\\/product-47.jpg\"]',NULL,'NC-135-A0',0,19,0,1,'in_stock',0,4,1,0,429,NULL,NULL,NULL,20,17,15,690,NULL,0,'2025-05-20 14:07:35','2025-05-20 14:07:41',0,'Botble\\ACL\\Models\\User',NULL,'physical',NULL,NULL,0,0,0,0,NULL),(119,'Herschel Leather Duffle Bag In Brown Color',NULL,NULL,'published','[\"products\\/product-77.jpg\"]',NULL,'NC-154-A0',0,15,0,1,'in_stock',0,2,1,0,405,287.55,NULL,NULL,20,18,16,609,NULL,0,'2025-05-20 14:07:35','2025-05-20 14:07:41',0,'Botble\\ACL\\Models\\User',NULL,'physical',NULL,NULL,0,0,0,0,NULL),(120,'Herschel Leather Duffle Bag In Brown Color',NULL,NULL,'published','[\"products\\/product-2.jpg\"]',NULL,'NC-154-A0-A1',0,15,0,1,'in_stock',0,2,1,0,405,328.05,NULL,NULL,20,18,16,609,NULL,0,'2025-05-20 14:07:35','2025-05-20 14:07:41',0,'Botble\\ACL\\Models\\User',NULL,'physical',NULL,NULL,0,0,0,0,NULL),(121,'Herschel Leather Duffle Bag In Brown Color',NULL,NULL,'published','[\"products\\/product-93.jpg\"]',NULL,'NC-154-A0-A2',0,15,0,1,'in_stock',0,2,1,0,405,283.5,NULL,NULL,20,18,16,609,NULL,0,'2025-05-20 14:07:35','2025-05-20 14:07:41',0,'Botble\\ACL\\Models\\User',NULL,'physical',NULL,NULL,0,0,0,0,NULL),(122,'Xbox One Wireless Controller Black Color',NULL,NULL,'published','[\"products\\/product-94.jpg\"]',NULL,'NC-145-A0',0,16,0,1,'in_stock',0,5,1,0,241,NULL,NULL,NULL,13,17,13,800,NULL,0,'2025-05-20 14:07:35','2025-05-20 14:07:41',0,'Botble\\ACL\\Models\\User',NULL,'digital',NULL,NULL,0,0,0,0,NULL),(123,'Xbox One Wireless Controller Black Color',NULL,NULL,'published','[\"products\\/product-78.jpg\"]',NULL,'NC-145-A0-A1',0,16,0,1,'in_stock',0,5,1,0,241,NULL,NULL,NULL,13,17,13,800,NULL,0,'2025-05-20 14:07:35','2025-05-20 14:07:41',0,'Botble\\ACL\\Models\\User',NULL,'digital',NULL,NULL,0,0,0,0,NULL),(124,'Xbox One Wireless Controller Black Color',NULL,NULL,'published','[\"products\\/product-15.jpg\"]',NULL,'NC-145-A0-A2',0,16,0,1,'in_stock',0,5,1,0,241,NULL,NULL,NULL,13,17,13,800,NULL,0,'2025-05-20 14:07:36','2025-05-20 14:07:41',0,'Botble\\ACL\\Models\\User',NULL,'digital',NULL,NULL,0,0,0,0,NULL),(125,'EPSION Plaster Printer',NULL,NULL,'published','[\"products\\/product-32.jpg\"]',NULL,'NC-147-A0',0,11,0,1,'in_stock',0,4,1,0,408,NULL,NULL,NULL,20,15,18,706,NULL,0,'2025-05-20 14:07:36','2025-05-20 14:07:41',0,'Botble\\ACL\\Models\\User',NULL,'physical',NULL,NULL,0,0,0,0,NULL),(126,'EPSION Plaster Printer',NULL,NULL,'published','[\"products\\/product-50.jpg\"]',NULL,'NC-147-A0-A1',0,11,0,1,'in_stock',0,4,1,0,408,NULL,NULL,NULL,20,15,18,706,NULL,0,'2025-05-20 14:07:36','2025-05-20 14:07:41',0,'Botble\\ACL\\Models\\User',NULL,'physical',NULL,NULL,0,0,0,0,NULL),(127,'EPSION Plaster Printer',NULL,NULL,'published','[\"products\\/product-49.jpg\"]',NULL,'NC-147-A0-A2',0,11,0,1,'in_stock',0,4,1,0,408,NULL,NULL,NULL,20,15,18,706,NULL,0,'2025-05-20 14:07:36','2025-05-20 14:07:41',0,'Botble\\ACL\\Models\\User',NULL,'physical',NULL,NULL,0,0,0,0,NULL),(128,'Sound Intone I65 Earphone White Version',NULL,NULL,'published','[\"products\\/product-36.jpg\"]',NULL,'NC-170-A0',0,14,0,1,'in_stock',0,1,1,0,446,NULL,NULL,NULL,13,10,13,556,NULL,0,'2025-05-20 14:07:36','2025-05-20 14:07:41',0,'Botble\\ACL\\Models\\User',NULL,'physical',NULL,NULL,0,0,0,0,NULL),(129,'Sound Intone I65 Earphone White Version',NULL,NULL,'published','[\"products\\/product-67.jpg\"]',NULL,'NC-170-A0-A1',0,14,0,1,'in_stock',0,1,1,0,446,NULL,NULL,NULL,13,10,13,556,NULL,0,'2025-05-20 14:07:36','2025-05-20 14:07:41',0,'Botble\\ACL\\Models\\User',NULL,'physical',NULL,NULL,0,0,0,0,NULL),(130,'Sound Intone I65 Earphone White Version',NULL,NULL,'published','[\"products\\/product-72.jpg\"]',NULL,'NC-170-A0-A2',0,14,0,1,'in_stock',0,1,1,0,446,NULL,NULL,NULL,13,10,13,556,NULL,0,'2025-05-20 14:07:36','2025-05-20 14:07:41',0,'Botble\\ACL\\Models\\User',NULL,'physical',NULL,NULL,0,0,0,0,NULL),(131,'B&O Play Mini Bluetooth Speaker',NULL,NULL,'published','[\"products\\/product-11.jpg\"]',NULL,'NC-139-A0',0,14,0,1,'in_stock',0,2,1,0,356,284.8,NULL,NULL,18,13,18,585,NULL,0,'2025-05-20 14:07:36','2025-05-20 14:07:41',0,'Botble\\ACL\\Models\\User',NULL,'physical',NULL,NULL,0,0,0,0,NULL),(132,'B&O Play Mini Bluetooth Speaker',NULL,NULL,'published','[\"products\\/product-71.jpg\"]',NULL,'NC-139-A0-A1',0,14,0,1,'in_stock',0,2,1,0,356,267,NULL,NULL,18,13,18,585,NULL,0,'2025-05-20 14:07:36','2025-05-20 14:07:41',0,'Botble\\ACL\\Models\\User',NULL,'physical',NULL,NULL,0,0,0,0,NULL),(133,'B&O Play Mini Bluetooth Speaker',NULL,NULL,'published','[\"products\\/product-65.jpg\"]',NULL,'NC-139-A0-A2',0,14,0,1,'in_stock',0,2,1,0,356,270.56,NULL,NULL,18,13,18,585,NULL,0,'2025-05-20 14:07:36','2025-05-20 14:07:41',0,'Botble\\ACL\\Models\\User',NULL,'physical',NULL,NULL,0,0,0,0,NULL),(134,'B&O Play Mini Bluetooth Speaker',NULL,NULL,'published','[\"products\\/product-5.jpg\"]',NULL,'NC-139-A0-A3',0,14,0,1,'in_stock',0,2,1,0,356,263.44,NULL,NULL,18,13,18,585,NULL,0,'2025-05-20 14:07:36','2025-05-20 14:07:41',0,'Botble\\ACL\\Models\\User',NULL,'physical',NULL,NULL,0,0,0,0,NULL),(135,'Apple MacBook Air Retina 13.3-Inch Laptop',NULL,NULL,'published','[\"products\\/product-81.jpg\"]',NULL,'NC-189-A0',0,12,0,1,'in_stock',0,3,1,0,265,NULL,NULL,NULL,15,12,11,874,NULL,0,'2025-05-20 14:07:36','2025-05-20 14:07:41',0,'Botble\\ACL\\Models\\User',NULL,'digital',NULL,NULL,0,0,0,0,NULL),(136,'Apple MacBook Air Retina 13.3-Inch Laptop',NULL,NULL,'published','[\"products\\/product-86.jpg\"]',NULL,'NC-189-A0-A1',0,12,0,1,'in_stock',0,3,1,0,265,NULL,NULL,NULL,15,12,11,874,NULL,0,'2025-05-20 14:07:36','2025-05-20 14:07:41',0,'Botble\\ACL\\Models\\User',NULL,'digital',NULL,NULL,0,0,0,0,NULL),(137,'Apple MacBook Air Retina 13.3-Inch Laptop',NULL,NULL,'published','[\"products\\/product-7.jpg\"]',NULL,'NC-189-A0-A2',0,12,0,1,'in_stock',0,3,1,0,265,NULL,NULL,NULL,15,12,11,874,NULL,0,'2025-05-20 14:07:36','2025-05-20 14:07:41',0,'Botble\\ACL\\Models\\User',NULL,'digital',NULL,NULL,0,0,0,0,NULL),(138,'Apple MacBook Air Retina 13.3-Inch Laptop',NULL,NULL,'published','[\"products\\/product-23.jpg\"]',NULL,'NC-189-A0-A3',0,12,0,1,'in_stock',0,3,1,0,265,NULL,NULL,NULL,15,12,11,874,NULL,0,'2025-05-20 14:07:36','2025-05-20 14:07:41',0,'Botble\\ACL\\Models\\User',NULL,'digital',NULL,NULL,0,0,0,0,NULL),(139,'Apple MacBook Air Retina 12-Inch Laptop',NULL,NULL,'published','[\"products\\/product-66.jpg\"]',NULL,'NC-186-A0',0,12,0,1,'in_stock',0,5,1,0,227,NULL,NULL,NULL,13,16,13,831,NULL,0,'2025-05-20 14:07:36','2025-05-20 14:07:41',0,'Botble\\ACL\\Models\\User',NULL,'physical',NULL,NULL,0,0,0,0,NULL),(140,'Apple MacBook Air Retina 12-Inch Laptop',NULL,NULL,'published','[\"products\\/product-4.jpg\"]',NULL,'NC-186-A0-A1',0,12,0,1,'in_stock',0,5,1,0,227,NULL,NULL,NULL,13,16,13,831,NULL,0,'2025-05-20 14:07:36','2025-05-20 14:07:41',0,'Botble\\ACL\\Models\\User',NULL,'physical',NULL,NULL,0,0,0,0,NULL),(141,'Apple MacBook Air Retina 12-Inch Laptop',NULL,NULL,'published','[\"products\\/product-58.jpg\"]',NULL,'NC-186-A0-A2',0,12,0,1,'in_stock',0,5,1,0,227,NULL,NULL,NULL,13,16,13,831,NULL,0,'2025-05-20 14:07:36','2025-05-20 14:07:41',0,'Botble\\ACL\\Models\\User',NULL,'physical',NULL,NULL,0,0,0,0,NULL),(142,'Apple MacBook Air Retina 12-Inch Laptop',NULL,NULL,'published','[\"products\\/product-31.jpg\"]',NULL,'NC-186-A0-A3',0,12,0,1,'in_stock',0,5,1,0,227,NULL,NULL,NULL,13,16,13,831,NULL,0,'2025-05-20 14:07:36','2025-05-20 14:07:41',0,'Botble\\ACL\\Models\\User',NULL,'physical',NULL,NULL,0,0,0,0,NULL),(143,'Samsung Gear VR Virtual Reality Headset',NULL,NULL,'published','[\"products\\/product-56.jpg\"]',NULL,'NC-171-A0',0,14,0,1,'in_stock',0,6,1,0,450,NULL,NULL,NULL,16,17,10,815,NULL,0,'2025-05-20 14:07:36','2025-05-20 14:07:41',0,'Botble\\ACL\\Models\\User',NULL,'physical',NULL,NULL,0,0,0,0,NULL),(144,'Samsung Gear VR Virtual Reality Headset',NULL,NULL,'published','[\"products\\/product-79.jpg\"]',NULL,'NC-171-A0-A1',0,14,0,1,'in_stock',0,6,1,0,450,NULL,NULL,NULL,16,17,10,815,NULL,0,'2025-05-20 14:07:36','2025-05-20 14:07:41',0,'Botble\\ACL\\Models\\User',NULL,'physical',NULL,NULL,0,0,0,0,NULL),(145,'Samsung Gear VR Virtual Reality Headset',NULL,NULL,'published','[\"products\\/product-43.jpg\"]',NULL,'NC-171-A0-A2',0,14,0,1,'in_stock',0,6,1,0,450,NULL,NULL,NULL,16,17,10,815,NULL,0,'2025-05-20 14:07:36','2025-05-20 14:07:41',0,'Botble\\ACL\\Models\\User',NULL,'physical',NULL,NULL,0,0,0,0,NULL),(146,'Samsung Gear VR Virtual Reality Headset',NULL,NULL,'published','[\"products\\/product-28.jpg\"]',NULL,'NC-171-A0-A3',0,14,0,1,'in_stock',0,6,1,0,450,NULL,NULL,NULL,16,17,10,815,NULL,0,'2025-05-20 14:07:36','2025-05-20 14:07:41',0,'Botble\\ACL\\Models\\User',NULL,'physical',NULL,NULL,0,0,0,0,NULL),(147,'Aveeno Moisturizing Body Shower 450ml',NULL,NULL,'published','[\"products\\/product-32.jpg\"]',NULL,'NC-199-A0',0,15,0,1,'in_stock',0,1,1,0,234,198.9,NULL,NULL,11,12,14,551,NULL,0,'2025-05-20 14:07:36','2025-05-20 14:07:41',0,'Botble\\ACL\\Models\\User',NULL,'physical',NULL,NULL,0,0,0,0,NULL),(148,'Aveeno Moisturizing Body Shower 450ml',NULL,NULL,'published','[\"products\\/product-5.jpg\"]',NULL,'NC-199-A0-A1',0,15,0,1,'in_stock',0,1,1,0,234,201.24,NULL,NULL,11,12,14,551,NULL,0,'2025-05-20 14:07:36','2025-05-20 14:07:41',0,'Botble\\ACL\\Models\\User',NULL,'physical',NULL,NULL,0,0,0,0,NULL),(149,'Aveeno Moisturizing Body Shower 450ml',NULL,NULL,'published','[\"products\\/product-8.jpg\"]',NULL,'NC-199-A0-A2',0,15,0,1,'in_stock',0,1,1,0,234,208.26,NULL,NULL,11,12,14,551,NULL,0,'2025-05-20 14:07:36','2025-05-20 14:07:41',0,'Botble\\ACL\\Models\\User',NULL,'physical',NULL,NULL,0,0,0,0,NULL),(150,'NYX Beauty Couton Pallete Makeup 12',NULL,NULL,'published','[\"products\\/product-95.jpg\"]',NULL,'NC-155-A0',0,12,0,1,'in_stock',0,5,1,0,409,NULL,NULL,NULL,15,18,12,855,NULL,0,'2025-05-20 14:07:36','2025-05-20 14:07:41',0,'Botble\\ACL\\Models\\User',NULL,'digital',NULL,NULL,0,0,0,0,NULL),(151,'NYX Beauty Couton Pallete Makeup 12',NULL,NULL,'published','[\"products\\/product-8.jpg\"]',NULL,'NC-155-A0-A1',0,12,0,1,'in_stock',0,5,1,0,409,NULL,NULL,NULL,15,18,12,855,NULL,0,'2025-05-20 14:07:36','2025-05-20 14:07:41',0,'Botble\\ACL\\Models\\User',NULL,'digital',NULL,NULL,0,0,0,0,NULL),(152,'NYX Beauty Couton Pallete Makeup 12',NULL,NULL,'published','[\"products\\/product-41.jpg\"]',NULL,'NC-155-A0-A2',0,12,0,1,'in_stock',0,5,1,0,409,NULL,NULL,NULL,15,18,12,855,NULL,0,'2025-05-20 14:07:36','2025-05-20 14:07:41',0,'Botble\\ACL\\Models\\User',NULL,'digital',NULL,NULL,0,0,0,0,NULL),(153,'NYX Beauty Couton Pallete Makeup 12',NULL,NULL,'published','[\"products\\/product-69.jpg\"]',NULL,'NC-139-A0',0,19,0,1,'in_stock',0,6,1,0,477,NULL,NULL,NULL,11,12,20,554,NULL,0,'2025-05-20 14:07:36','2025-05-20 14:07:41',0,'Botble\\ACL\\Models\\User',NULL,'physical',NULL,NULL,0,0,0,0,NULL),(154,'NYX Beauty Couton Pallete Makeup 12',NULL,NULL,'published','[\"products\\/product-36.jpg\"]',NULL,'NC-139-A0-A1',0,19,0,1,'in_stock',0,6,1,0,477,NULL,NULL,NULL,11,12,20,554,NULL,0,'2025-05-20 14:07:36','2025-05-20 14:07:41',0,'Botble\\ACL\\Models\\User',NULL,'physical',NULL,NULL,0,0,0,0,NULL),(155,'NYX Beauty Couton Pallete Makeup 12',NULL,NULL,'published','[\"products\\/product-25.jpg\"]',NULL,'NC-139-A0-A2',0,19,0,1,'in_stock',0,6,1,0,477,NULL,NULL,NULL,11,12,20,554,NULL,0,'2025-05-20 14:07:36','2025-05-20 14:07:41',0,'Botble\\ACL\\Models\\User',NULL,'physical',NULL,NULL,0,0,0,0,NULL),(156,'MVMTH Classical Leather Watch In Black',NULL,NULL,'published','[\"products\\/product-28.jpg\"]',NULL,'NC-108-A0',0,15,0,1,'in_stock',0,6,1,0,442,NULL,NULL,NULL,15,16,12,615,NULL,0,'2025-05-20 14:07:36','2025-05-20 14:07:41',0,'Botble\\ACL\\Models\\User',NULL,'physical',NULL,NULL,0,0,0,0,NULL),(157,'MVMTH Classical Leather Watch In Black',NULL,NULL,'published','[\"products\\/product-48.jpg\"]',NULL,'NC-108-A0-A1',0,15,0,1,'in_stock',0,6,1,0,442,NULL,NULL,NULL,15,16,12,615,NULL,0,'2025-05-20 14:07:36','2025-05-20 14:07:41',0,'Botble\\ACL\\Models\\User',NULL,'physical',NULL,NULL,0,0,0,0,NULL),(158,'Baxter Care Hair Kit For Bearded Mens',NULL,NULL,'published','[\"products\\/product-13.jpg\"]',NULL,'NC-166-A0',0,10,0,1,'in_stock',0,1,1,0,337,293.19,NULL,NULL,15,14,14,665,NULL,0,'2025-05-20 14:07:36','2025-05-20 14:07:41',0,'Botble\\ACL\\Models\\User',NULL,'physical',NULL,NULL,0,0,0,0,NULL),(159,'Baxter Care Hair Kit For Bearded Mens',NULL,NULL,'published','[\"products\\/product-65.jpg\"]',NULL,'NC-166-A0-A1',0,10,0,1,'in_stock',0,1,1,0,337,279.71,NULL,NULL,15,14,14,665,NULL,0,'2025-05-20 14:07:37','2025-05-20 14:07:41',0,'Botble\\ACL\\Models\\User',NULL,'physical',NULL,NULL,0,0,0,0,NULL),(160,'Ciate Palemore Lipstick Bold Red Color',NULL,NULL,'published','[\"products\\/product-88.jpg\"]',NULL,'NC-175-A0',0,20,0,1,'in_stock',0,2,1,0,378,NULL,NULL,NULL,13,19,14,887,NULL,0,'2025-05-20 14:07:37','2025-05-20 14:07:41',0,'Botble\\ACL\\Models\\User',NULL,'digital',NULL,NULL,0,0,0,0,NULL),(161,'Vimto Squash Remix Apple 1.5 Litres',NULL,NULL,'published','[\"products\\/product-16.jpg\"]',NULL,'NC-136-A0',0,12,0,1,'in_stock',0,4,1,0,266,NULL,NULL,NULL,13,18,16,754,NULL,0,'2025-05-20 14:07:37','2025-05-20 14:07:41',0,'Botble\\ACL\\Models\\User',NULL,'physical',NULL,NULL,0,0,0,0,NULL),(162,'Vimto Squash Remix Apple 1.5 Litres',NULL,NULL,'published','[\"products\\/product-19.jpg\"]',NULL,'NC-136-A0-A1',0,12,0,1,'in_stock',0,4,1,0,266,NULL,NULL,NULL,13,18,16,754,NULL,0,'2025-05-20 14:07:37','2025-05-20 14:07:41',0,'Botble\\ACL\\Models\\User',NULL,'physical',NULL,NULL,0,0,0,0,NULL),(163,'Vimto Squash Remix Apple 1.5 Litres',NULL,NULL,'published','[\"products\\/product-78.jpg\"]',NULL,'NC-136-A0-A2',0,12,0,1,'in_stock',0,4,1,0,266,NULL,NULL,NULL,13,18,16,754,NULL,0,'2025-05-20 14:07:37','2025-05-20 14:07:41',0,'Botble\\ACL\\Models\\User',NULL,'physical',NULL,NULL,0,0,0,0,NULL),(164,'Crock Pot Slow Cooker',NULL,NULL,'published','[\"products\\/product-6.jpg\"]',NULL,'NC-181-A0',0,20,0,1,'in_stock',0,1,1,0,446,NULL,NULL,NULL,11,18,15,700,NULL,0,'2025-05-20 14:07:37','2025-05-20 14:07:41',0,'Botble\\ACL\\Models\\User',NULL,'physical',NULL,NULL,0,0,0,0,NULL),(165,'Crock Pot Slow Cooker',NULL,NULL,'published','[\"products\\/product-54.jpg\"]',NULL,'NC-181-A0-A1',0,20,0,1,'in_stock',0,1,1,0,446,NULL,NULL,NULL,11,18,15,700,NULL,0,'2025-05-20 14:07:37','2025-05-20 14:07:41',0,'Botble\\ACL\\Models\\User',NULL,'physical',NULL,NULL,0,0,0,0,NULL),(166,'Crock Pot Slow Cooker',NULL,NULL,'published','[\"products\\/product-48.jpg\"]',NULL,'NC-181-A0-A2',0,20,0,1,'in_stock',0,1,1,0,446,NULL,NULL,NULL,11,18,15,700,NULL,0,'2025-05-20 14:07:37','2025-05-20 14:07:41',0,'Botble\\ACL\\Models\\User',NULL,'physical',NULL,NULL,0,0,0,0,NULL),(167,'Crock Pot Slow Cooker',NULL,NULL,'published','[\"products\\/product-73.jpg\"]',NULL,'NC-181-A0-A3',0,20,0,1,'in_stock',0,1,1,0,446,NULL,NULL,NULL,11,18,15,700,NULL,0,'2025-05-20 14:07:37','2025-05-20 14:07:41',0,'Botble\\ACL\\Models\\User',NULL,'physical',NULL,NULL,0,0,0,0,NULL),(168,'Taylors of Harrogate Yorkshire Coffee',NULL,NULL,'published','[\"products\\/product-78.jpg\"]',NULL,'NC-115-A0',0,16,0,1,'in_stock',0,2,1,0,386,316.52,NULL,NULL,11,13,10,632,NULL,0,'2025-05-20 14:07:37','2025-05-20 14:07:41',0,'Botble\\ACL\\Models\\User',NULL,'physical',NULL,NULL,0,0,0,0,NULL),(169,'Taylors of Harrogate Yorkshire Coffee',NULL,NULL,'published','[\"products\\/product-41.jpg\"]',NULL,'NC-115-A0-A1',0,16,0,1,'in_stock',0,2,1,0,386,312.66,NULL,NULL,11,13,10,632,NULL,0,'2025-05-20 14:07:37','2025-05-20 14:07:41',0,'Botble\\ACL\\Models\\User',NULL,'physical',NULL,NULL,0,0,0,0,NULL),(170,'Taylors of Harrogate Yorkshire Coffee',NULL,NULL,'published','[\"products\\/product-37.jpg\"]',NULL,'NC-115-A0-A2',0,16,0,1,'in_stock',0,2,1,0,386,308.8,NULL,NULL,11,13,10,632,NULL,0,'2025-05-20 14:07:37','2025-05-20 14:07:41',0,'Botble\\ACL\\Models\\User',NULL,'physical',NULL,NULL,0,0,0,0,NULL),(172,'Naked Noodle Egg Noodles Singapore',NULL,NULL,'published','[\"products\\/product-6.jpg\"]',NULL,'NC-176-A0',0,18,0,1,'in_stock',0,2,1,0,442,NULL,NULL,NULL,16,16,12,629,NULL,0,'2025-05-20 14:07:37','2025-05-20 14:07:41',0,'Botble\\ACL\\Models\\User',NULL,'physical',NULL,NULL,0,0,0,0,NULL),(173,'Naked Noodle Egg Noodles Singapore',NULL,NULL,'published','[\"products\\/product-66.jpg\"]',NULL,'NC-176-A0-A1',0,18,0,1,'in_stock',0,2,1,0,442,NULL,NULL,NULL,16,16,12,629,NULL,0,'2025-05-20 14:07:37','2025-05-20 14:07:41',0,'Botble\\ACL\\Models\\User',NULL,'physical',NULL,NULL,0,0,0,0,NULL),(174,'Naked Noodle Egg Noodles Singapore',NULL,NULL,'published','[\"products\\/product-89.jpg\"]',NULL,'NC-176-A0-A2',0,18,0,1,'in_stock',0,2,1,0,442,NULL,NULL,NULL,16,16,12,629,NULL,0,'2025-05-20 14:07:37','2025-05-20 14:07:41',0,'Botble\\ACL\\Models\\User',NULL,'physical',NULL,NULL,0,0,0,0,NULL),(175,'Saute Pan Silver',NULL,NULL,'published','[\"products\\/product-9.jpg\"]',NULL,'NC-123-A0',0,17,0,1,'in_stock',0,7,1,0,224,NULL,NULL,NULL,20,13,15,891,NULL,0,'2025-05-20 14:07:37','2025-05-20 14:07:41',0,'Botble\\ACL\\Models\\User',NULL,'physical',NULL,NULL,0,0,0,0,NULL),(176,'Bar S – Classic Bun Length Franks',NULL,NULL,'published','[\"products\\/product-49.jpg\"]',NULL,'NC-191-A0',0,14,0,1,'in_stock',0,6,1,0,444,359.64,NULL,NULL,15,18,13,628,NULL,0,'2025-05-20 14:07:37','2025-05-20 14:07:41',0,'Botble\\ACL\\Models\\User',NULL,'physical',NULL,NULL,0,0,0,0,NULL),(177,'Broccoli Crowns',NULL,NULL,'published','[\"products\\/product-18.jpg\"]',NULL,'NC-187-A0',0,14,0,1,'in_stock',0,7,1,0,224,NULL,NULL,NULL,14,14,16,734,NULL,0,'2025-05-20 14:07:37','2025-05-20 14:07:41',0,'Botble\\ACL\\Models\\User',NULL,'digital',NULL,NULL,0,0,0,0,NULL),(178,'Slimming World Vegan Mac Greens',NULL,NULL,'published','[\"products\\/product-86.jpg\"]',NULL,'NC-167-A0',0,16,0,1,'in_stock',0,4,1,0,234,NULL,NULL,NULL,18,17,12,811,NULL,0,'2025-05-20 14:07:37','2025-05-20 14:07:41',0,'Botble\\ACL\\Models\\User',NULL,'physical',NULL,NULL,0,0,0,0,NULL),(179,'Häagen-Dazs Salted Caramel',NULL,NULL,'published','[\"products\\/product-46.jpg\"]',NULL,'NC-144-A0',0,15,0,1,'in_stock',0,4,1,0,228,NULL,NULL,NULL,11,12,11,884,NULL,0,'2025-05-20 14:07:37','2025-05-20 14:07:41',0,'Botble\\ACL\\Models\\User',NULL,'physical',NULL,NULL,0,0,0,0,NULL),(180,'Häagen-Dazs Salted Caramel',NULL,NULL,'published','[\"products\\/product-30.jpg\"]',NULL,'NC-144-A0-A1',0,15,0,1,'in_stock',0,4,1,0,228,NULL,NULL,NULL,11,12,11,884,NULL,0,'2025-05-20 14:07:37','2025-05-20 14:07:41',0,'Botble\\ACL\\Models\\User',NULL,'physical',NULL,NULL,0,0,0,0,NULL),(181,'Iceland 3 Solo Exotic Burst',NULL,NULL,'published','[\"products\\/product-64.jpg\"]',NULL,'NC-181-A0',0,13,0,1,'in_stock',0,4,1,0,235,183.3,NULL,NULL,20,18,14,622,NULL,0,'2025-05-20 14:07:37','2025-05-20 14:07:41',0,'Botble\\ACL\\Models\\User',NULL,'physical',NULL,NULL,0,0,0,0,NULL),(182,'Iceland 3 Solo Exotic Burst',NULL,NULL,'published','[\"products\\/product-31.jpg\"]',NULL,'NC-181-A0-A1',0,13,0,1,'in_stock',0,4,1,0,235,169.2,NULL,NULL,20,18,14,622,NULL,0,'2025-05-20 14:07:37','2025-05-20 14:07:41',0,'Botble\\ACL\\Models\\User',NULL,'physical',NULL,NULL,0,0,0,0,NULL),(183,'Iceland 3 Solo Exotic Burst',NULL,NULL,'published','[\"products\\/product-14.jpg\"]',NULL,'NC-181-A0-A2',0,13,0,1,'in_stock',0,4,1,0,235,190.35,NULL,NULL,20,18,14,622,NULL,0,'2025-05-20 14:07:37','2025-05-20 14:07:41',0,'Botble\\ACL\\Models\\User',NULL,'physical',NULL,NULL,0,0,0,0,NULL),(184,'Extreme Budweiser Light Can',NULL,NULL,'published','[\"products\\/product-95.jpg\"]',NULL,'NC-151-A0',0,18,0,1,'in_stock',0,6,1,0,244,NULL,NULL,NULL,11,10,12,717,NULL,0,'2025-05-20 14:07:37','2025-05-20 14:07:41',0,'Botble\\ACL\\Models\\User',NULL,'digital',NULL,NULL,0,0,0,0,NULL),(185,'Extreme Budweiser Light Can',NULL,NULL,'published','[\"products\\/product-86.jpg\"]',NULL,'NC-151-A0-A1',0,18,0,1,'in_stock',0,6,1,0,244,NULL,NULL,NULL,11,10,12,717,NULL,0,'2025-05-20 14:07:37','2025-05-20 14:07:41',0,'Botble\\ACL\\Models\\User',NULL,'digital',NULL,NULL,0,0,0,0,NULL),(186,'Extreme Budweiser Light Can',NULL,NULL,'published','[\"products\\/product-16.jpg\"]',NULL,'NC-151-A0-A2',0,18,0,1,'in_stock',0,6,1,0,244,NULL,NULL,NULL,11,10,12,717,NULL,0,'2025-05-20 14:07:37','2025-05-20 14:07:41',0,'Botble\\ACL\\Models\\User',NULL,'digital',NULL,NULL,0,0,0,0,NULL),(189,'Dolmio Bolognese Pasta Sauce',NULL,NULL,'published','[\"products\\/product-14.jpg\"]',NULL,'NC-139-A0',0,11,0,1,'in_stock',0,5,1,0,361,NULL,NULL,NULL,19,11,17,886,NULL,0,'2025-05-20 14:07:38','2025-05-20 14:07:41',0,'Botble\\ACL\\Models\\User',NULL,'physical',NULL,NULL,0,0,0,0,NULL),(190,'Dolmio Bolognese Pasta Sauce',NULL,NULL,'published','[\"products\\/product-6.jpg\"]',NULL,'NC-139-A0-A1',0,11,0,1,'in_stock',0,5,1,0,361,NULL,NULL,NULL,19,11,17,886,NULL,0,'2025-05-20 14:07:38','2025-05-20 14:07:41',0,'Botble\\ACL\\Models\\User',NULL,'physical',NULL,NULL,0,0,0,0,NULL),(193,'Wayfair Basics Dinner Plate Storage',NULL,NULL,'published','[\"products\\/product-23.jpg\"]',NULL,'NC-112-A0',0,20,0,1,'in_stock',0,2,1,0,449,NULL,NULL,NULL,12,16,15,809,NULL,0,'2025-05-20 14:07:38','2025-05-20 14:07:41',0,'Botble\\ACL\\Models\\User',NULL,'digital',NULL,NULL,0,0,0,0,NULL),(194,'Wayfair Basics Dinner Plate Storage',NULL,NULL,'published','[\"products\\/product-42.jpg\"]',NULL,'NC-112-A0-A1',0,20,0,1,'in_stock',0,2,1,0,449,NULL,NULL,NULL,12,16,15,809,NULL,0,'2025-05-20 14:07:38','2025-05-20 14:07:41',0,'Botble\\ACL\\Models\\User',NULL,'digital',NULL,NULL,0,0,0,0,NULL),(195,'Wayfair Basics Dinner Plate Storage',NULL,NULL,'published','[\"products\\/product-50.jpg\"]',NULL,'NC-112-A0-A2',0,20,0,1,'in_stock',0,2,1,0,449,NULL,NULL,NULL,12,16,15,809,NULL,0,'2025-05-20 14:07:38','2025-05-20 14:07:41',0,'Botble\\ACL\\Models\\User',NULL,'digital',NULL,NULL,0,0,0,0,NULL),(200,'Sesame Seed Bread',NULL,NULL,'published','[\"products\\/product-46.jpg\"]',NULL,'NC-157-A0',0,16,0,1,'in_stock',0,4,1,0,327,NULL,NULL,NULL,13,15,18,781,NULL,0,'2025-05-20 14:07:38','2025-05-20 14:07:41',0,'Botble\\ACL\\Models\\User',NULL,'physical',NULL,NULL,0,0,0,0,NULL),(201,'Morrisons The Best Beef',NULL,NULL,'published','[\"products\\/product-12.jpg\"]',NULL,'NC-150-A0',0,12,0,1,'in_stock',0,3,1,0,424,343.44,NULL,NULL,20,12,12,893,NULL,0,'2025-05-20 14:07:38','2025-05-20 14:07:41',0,'Botble\\ACL\\Models\\User',NULL,'physical',NULL,NULL,0,0,0,0,NULL),(202,'Morrisons The Best Beef',NULL,NULL,'published','[\"products\\/product-87.jpg\"]',NULL,'NC-150-A0-A1',0,12,0,1,'in_stock',0,3,1,0,424,377.36,NULL,NULL,20,12,12,893,NULL,0,'2025-05-20 14:07:38','2025-05-20 14:07:41',0,'Botble\\ACL\\Models\\User',NULL,'physical',NULL,NULL,0,0,0,0,NULL),(203,'Morrisons The Best Beef',NULL,NULL,'published','[\"products\\/product-51.jpg\"]',NULL,'NC-150-A0-A2',0,12,0,1,'in_stock',0,3,1,0,424,322.24,NULL,NULL,20,12,12,893,NULL,0,'2025-05-20 14:07:38','2025-05-20 14:07:41',0,'Botble\\ACL\\Models\\User',NULL,'physical',NULL,NULL,0,0,0,0,NULL),(204,'Avocado, Hass Large',NULL,NULL,'published','[\"products\\/product-1.jpg\"]',NULL,'NC-188-A0',0,18,0,1,'in_stock',0,6,1,0,333,NULL,NULL,NULL,12,20,14,539,NULL,0,'2025-05-20 14:07:38','2025-05-20 14:07:41',0,'Botble\\ACL\\Models\\User',NULL,'digital',NULL,NULL,0,0,0,0,NULL),(205,'Avocado, Hass Large',NULL,NULL,'published','[\"products\\/product-49.jpg\"]',NULL,'NC-188-A0-A1',0,18,0,1,'in_stock',0,6,1,0,333,NULL,NULL,NULL,12,20,14,539,NULL,0,'2025-05-20 14:07:38','2025-05-20 14:07:41',0,'Botble\\ACL\\Models\\User',NULL,'digital',NULL,NULL,0,0,0,0,NULL),(206,'Italia Beef Lasagne',NULL,NULL,'published','[\"products\\/product-53.jpg\"]',NULL,'NC-101-A0',0,17,0,1,'in_stock',0,4,1,0,349,NULL,NULL,NULL,17,13,15,662,NULL,0,'2025-05-20 14:07:38','2025-05-20 14:07:41',0,'Botble\\ACL\\Models\\User',NULL,'physical',NULL,NULL,0,0,0,0,NULL),(207,'Italia Beef Lasagne',NULL,NULL,'published','[\"products\\/product-65.jpg\"]',NULL,'NC-101-A0-A1',0,17,0,1,'in_stock',0,4,1,0,349,NULL,NULL,NULL,17,13,15,662,NULL,0,'2025-05-20 14:07:38','2025-05-20 14:07:41',0,'Botble\\ACL\\Models\\User',NULL,'physical',NULL,NULL,0,0,0,0,NULL),(208,'Italia Beef Lasagne',NULL,NULL,'published','[\"products\\/product-86.jpg\"]',NULL,'NC-101-A0-A2',0,17,0,1,'in_stock',0,4,1,0,349,NULL,NULL,NULL,17,13,15,662,NULL,0,'2025-05-20 14:07:38','2025-05-20 14:07:41',0,'Botble\\ACL\\Models\\User',NULL,'physical',NULL,NULL,0,0,0,0,NULL),(209,'Italia Beef Lasagne',NULL,NULL,'published','[\"products\\/product-81.jpg\"]',NULL,'NC-101-A0-A3',0,17,0,1,'in_stock',0,4,1,0,349,NULL,NULL,NULL,17,13,15,662,NULL,0,'2025-05-20 14:07:38','2025-05-20 14:07:41',0,'Botble\\ACL\\Models\\User',NULL,'physical',NULL,NULL,0,0,0,0,NULL),(210,'Italia Beef Lasagne',NULL,NULL,'published','[\"products\\/product-2.jpg\"]',NULL,'NC-101-A0-A4',0,17,0,1,'in_stock',0,4,1,0,349,NULL,NULL,NULL,17,13,15,662,NULL,0,'2025-05-20 14:07:38','2025-05-20 14:07:41',0,'Botble\\ACL\\Models\\User',NULL,'physical',NULL,NULL,0,0,0,0,NULL),(211,'Maxwell House Classic Roast Mocha',NULL,NULL,'published','[\"products\\/product-24.jpg\"]',NULL,'NC-130-A0',0,19,0,1,'in_stock',0,1,1,0,329,NULL,NULL,NULL,16,14,17,621,NULL,0,'2025-05-20 14:07:38','2025-05-20 14:07:41',0,'Botble\\ACL\\Models\\User',NULL,'physical',NULL,NULL,0,0,0,0,NULL),(212,'Maxwell House Classic Roast Mocha',NULL,NULL,'published','[\"products\\/product-77.jpg\"]',NULL,'NC-130-A0-A1',0,19,0,1,'in_stock',0,1,1,0,329,NULL,NULL,NULL,16,14,17,621,NULL,0,'2025-05-20 14:07:38','2025-05-20 14:07:41',0,'Botble\\ACL\\Models\\User',NULL,'physical',NULL,NULL,0,0,0,0,NULL),(213,'Maxwell House Classic Roast Mocha',NULL,NULL,'published','[\"products\\/product-35.jpg\"]',NULL,'NC-130-A0-A2',0,19,0,1,'in_stock',0,1,1,0,329,NULL,NULL,NULL,16,14,17,621,NULL,0,'2025-05-20 14:07:38','2025-05-20 14:07:41',0,'Botble\\ACL\\Models\\User',NULL,'physical',NULL,NULL,0,0,0,0,NULL),(214,'Maxwell House Classic Roast Mocha',NULL,NULL,'published','[\"products\\/product-22.jpg\"]',NULL,'NC-130-A0-A3',0,19,0,1,'in_stock',0,1,1,0,329,NULL,NULL,NULL,16,14,17,621,NULL,0,'2025-05-20 14:07:38','2025-05-20 14:07:41',0,'Botble\\ACL\\Models\\User',NULL,'physical',NULL,NULL,0,0,0,0,NULL),(215,'Maxwell House Classic Roast Mocha',NULL,NULL,'published','[\"products\\/product-57.jpg\"]',NULL,'NC-130-A0-A4',0,19,0,1,'in_stock',0,1,1,0,329,NULL,NULL,NULL,16,14,17,621,NULL,0,'2025-05-20 14:07:38','2025-05-20 14:07:41',0,'Botble\\ACL\\Models\\User',NULL,'physical',NULL,NULL,0,0,0,0,NULL),(216,'Bottled Pure Water 500ml',NULL,NULL,'published','[\"products\\/product-79.jpg\"]',NULL,'NC-151-A0',0,16,0,1,'in_stock',0,3,1,0,297,216.81,NULL,NULL,16,15,16,676,NULL,0,'2025-05-20 14:07:38','2025-05-20 14:07:41',0,'Botble\\ACL\\Models\\User',NULL,'physical',NULL,NULL,0,0,0,0,NULL),(217,'Bottled Pure Water 500ml',NULL,NULL,'published','[\"products\\/product-8.jpg\"]',NULL,'NC-151-A0-A1',0,16,0,1,'in_stock',0,3,1,0,297,252.45,NULL,NULL,16,15,16,676,NULL,0,'2025-05-20 14:07:38','2025-05-20 14:07:41',0,'Botble\\ACL\\Models\\User',NULL,'physical',NULL,NULL,0,0,0,0,NULL),(218,'Bottled Pure Water 500ml',NULL,NULL,'published','[\"products\\/product-54.jpg\"]',NULL,'NC-151-A0-A2',0,16,0,1,'in_stock',0,3,1,0,297,240.57,NULL,NULL,16,15,16,676,NULL,0,'2025-05-20 14:07:38','2025-05-20 14:07:41',0,'Botble\\ACL\\Models\\User',NULL,'physical',NULL,NULL,0,0,0,0,NULL),(219,'Bottled Pure Water 500ml',NULL,NULL,'published','[\"products\\/product-26.jpg\"]',NULL,'NC-151-A0-A3',0,16,0,1,'in_stock',0,3,1,0,297,264.33,NULL,NULL,16,15,16,676,NULL,0,'2025-05-20 14:07:38','2025-05-20 14:07:41',0,'Botble\\ACL\\Models\\User',NULL,'physical',NULL,NULL,0,0,0,0,NULL),(220,'Famart Farmhouse Soft White',NULL,NULL,'published','[\"products\\/product-33.jpg\"]',NULL,'NC-112-A0',0,19,0,1,'in_stock',0,7,1,0,276,NULL,NULL,NULL,11,16,19,880,NULL,0,'2025-05-20 14:07:38','2025-05-20 14:07:41',0,'Botble\\ACL\\Models\\User',NULL,'digital',NULL,NULL,0,0,0,0,NULL),(221,'Famart Farmhouse Soft White',NULL,NULL,'published','[\"products\\/product-68.jpg\"]',NULL,'NC-112-A0-A1',0,19,0,1,'in_stock',0,7,1,0,276,NULL,NULL,NULL,11,16,19,880,NULL,0,'2025-05-20 14:07:39','2025-05-20 14:07:41',0,'Botble\\ACL\\Models\\User',NULL,'digital',NULL,NULL,0,0,0,0,NULL),(222,'Coca-Cola Original Taste',NULL,NULL,'published','[\"products\\/product-33.jpg\"]',NULL,'NC-106-A0',0,13,0,1,'in_stock',0,4,1,0,255,NULL,NULL,NULL,20,20,19,535,NULL,0,'2025-05-20 14:07:39','2025-05-20 14:07:41',0,'Botble\\ACL\\Models\\User',NULL,'physical',NULL,NULL,0,0,0,0,NULL),(223,'Casillero Diablo Cabernet Sauvignon',NULL,NULL,'published','[\"products\\/product-78.jpg\"]',NULL,'NC-106-A0',0,11,0,1,'in_stock',0,6,1,0,370,NULL,NULL,NULL,10,11,12,599,NULL,0,'2025-05-20 14:07:39','2025-05-20 14:07:41',0,'Botble\\ACL\\Models\\User',NULL,'physical',NULL,NULL,0,0,0,0,NULL),(224,'Casillero Diablo Cabernet Sauvignon',NULL,NULL,'published','[\"products\\/product-13.jpg\"]',NULL,'NC-106-A0-A1',0,11,0,1,'in_stock',0,6,1,0,370,NULL,NULL,NULL,10,11,12,599,NULL,0,'2025-05-20 14:07:39','2025-05-20 14:07:41',0,'Botble\\ACL\\Models\\User',NULL,'physical',NULL,NULL,0,0,0,0,NULL),(225,'Arla Organic Free Range Milk',NULL,NULL,'published','[\"products\\/product-37.jpg\"]',NULL,'NC-122-A0',0,20,0,1,'in_stock',0,3,1,0,390,347.1,NULL,NULL,13,10,11,889,NULL,0,'2025-05-20 14:07:39','2025-05-20 14:07:41',0,'Botble\\ACL\\Models\\User',NULL,'physical',NULL,NULL,0,0,0,0,NULL),(226,'Arla Organic Free Range Milk',NULL,NULL,'published','[\"products\\/product-83.jpg\"]',NULL,'NC-122-A0-A1',0,20,0,1,'in_stock',0,3,1,0,390,343.2,NULL,NULL,13,10,11,889,NULL,0,'2025-05-20 14:07:39','2025-05-20 14:07:41',0,'Botble\\ACL\\Models\\User',NULL,'physical',NULL,NULL,0,0,0,0,NULL),(227,'Aptamil Follow On Baby Milk',NULL,NULL,'published','[\"products\\/product-79.jpg\"]',NULL,'NC-132-A0',0,16,0,1,'in_stock',0,7,1,0,365,NULL,NULL,NULL,17,17,16,650,NULL,0,'2025-05-20 14:07:39','2025-05-20 14:07:41',0,'Botble\\ACL\\Models\\User',NULL,'digital',NULL,NULL,0,0,0,0,NULL),(228,'Aptamil Follow On Baby Milk',NULL,NULL,'published','[\"products\\/product-5.jpg\"]',NULL,'NC-132-A0-A1',0,16,0,1,'in_stock',0,7,1,0,365,NULL,NULL,NULL,17,17,16,650,NULL,0,'2025-05-20 14:07:39','2025-05-20 14:07:41',0,'Botble\\ACL\\Models\\User',NULL,'digital',NULL,NULL,0,0,0,0,NULL),(229,'Aptamil Follow On Baby Milk',NULL,NULL,'published','[\"products\\/product-35.jpg\"]',NULL,'NC-132-A0-A2',0,16,0,1,'in_stock',0,7,1,0,365,NULL,NULL,NULL,17,17,16,650,NULL,0,'2025-05-20 14:07:39','2025-05-20 14:07:41',0,'Botble\\ACL\\Models\\User',NULL,'digital',NULL,NULL,0,0,0,0,NULL),(230,'Cuisinart Chef’S Classic Hard-Anodized',NULL,NULL,'published','[\"products\\/product-31.jpg\"]',NULL,'NC-161-A0',0,17,0,1,'in_stock',0,2,1,0,500,NULL,NULL,NULL,16,20,14,846,NULL,0,'2025-05-20 14:07:39','2025-05-20 14:07:41',0,'Botble\\ACL\\Models\\User',NULL,'physical',NULL,NULL,0,0,0,0,NULL),(231,'Corn, Yellow Sweet',NULL,NULL,'published','[\"products\\/product-66.jpg\"]',NULL,'NC-176-A0',0,15,0,1,'in_stock',0,2,1,0,371,NULL,NULL,NULL,10,12,11,896,NULL,0,'2025-05-20 14:07:39','2025-05-20 14:07:41',0,'Botble\\ACL\\Models\\User',NULL,'physical',NULL,NULL,0,0,0,0,NULL),(232,'Corn, Yellow Sweet',NULL,NULL,'published','[\"products\\/product-27.jpg\"]',NULL,'NC-176-A0-A1',0,15,0,1,'in_stock',0,2,1,0,371,NULL,NULL,NULL,10,12,11,896,NULL,0,'2025-05-20 14:07:39','2025-05-20 14:07:41',0,'Botble\\ACL\\Models\\User',NULL,'physical',NULL,NULL,0,0,0,0,NULL),(233,'Hobnobs The Nobbly Biscuit',NULL,NULL,'published','[\"products\\/product-8.jpg\"]',NULL,'NC-147-A0',0,12,0,1,'in_stock',0,5,1,0,473,420.97,NULL,NULL,19,14,15,791,NULL,0,'2025-05-20 14:07:39','2025-05-20 14:07:42',0,'Botble\\ACL\\Models\\User',NULL,'physical',NULL,NULL,0,0,0,0,NULL),(234,'Hobnobs The Nobbly Biscuit',NULL,NULL,'published','[\"products\\/product-77.jpg\"]',NULL,'NC-147-A0-A1',0,12,0,1,'in_stock',0,5,1,0,473,392.59,NULL,NULL,19,14,15,791,NULL,0,'2025-05-20 14:07:39','2025-05-20 14:07:42',0,'Botble\\ACL\\Models\\User',NULL,'physical',NULL,NULL,0,0,0,0,NULL),(235,'Hobnobs The Nobbly Biscuit',NULL,NULL,'published','[\"products\\/product-40.jpg\"]',NULL,'NC-147-A0-A2',0,12,0,1,'in_stock',0,5,1,0,473,425.7,NULL,NULL,19,14,15,791,NULL,0,'2025-05-20 14:07:39','2025-05-20 14:07:42',0,'Botble\\ACL\\Models\\User',NULL,'physical',NULL,NULL,0,0,0,0,NULL),(236,'Hobnobs The Nobbly Biscuit',NULL,NULL,'published','[\"products\\/product-22.jpg\"]',NULL,'NC-147-A0-A3',0,12,0,1,'in_stock',0,5,1,0,473,416.24,NULL,NULL,19,14,15,791,NULL,0,'2025-05-20 14:07:39','2025-05-20 14:07:42',0,'Botble\\ACL\\Models\\User',NULL,'physical',NULL,NULL,0,0,0,0,NULL),(237,'Honest Organic Still Lemonade',NULL,NULL,'published','[\"products\\/product-30.jpg\"]',NULL,'NC-143-A0',0,19,0,1,'in_stock',0,5,1,0,301,NULL,NULL,NULL,13,13,18,754,NULL,0,'2025-05-20 14:07:39','2025-05-20 14:07:42',0,'Botble\\ACL\\Models\\User',NULL,'digital',NULL,NULL,0,0,0,0,NULL),(238,'Honest Organic Still Lemonade',NULL,NULL,'published','[\"products\\/product-88.jpg\"]',NULL,'NC-143-A0-A1',0,19,0,1,'in_stock',0,5,1,0,301,NULL,NULL,NULL,13,13,18,754,NULL,0,'2025-05-20 14:07:39','2025-05-20 14:07:42',0,'Botble\\ACL\\Models\\User',NULL,'digital',NULL,NULL,0,0,0,0,NULL),(239,'Honest Organic Still Lemonade',NULL,NULL,'published','[\"products\\/product-40.jpg\"]',NULL,'NC-143-A0-A2',0,19,0,1,'in_stock',0,5,1,0,301,NULL,NULL,NULL,13,13,18,754,NULL,0,'2025-05-20 14:07:39','2025-05-20 14:07:42',0,'Botble\\ACL\\Models\\User',NULL,'digital',NULL,NULL,0,0,0,0,NULL),(240,'Honest Organic Still Lemonade',NULL,NULL,'published','[\"products\\/product-16.jpg\"]',NULL,'NC-143-A0-A3',0,19,0,1,'in_stock',0,5,1,0,301,NULL,NULL,NULL,13,13,18,754,NULL,0,'2025-05-20 14:07:39','2025-05-20 14:07:42',0,'Botble\\ACL\\Models\\User',NULL,'digital',NULL,NULL,0,0,0,0,NULL),(241,'Ice Beck’s Beer 350ml x 24 Pieces',NULL,NULL,'published','[\"products\\/product-5.jpg\"]',NULL,'NC-179-A0',0,16,0,1,'in_stock',0,4,1,0,262,NULL,NULL,NULL,18,15,13,566,NULL,0,'2025-05-20 14:07:39','2025-05-20 14:07:42',0,'Botble\\ACL\\Models\\User',NULL,'physical',NULL,NULL,0,0,0,0,NULL),(242,'Ice Beck’s Beer 350ml x 24 Pieces',NULL,NULL,'published','[\"products\\/product-37.jpg\"]',NULL,'NC-179-A0-A1',0,16,0,1,'in_stock',0,4,1,0,262,NULL,NULL,NULL,18,15,13,566,NULL,0,'2025-05-20 14:07:39','2025-05-20 14:07:42',0,'Botble\\ACL\\Models\\User',NULL,'physical',NULL,NULL,0,0,0,0,NULL),(243,'Iceland 6 Hot Cross Buns',NULL,NULL,'published','[\"products\\/product-82.jpg\"]',NULL,'NC-171-A0',0,16,0,1,'in_stock',0,3,1,0,314,NULL,NULL,NULL,14,18,15,619,NULL,0,'2025-05-20 14:07:39','2025-05-20 14:07:42',0,'Botble\\ACL\\Models\\User',NULL,'physical',NULL,NULL,0,0,0,0,NULL),(244,'Iceland 6 Hot Cross Buns',NULL,NULL,'published','[\"products\\/product-67.jpg\"]',NULL,'NC-171-A0-A1',0,16,0,1,'in_stock',0,3,1,0,314,NULL,NULL,NULL,14,18,15,619,NULL,0,'2025-05-20 14:07:39','2025-05-20 14:07:42',0,'Botble\\ACL\\Models\\User',NULL,'physical',NULL,NULL,0,0,0,0,NULL),(245,'Iceland Luxury 4 Panini Rolls',NULL,NULL,'published','[\"products\\/product-49.jpg\"]',NULL,'NC-110-A0',0,13,0,1,'in_stock',0,6,1,0,415,290.5,NULL,NULL,14,18,13,670,NULL,0,'2025-05-20 14:07:39','2025-05-20 14:07:42',0,'Botble\\ACL\\Models\\User',NULL,'physical',NULL,NULL,0,0,0,0,NULL),(246,'Iceland Luxury 4 Panini Rolls',NULL,NULL,'published','[\"products\\/product-89.jpg\"]',NULL,'NC-110-A0-A1',0,13,0,1,'in_stock',0,6,1,0,415,298.8,NULL,NULL,14,18,13,670,NULL,0,'2025-05-20 14:07:40','2025-05-20 14:07:42',0,'Botble\\ACL\\Models\\User',NULL,'physical',NULL,NULL,0,0,0,0,NULL),(247,'Iceland Luxury 4 Panini Rolls',NULL,NULL,'published','[\"products\\/product-40.jpg\"]',NULL,'NC-110-A0-A2',0,13,0,1,'in_stock',0,6,1,0,415,356.9,NULL,NULL,14,18,13,670,NULL,0,'2025-05-20 14:07:40','2025-05-20 14:07:42',0,'Botble\\ACL\\Models\\User',NULL,'physical',NULL,NULL,0,0,0,0,NULL),(248,'Iceland Luxury 4 Panini Rolls',NULL,NULL,'published','[\"products\\/product-32.jpg\"]',NULL,'NC-110-A0-A3',0,13,0,1,'in_stock',0,6,1,0,415,302.95,NULL,NULL,14,18,13,670,NULL,0,'2025-05-20 14:07:40','2025-05-20 14:07:42',0,'Botble\\ACL\\Models\\User',NULL,'physical',NULL,NULL,0,0,0,0,NULL),(249,'Iceland Soft Scoop Vanilla',NULL,NULL,'published','[\"products\\/product-53.jpg\"]',NULL,'NC-173-A0',0,18,0,1,'in_stock',0,1,1,0,332,NULL,NULL,NULL,20,12,20,826,NULL,0,'2025-05-20 14:07:40','2025-05-20 14:07:42',0,'Botble\\ACL\\Models\\User',NULL,'digital',NULL,NULL,0,0,0,0,NULL),(250,'Iceland Soft Scoop Vanilla',NULL,NULL,'published','[\"products\\/product-73.jpg\"]',NULL,'NC-173-A0-A1',0,18,0,1,'in_stock',0,1,1,0,332,NULL,NULL,NULL,20,12,20,826,NULL,0,'2025-05-20 14:07:40','2025-05-20 14:07:42',0,'Botble\\ACL\\Models\\User',NULL,'digital',NULL,NULL,0,0,0,0,NULL),(251,'Iceland Soft Scoop Vanilla',NULL,NULL,'published','[\"products\\/product-63.jpg\"]',NULL,'NC-173-A0-A2',0,18,0,1,'in_stock',0,1,1,0,332,NULL,NULL,NULL,20,12,20,826,NULL,0,'2025-05-20 14:07:40','2025-05-20 14:07:42',0,'Botble\\ACL\\Models\\User',NULL,'digital',NULL,NULL,0,0,0,0,NULL),(252,'Iceland Soft Scoop Vanilla',NULL,NULL,'published','[\"products\\/product-29.jpg\"]',NULL,'NC-173-A0-A3',0,18,0,1,'in_stock',0,1,1,0,332,NULL,NULL,NULL,20,12,20,826,NULL,0,'2025-05-20 14:07:40','2025-05-20 14:07:42',0,'Botble\\ACL\\Models\\User',NULL,'digital',NULL,NULL,0,0,0,0,NULL),(253,'Iceland Spaghetti Bolognese',NULL,NULL,'published','[\"products\\/product-4.jpg\"]',NULL,'NC-183-A0',0,18,0,1,'in_stock',0,2,1,0,443,NULL,NULL,NULL,16,19,19,504,NULL,0,'2025-05-20 14:07:40','2025-05-20 14:07:42',0,'Botble\\ACL\\Models\\User',NULL,'physical',NULL,NULL,0,0,0,0,NULL),(254,'Iceland Spaghetti Bolognese',NULL,NULL,'published','[\"products\\/product-8.jpg\"]',NULL,'NC-183-A0-A1',0,18,0,1,'in_stock',0,2,1,0,443,NULL,NULL,NULL,16,19,19,504,NULL,0,'2025-05-20 14:07:40','2025-05-20 14:07:42',0,'Botble\\ACL\\Models\\User',NULL,'physical',NULL,NULL,0,0,0,0,NULL),(255,'Iceland Spaghetti Bolognese',NULL,NULL,'published','[\"products\\/product-95.jpg\"]',NULL,'NC-183-A0-A2',0,18,0,1,'in_stock',0,2,1,0,443,NULL,NULL,NULL,16,19,19,504,NULL,0,'2025-05-20 14:07:40','2025-05-20 14:07:42',0,'Botble\\ACL\\Models\\User',NULL,'physical',NULL,NULL,0,0,0,0,NULL),(256,'Kellogg’s Coco Pops Cereal',NULL,NULL,'published','[\"products\\/product-54.jpg\"]',NULL,'NC-136-A0',0,19,0,1,'in_stock',0,3,1,0,289,NULL,NULL,NULL,14,11,10,519,NULL,0,'2025-05-20 14:07:40','2025-05-20 14:07:42',0,'Botble\\ACL\\Models\\User',NULL,'physical',NULL,NULL,0,0,0,0,NULL),(257,'Kellogg’s Coco Pops Cereal',NULL,NULL,'published','[\"products\\/product-6.jpg\"]',NULL,'NC-136-A0-A1',0,19,0,1,'in_stock',0,3,1,0,289,NULL,NULL,NULL,14,11,10,519,NULL,0,'2025-05-20 14:07:40','2025-05-20 14:07:42',0,'Botble\\ACL\\Models\\User',NULL,'physical',NULL,NULL,0,0,0,0,NULL),(258,'Kit Kat Chunky Milk Chocolate',NULL,NULL,'published','[\"products\\/product-50.jpg\"]',NULL,'NC-127-A0',0,19,0,1,'in_stock',0,3,1,0,316,268.6,NULL,NULL,12,20,18,526,NULL,0,'2025-05-20 14:07:40','2025-05-20 14:07:42',0,'Botble\\ACL\\Models\\User',NULL,'physical',NULL,NULL,0,0,0,0,NULL),(259,'Large Green Bell Pepper',NULL,NULL,'published','[\"products\\/product-82.jpg\"]',NULL,'NC-196-A0',0,20,0,1,'in_stock',0,6,1,0,457,NULL,NULL,NULL,20,16,20,721,NULL,0,'2025-05-20 14:07:40','2025-05-20 14:07:42',0,'Botble\\ACL\\Models\\User',NULL,'digital',NULL,NULL,0,0,0,0,NULL),(260,'Large Green Bell Pepper',NULL,NULL,'published','[\"products\\/product-77.jpg\"]',NULL,'NC-196-A0-A1',0,20,0,1,'in_stock',0,6,1,0,457,NULL,NULL,NULL,20,16,20,721,NULL,0,'2025-05-20 14:07:40','2025-05-20 14:07:42',0,'Botble\\ACL\\Models\\User',NULL,'digital',NULL,NULL,0,0,0,0,NULL),(261,'Pice 94w Beasley Journal',NULL,NULL,'published','[\"products\\/product-51.jpg\"]',NULL,'NC-147-A0',0,13,0,1,'in_stock',0,4,1,0,466,NULL,NULL,NULL,20,18,19,692,NULL,0,'2025-05-20 14:07:40','2025-05-20 14:07:42',0,'Botble\\ACL\\Models\\User',NULL,'physical',NULL,NULL,0,0,0,0,NULL),(262,'Pice 94w Beasley Journal',NULL,NULL,'published','[\"products\\/product-66.jpg\"]',NULL,'NC-147-A0-A1',0,13,0,1,'in_stock',0,4,1,0,466,NULL,NULL,NULL,20,18,19,692,NULL,0,'2025-05-20 14:07:40','2025-05-20 14:07:42',0,'Botble\\ACL\\Models\\User',NULL,'physical',NULL,NULL,0,0,0,0,NULL),(263,'Pice 94w Beasley Journal',NULL,NULL,'published','[\"products\\/product-35.jpg\"]',NULL,'NC-147-A0-A2',0,13,0,1,'in_stock',0,4,1,0,466,NULL,NULL,NULL,20,18,19,692,NULL,0,'2025-05-20 14:07:40','2025-05-20 14:07:42',0,'Botble\\ACL\\Models\\User',NULL,'physical',NULL,NULL,0,0,0,0,NULL),(264,'Province Piece Glass Drinking Glass',NULL,NULL,'published','[\"products\\/product-91.jpg\"]',NULL,'NC-188-A0',0,13,0,1,'in_stock',0,5,1,0,311,NULL,NULL,NULL,14,11,16,663,NULL,0,'2025-05-20 14:07:40','2025-05-20 14:07:42',0,'Botble\\ACL\\Models\\User',NULL,'physical',NULL,NULL,0,0,0,0,NULL),(265,'Province Piece Glass Drinking Glass',NULL,NULL,'published','[\"products\\/product-86.jpg\"]',NULL,'NC-188-A0-A1',0,13,0,1,'in_stock',0,5,1,0,311,NULL,NULL,NULL,14,11,16,663,NULL,0,'2025-05-20 14:07:40','2025-05-20 14:07:42',0,'Botble\\ACL\\Models\\User',NULL,'physical',NULL,NULL,0,0,0,0,NULL),(266,'Tableau Abstrait Moderne','','','published','[\"oip-11.jpg\"]',NULL,'DECOR001',0,0,0,0,'in_stock',0,NULL,0,0,299,249,NULL,NULL,0,0,0,0,NULL,1,'2025-05-21 14:00:33','2025-05-21 14:00:33',1,'Botble\\ACL\\Models\\User',NULL,'physical',NULL,0,0,0,0,0,NULL),(267,'Miroirs salon','','','published','[\"set-de-3-espejos-circulares-natura-blanco.jpg\"]',NULL,'NN-2443-QTHXX',0,0,0,0,'in_stock',0,NULL,0,0,199,159,NULL,NULL,55,0,50,0,NULL,0,'2025-05-21 14:05:50','2025-05-21 14:06:42',1,'Botble\\ACL\\Models\\User','set-de-3-espejos-circulares-natura-blanco.jpg','physical',NULL,NULL,0,0,0,0,NULL),(294,'Canapé','<p><span style=\"background-color:rgb(255,255,255);color:rgb(72,72,72);font-size:16px;\"><span style=\"font-family:\'Noto IKEA\', \'Noto Sans\', Roboto, \'Open Sans\', \'system-ui\', sans-serif;font-style:normal;font-weight:400;word-spacing:0px;\">Canapé d\'angle modulable, 2 places, Vissle beige/métal</span></span></p>','','published','[\"lillehem-canape-dangle-modulable-2-places-vissle-beige-metal-1247089-pe922502-s5.avif\",\"lillehem-canape-dangle-modulable-2-places-vissle-beige-metal-1367776-ph184944-s5.avif\",\"lillehem-canape-dangle-modulable-2-places-vissle-beige-metal-1247179-pe922572-s5.avif\"]',NULL,'NN-2443-V3RUQ',0,0,0,0,'in_stock',0,NULL,0,0,799,789,NULL,NULL,150,0,60,0,NULL,1,'2025-05-21 14:18:50','2025-05-21 14:18:50',1,'Botble\\ACL\\Models\\User',NULL,'physical',NULL,0,0,0,0,0,NULL),(295,'Rideaux assombrissants','<p><span style=\"background-color:rgb(255,255,255);color:rgb(72,72,72);font-size:16px;\"><span style=\"font-family:\'Noto IKEA\', \'Noto Sans\', Roboto, \'Open Sans\', \'system-ui\', sans-serif;font-style:normal;font-weight:400;word-spacing:0px;\">Rideaux assombrissants, 2 pièces, jaune-beige/ruflette</span></span></p>','','published','[\"rosenmandel-rideaux-assombrissants-2-pieces-jaune-beige-ruflette-1149270-pe887138-s5.webp\"]',NULL,'NN-2443-EJGTA',0,0,0,0,'in_stock',0,NULL,0,0,459,400,NULL,NULL,350,0,300,0,NULL,0,'2025-05-21 14:27:07','2025-05-21 14:27:07',1,'Botble\\ACL\\Models\\User',NULL,'physical',NULL,0,0,0,0,0,NULL),(296,'Horloge murale','<p><span style=\"background-color:rgb(255,255,255);color:rgb(72,72,72);\"><span class=\"pip-header-section__description-text\" style=\"font-family:\'Noto IKEA\', \'Noto Sans\', Roboto, \'Open Sans\', \'system-ui\', sans-serif;font-size:1rem;font-style:normal;font-weight:400;word-spacing:0px;\">Horloge murale, noir</span>  </span></p>','','published','[\"stursk-horloge-murale-noir-1019406-ph168502-s5.avif\",\"stursk-horloge-murale-noir-0661136-pe711343-s5.avif\",\"stursk-horloge-murale-noir-0661138-pe711345-s5.avif\"]',NULL,'NN-2443-JK6CO',0,0,0,0,'in_stock',0,NULL,0,0,350,329,NULL,NULL,35,0,30,0,NULL,0,'2025-05-27 11:42:25','2025-05-27 11:49:08',1,'Botble\\ACL\\Models\\User','stursk-horloge-murale-noir-0661138-pe711345-s5.avif','physical',NULL,0,0,0,0,0,NULL),(297,'Table SUNDSÖ','<p><span style=\"background-color:rgb(255,255,255);color:rgb(72,72,72);font-size:16px;\"><span>Table+ 2 chaises pliantes, extérieur orange vif/orange vif</span>  </span></p>','','published','[\"sundsoe-table-2-chaises-pliantes-exterieur-orange-vif-orange-vif-1386975-pe964071-s5.avif\",\"sundsoe-table-2-chaises-pliantes-exterieur-orange-vif-orange-vif-1386976-pe964073-s5.avif\",\"sundsoe-table-2-chaises-pliantes-exterieur-orange-vif-orange-vif-1386972-pe964068-s5.avif\"]',NULL,'NN-2443-FEHLW',0,0,0,0,'on_backorder',0,NULL,0,0,2055,2022,NULL,NULL,65,0,65,0,NULL,0,'2025-05-27 11:55:19','2025-05-27 11:56:27',1,'Botble\\ACL\\Models\\User',NULL,'physical',NULL,0,0,0,0,0,NULL),(298,'Plante artificielle, FEJKA','<p><span style=\"background-color:rgb(255,255,255);color:rgb(72,72,72);font-size:16px;\"><span style=\"font-family:\'Noto IKEA\', \'Noto Sans\', Roboto, \'Open Sans\', \'system-ui\', sans-serif;font-style:normal;font-weight:400;word-spacing:0px;\">Plante artificielle, intérieur/extérieur</span> </span></p>','','published','[\"fejka-plante-artificielle-interieur-exterieur-1034066-pe840177-s5.avif\",\"fejka-plante-artificielle-interieur-exterieur-1359727-pe954242-s5.avif\",\"fejka-plante-artificielle-interieur-exterieur-1342027-pe948980-s5.avif\"]',NULL,'NN-2443-LMNHG',0,0,0,0,'in_stock',0,NULL,0,0,233,NULL,NULL,NULL,80,0,40,0,NULL,0,'2025-05-27 12:00:34','2025-05-27 13:33:38',1,'Botble\\ACL\\Models\\User','fejka-plante-artificielle-interieur-exterieur-1034066-pe840177-s5.avif','physical',NULL,0,0,0,0,0,NULL),(299,'Housse de coussin GULDFLY','<p><span style=\"background-color:rgb(255,255,255);color:rgb(72,72,72);font-size:16px;\"><span style=\"font-family:\'Noto IKEA\', \'Noto Sans\', Roboto, \'Open Sans\', \'system-ui\', sans-serif;font-style:normal;font-weight:400;word-spacing:0px;\">Housse de coussin, orange-rouge/orange</span></span></p>','','published','[\"guldfly-housse-de-coussin-orange-rouge-orange-1157000-pe887431-s5.avif\",\"guldfly-housse-de-coussin-orange-rouge-orange-1157002-pe887433-s5.webp\",\"guldfly-housse-de-coussin-orange-rouge-orange-1174365-pe894431-s5.avif\"]',NULL,'NN-2443-HHRUO',0,0,0,0,'in_stock',0,NULL,0,0,289,200,NULL,NULL,50,0,50,0,NULL,0,'2025-05-27 13:05:09','2025-05-27 13:05:09',1,'Botble\\ACL\\Models\\User',NULL,'physical',NULL,0,0,0,0,0,NULL),(300,'FEJKA','<p><span style=\"background-color:rgb(255,255,255);color:rgb(72,72,72);font-size:16px;\"><span style=\"font-family:\'Noto IKEA\', \'Noto Sans\', Roboto, \'Open Sans\', \'system-ui\', sans-serif;font-style:normal;font-weight:400;word-spacing:0px;\">Plante artificielle, intérieur/extérieur monstera</span></span></p>','','published','[\"fejka-plante-artificielle-interieur-exterieur-monstera-0901232-pe689306-s5.avif\",\"fejka-plante-artificielle-interieur-exterieur-monstera-0901230-pe687835-s5.avif\"]',NULL,'NN-2443-NT0NC',0,0,0,0,'in_stock',0,NULL,0,0,199,150,NULL,NULL,19,0,0,0,NULL,0,'2025-05-27 14:40:05','2025-05-27 14:40:05',1,'Botble\\ACL\\Models\\User',NULL,'physical',NULL,0,0,0,0,0,NULL),(301,'Plante artificielle','<p><span style=\"background-color:rgb(255,255,255);color:rgb(72,72,72);font-size:16px;\"><span style=\"font-family:\'Noto IKEA\', \'Noto Sans\', Roboto, \'Open Sans\', \'system-ui\', sans-serif;font-style:normal;font-weight:400;word-spacing:0px;\">Plante artificielle, intérieur/extérieur/Chaîne de bananes à accrocher</span></span></p>','','published','[\"fejka-plante-artificielle-interieur-exterieur-chaine-de-bananes-a-accrocher-1034087-pe840198-s5.avif\",\"fejka-plante-artificielle-interieur-exterieur-chaine-de-bananes-a-accrocher-1034088-pe840199-s5.avif\"]',NULL,'NN-2443-EM1IK',0,0,0,0,'in_stock',0,NULL,0,0,120,99,NULL,NULL,15,0,0,0,NULL,0,'2025-05-27 14:42:14','2025-05-27 14:42:14',1,'Botble\\ACL\\Models\\User',NULL,'physical',NULL,0,0,0,0,0,NULL),(302,'Plante artificielle CACTUS','<p><span style=\"background-color:rgb(255,255,255);color:rgb(72,72,72);font-size:16px;\"><span style=\"font-family:\'Noto IKEA\', \'Noto Sans\', Roboto, \'Open Sans\', \'system-ui\', sans-serif;font-style:normal;font-weight:400;word-spacing:0px;\">Plante artificielle, intérieur/extérieur cactus</span></span></p>','','published','[\"fejka-plante-artificielle-interieur-exterieur-cactus-1389368-pe965194-s5.avif\",\"fejka-plante-artificielle-interieur-exterieur-cactus-1368362-pe957730-s5.avif\",\"fejka-plante-artificielle-interieur-exterieur-cactus-1342000-pe948960-s5.avif\"]',NULL,'NN-2443-9U3EP',0,0,0,0,'in_stock',0,NULL,0,0,100,66,NULL,NULL,10,0,20,0,NULL,0,'2025-05-27 14:44:50','2025-05-27 14:44:50',1,'Botble\\ACL\\Models\\User',NULL,'physical',NULL,0,0,0,0,0,NULL),(303,'Orchidée blanc','<p><span style=\"background-color:rgb(255,255,255);color:rgb(72,72,72);font-size:16px;\"><span style=\"font-family:\'Noto IKEA\', \'Noto Sans\', Roboto, \'Open Sans\', \'system-ui\', sans-serif;font-style:normal;font-weight:400;word-spacing:0px;\">Plante artificielle, orchidée blanc,</span></span></p>','','published','[\"fejka-plante-artificielle-orchidee-blanc-0771125-pe755671-s5.avif\",\"fejka-plante-artificielle-orchidee-blanc-0748887-pe745276-s5.avif\",\"fejka-plante-artificielle-orchidee-blanc-0771126-pe755670-s5.avif\"]',NULL,'NN-2443-BURDO',0,0,0,0,'in_stock',0,NULL,0,0,94,NULL,NULL,NULL,12,0,0,0,NULL,0,'2025-05-27 14:49:31','2025-05-27 14:49:31',1,'Botble\\ACL\\Models\\User',NULL,'physical',NULL,0,0,0,0,0,NULL),(304,'Aréca','<p><span style=\"background-color:rgb(255,255,255);color:rgb(72,72,72);font-size:16px;\"><span style=\"font-family:\'Noto IKEA\', \'Noto Sans\', Roboto, \'Open Sans\', \'system-ui\', sans-serif;font-style:normal;font-weight:400;word-spacing:0px;\">Plante artificielle, intérieur/extérieur Aréca</span></span></p>','','published','[\"fejka-plante-artificielle-interieur-exterieur-areca-1034054-pe840165-s5.avif\",\"fejka-plante-artificielle-interieur-exterieur-areca-1034055-pe840166-s5.avif\"]',NULL,'NN-2443-NDUMQ',0,0,0,0,'in_stock',0,NULL,0,0,20,NULL,NULL,NULL,16,0,0,0,NULL,2,'2025-05-27 14:51:28','2025-05-27 14:51:28',1,'Botble\\ACL\\Models\\User',NULL,'physical',NULL,0,0,0,0,0,NULL),(305,'lavande','<p><span style=\"background-color:rgb(255,255,255);color:rgb(72,72,72);font-size:16px;\"><span style=\"font-family:\'Noto IKEA\', \'Noto Sans\', Roboto, \'Open Sans\', \'system-ui\', sans-serif;font-style:normal;font-weight:400;word-spacing:0px;\">Plante artificielle, intérieur/extérieur lavande</span></span></p>','','published','[\"fejka-plante-artificielle-interieur-exterieur-lavande-1389369-pe965193-s5.avif\",\"fejka-plante-artificielle-interieur-exterieur-lavande-1342007-pe948967-s5.avif\"]',NULL,'NN-2443-945G7',0,0,0,0,'in_stock',0,NULL,0,0,289,229,NULL,NULL,39,0,0,0,NULL,0,'2025-05-27 14:54:51','2025-05-27 14:54:51',1,'Botble\\ACL\\Models\\User',NULL,'physical',NULL,0,0,0,0,0,NULL);
/*!40000 ALTER TABLE `ec_products` ENABLE KEYS */;
UNLOCK TABLES;

--
-- Table structure for table `ec_products_translations`
--

DROP TABLE IF EXISTS `ec_products_translations`;
/*!40101 SET @saved_cs_client     = @@character_set_client */;
/*!40101 SET character_set_client = utf8 */;
CREATE TABLE `ec_products_translations` (
  `lang_code` varchar(191) NOT NULL,
  `ec_products_id` bigint(20) unsigned NOT NULL,
  `name` varchar(191) DEFAULT NULL,
  `description` text DEFAULT NULL,
  `content` text DEFAULT NULL,
  PRIMARY KEY (`lang_code`,`ec_products_id`)
) ENGINE=InnoDB DEFAULT CHARSET=utf8mb4 COLLATE=utf8mb4_unicode_ci;
/*!40101 SET character_set_client = @saved_cs_client */;

--
-- Dumping data for table `ec_products_translations`
--

LOCK TABLES `ec_products_translations` WRITE;
/*!40000 ALTER TABLE `ec_products_translations` DISABLE KEYS */;
/*!40000 ALTER TABLE `ec_products_translations` ENABLE KEYS */;
UNLOCK TABLES;

--
-- Table structure for table `ec_review_replies`
--

DROP TABLE IF EXISTS `ec_review_replies`;
/*!40101 SET @saved_cs_client     = @@character_set_client */;
/*!40101 SET character_set_client = utf8 */;
CREATE TABLE `ec_review_replies` (
  `id` bigint(20) unsigned NOT NULL AUTO_INCREMENT,
  `user_id` bigint(20) unsigned NOT NULL,
  `review_id` bigint(20) unsigned NOT NULL,
  `message` text NOT NULL,
  `created_at` timestamp NULL DEFAULT NULL,
  `updated_at` timestamp NULL DEFAULT NULL,
  PRIMARY KEY (`id`),
  UNIQUE KEY `ec_review_replies_review_id_user_id_unique` (`review_id`,`user_id`)
) ENGINE=InnoDB DEFAULT CHARSET=utf8mb4 COLLATE=utf8mb4_unicode_ci;
/*!40101 SET character_set_client = @saved_cs_client */;

--
-- Dumping data for table `ec_review_replies`
--

LOCK TABLES `ec_review_replies` WRITE;
/*!40000 ALTER TABLE `ec_review_replies` DISABLE KEYS */;
/*!40000 ALTER TABLE `ec_review_replies` ENABLE KEYS */;
UNLOCK TABLES;

--
-- Table structure for table `ec_reviews`
--

DROP TABLE IF EXISTS `ec_reviews`;
/*!40101 SET @saved_cs_client     = @@character_set_client */;
/*!40101 SET character_set_client = utf8 */;
CREATE TABLE `ec_reviews` (
  `id` bigint(20) unsigned NOT NULL AUTO_INCREMENT,
  `customer_id` bigint(20) unsigned DEFAULT NULL,
  `customer_name` varchar(191) DEFAULT NULL,
  `customer_email` varchar(191) DEFAULT NULL,
  `product_id` bigint(20) unsigned NOT NULL,
  `star` double NOT NULL,
  `comment` text NOT NULL,
  `status` varchar(60) NOT NULL DEFAULT 'published',
  `created_at` timestamp NULL DEFAULT NULL,
  `updated_at` timestamp NULL DEFAULT NULL,
  `images` text DEFAULT NULL,
  PRIMARY KEY (`id`),
  UNIQUE KEY `ec_reviews_product_id_customer_id_unique` (`product_id`,`customer_id`),
  KEY `ec_reviews_product_id_customer_id_status_created_at_index` (`product_id`,`customer_id`,`status`,`created_at`),
  KEY `review_relation_index` (`product_id`,`customer_id`,`status`)
) ENGINE=InnoDB AUTO_INCREMENT=1004 DEFAULT CHARSET=utf8mb4 COLLATE=utf8mb4_unicode_ci;
/*!40101 SET character_set_client = @saved_cs_client */;

--
-- Dumping data for table `ec_reviews`
--

LOCK TABLES `ec_reviews` WRITE;
/*!40000 ALTER TABLE `ec_reviews` DISABLE KEYS */;
INSERT INTO `ec_reviews` VALUES (1,10,NULL,NULL,41,1,'The best ecommerce CMS! Excellent coding! best support service! Thank you so much..... I really like your hard work.','published','2025-05-20 14:07:46','2025-05-20 14:07:46','[\"products\\/product-13.jpg\",\"products\\/product-17.jpg\",\"products\\/product-80.jpg\"]'),(2,3,NULL,NULL,27,4,'It\'s not my first experience here on Codecanyon and I can honestly tell you all that Botble puts a LOT of effort into the support. They answer so fast, they helped me tons of times. REALLY by far THE BEST EXPERIENCE on Codecanyon. Those guys at Botble are so good that they deserve 5 stars. I recommend them, I trust them and I can\'t wait to see what they will sell in a near future. Thank you Botble :)','published','2025-05-20 14:07:46','2025-05-20 14:07:46','[\"products\\/product-29.jpg\",\"products\\/product-86.jpg\"]'),(3,3,NULL,NULL,9,4,'The code is good, in general, if you like it, can you give it 5 stars?','published','2025-05-20 14:07:46','2025-05-20 14:07:46','[\"products\\/product-44.jpg\",\"products\\/product-93.jpg\"]'),(4,6,NULL,NULL,28,5,'The best store template! Excellent coding! Very good support! Thank you so much for all the help, I really appreciated.','published','2025-05-20 14:07:46','2025-05-20 14:07:46','[\"products\\/product-36.jpg\",\"products\\/product-44.jpg\",\"products\\/product-86.jpg\"]'),(5,8,NULL,NULL,53,5,'The script is the best of its class, fast, easy to implement and work with , and the most important thing is the great support team , Recommend with no doubt.','published','2025-05-20 14:07:46','2025-05-20 14:07:46','[\"products\\/product-62.jpg\"]'),(6,5,NULL,NULL,23,5,'Good app, good backup service and support. Good documentation.','published','2025-05-20 14:07:46','2025-05-20 14:07:46','[\"products\\/product-20.jpg\",\"products\\/product-30.jpg\",\"products\\/product-39.jpg\",\"products\\/product-94.jpg\"]'),(7,1,NULL,NULL,19,1,'Clean & perfect source code','published','2025-05-20 14:07:46','2025-05-20 14:07:46','[\"products\\/product-36.jpg\"]'),(8,3,NULL,NULL,72,1,'These guys are amazing! Responses immediately, amazing support and help... I immediately feel at ease after Purchasing..','published','2025-05-20 14:07:46','2025-05-20 14:07:46','[\"products\\/product-93.jpg\"]'),(10,2,NULL,NULL,60,5,'Second or third time that I buy a Botble product, happy with the products and support. You guys do a good job :)','published','2025-05-20 14:07:46','2025-05-20 14:07:46','[\"products\\/product-17.jpg\",\"products\\/product-69.jpg\",\"products\\/product-82.jpg\",\"products\\/product-89.jpg\"]'),(11,1,NULL,NULL,35,2,'Very enthusiastic support! Excellent code is written. It\'s a true pleasure working with.','published','2025-05-20 14:07:46','2025-05-20 14:07:46','[\"products\\/product-13.jpg\",\"products\\/product-44.jpg\",\"products\\/product-60.jpg\"]'),(12,5,NULL,NULL,34,4,'Second or third time that I buy a Botble product, happy with the products and support. You guys do a good job :)','published','2025-05-20 14:07:46','2025-05-20 14:07:46','[\"products\\/product-7.jpg\",\"products\\/product-58.jpg\"]'),(13,2,NULL,NULL,34,1,'The script is the best of its class, fast, easy to implement and work with , and the most important thing is the great support team , Recommend with no doubt.','published','2025-05-20 14:07:46','2025-05-20 14:07:46','[\"products\\/product-20.jpg\",\"products\\/product-38.jpg\"]'),(14,4,NULL,NULL,14,3,'These guys are amazing! Responses immediately, amazing support and help... I immediately feel at ease after Purchasing..','published','2025-05-20 14:07:46','2025-05-20 14:07:46','[\"products\\/product-61.jpg\"]'),(15,5,NULL,NULL,1,5,'Great E-commerce system. And much more : Wonderful Customer Support.','published','2025-05-20 14:07:46','2025-05-20 14:07:46','[\"products\\/product-8.jpg\"]'),(16,5,NULL,NULL,22,4,'Great system, great support, good job Botble. I\'m looking forward to more great functional plugins.','published','2025-05-20 14:07:46','2025-05-20 14:07:46','[\"products\\/product-11.jpg\",\"products\\/product-15.jpg\",\"products\\/product-82.jpg\"]'),(17,9,NULL,NULL,68,1,'This web app is really good in design, code quality & features. Besides, the customer support provided by the Botble team was really fast & helpful. You guys are awesome!','published','2025-05-20 14:07:46','2025-05-20 14:07:46','[\"products\\/product-5.jpg\",\"products\\/product-40.jpg\",\"products\\/product-62.jpg\",\"products\\/product-84.jpg\"]'),(18,5,NULL,NULL,73,2,'The script is the best of its class, fast, easy to implement and work with , and the most important thing is the great support team , Recommend with no doubt.','published','2025-05-20 14:07:46','2025-05-20 14:07:46','[\"products\\/product-5.jpg\",\"products\\/product-16.jpg\",\"products\\/product-64.jpg\",\"products\\/product-79.jpg\"]'),(19,5,NULL,NULL,39,5,'We have received brilliant service support and will be expanding the features with the developer. Nice product!','published','2025-05-20 14:07:46','2025-05-20 14:07:46','[\"products\\/product-19.jpg\",\"products\\/product-49.jpg\"]'),(20,8,NULL,NULL,10,3,'Clean & perfect source code','published','2025-05-20 14:07:46','2025-05-20 14:07:46','[\"products\\/product-8.jpg\",\"products\\/product-53.jpg\",\"products\\/product-65.jpg\",\"products\\/product-84.jpg\"]'),(21,8,NULL,NULL,67,3,'The script is the best of its class, fast, easy to implement and work with , and the most important thing is the great support team , Recommend with no doubt.','published','2025-05-20 14:07:46','2025-05-20 14:07:46','[\"products\\/product-4.jpg\",\"products\\/product-20.jpg\",\"products\\/product-71.jpg\"]'),(22,1,NULL,NULL,20,1,'As a developer I reviewed this script. This is really awesome ecommerce script. I have convinced when I noticed that it\'s built on fully WordPress concept.','published','2025-05-20 14:07:46','2025-05-20 14:07:46','[\"products\\/product-3.jpg\",\"products\\/product-49.jpg\"]'),(23,1,NULL,NULL,71,5,'Perfect +++++++++ i love it really also i get to fast ticket answers... Thanks Lot BOTBLE Teams','published','2025-05-20 14:07:46','2025-05-20 14:07:46','[\"products\\/product-20.jpg\"]'),(24,6,NULL,NULL,54,2,'Good app, good backup service and support. Good documentation.','published','2025-05-20 14:07:46','2025-05-20 14:07:46','[\"products\\/product-63.jpg\",\"products\\/product-72.jpg\",\"products\\/product-81.jpg\"]'),(25,5,NULL,NULL,13,4,'Amazing code, amazing support. Overall, im really confident in Botble and im happy I made the right choice! Thank you so much guys for coding this masterpiece','published','2025-05-20 14:07:46','2025-05-20 14:07:46','[\"products\\/product-30.jpg\",\"products\\/product-66.jpg\"]'),(26,4,NULL,NULL,19,2,'Great E-commerce system. And much more : Wonderful Customer Support.','published','2025-05-20 14:07:46','2025-05-20 14:07:46','[\"products\\/product-41.jpg\"]'),(27,2,NULL,NULL,67,4,'For me the best eCommerce script on Envato at this moment: modern, clean code, a lot of great features. The customer support is great too: I always get an answer within hours!','published','2025-05-20 14:07:46','2025-05-20 14:07:46','[\"products\\/product-30.jpg\",\"products\\/product-48.jpg\",\"products\\/product-65.jpg\"]'),(28,2,NULL,NULL,57,2,'These guys are amazing! Responses immediately, amazing support and help... I immediately feel at ease after Purchasing..','published','2025-05-20 14:07:46','2025-05-20 14:07:46','[\"products\\/product-49.jpg\",\"products\\/product-84.jpg\",\"products\\/product-87.jpg\",\"products\\/product-88.jpg\"]'),(30,1,NULL,NULL,69,3,'Ok good product. I have some issues in customizations. But its not correct to blame the developer. The product is good. Good luck for your business.','published','2025-05-20 14:07:46','2025-05-20 14:07:46','[\"products\\/product-13.jpg\",\"products\\/product-68.jpg\"]'),(31,3,NULL,NULL,31,1,'Great E-commerce system. And much more : Wonderful Customer Support.','published','2025-05-20 14:07:46','2025-05-20 14:07:46','[\"products\\/product-60.jpg\"]'),(32,9,NULL,NULL,65,2,'Second or third time that I buy a Botble product, happy with the products and support. You guys do a good job :)','published','2025-05-20 14:07:46','2025-05-20 14:07:46','[\"products\\/product-80.jpg\",\"products\\/product-86.jpg\"]'),(33,2,NULL,NULL,29,3,'I Love this Script. I also found how to add other fees. Now I just wait the BIG update for the Marketplace with the Bulk Import. Just do not forget to make it to be Multi-language for us the Botble Fans.','published','2025-05-20 14:07:46','2025-05-20 14:07:46','[\"products\\/product-40.jpg\",\"products\\/product-43.jpg\",\"products\\/product-54.jpg\"]'),(34,9,NULL,NULL,70,5,'For me the best eCommerce script on Envato at this moment: modern, clean code, a lot of great features. The customer support is great too: I always get an answer within hours!','published','2025-05-20 14:07:46','2025-05-20 14:07:46','[\"products\\/product-87.jpg\"]'),(35,4,NULL,NULL,16,5,'I Love this Script. I also found how to add other fees. Now I just wait the BIG update for the Marketplace with the Bulk Import. Just do not forget to make it to be Multi-language for us the Botble Fans.','published','2025-05-20 14:07:46','2025-05-20 14:07:46','[\"products\\/product-86.jpg\"]'),(36,10,NULL,NULL,67,4,'These guys are amazing! Responses immediately, amazing support and help... I immediately feel at ease after Purchasing..','published','2025-05-20 14:07:46','2025-05-20 14:07:46','[\"products\\/product-63.jpg\",\"products\\/product-79.jpg\"]'),(37,10,NULL,NULL,42,2,'The script is the best of its class, fast, easy to implement and work with , and the most important thing is the great support team , Recommend with no doubt.','published','2025-05-20 14:07:46','2025-05-20 14:07:46','[\"products\\/product-30.jpg\"]'),(38,10,NULL,NULL,45,4,'Cool template. Excellent code quality. The support responds very quickly, which is very rare on themeforest and codecanyon.net, I buy a lot of templates, and everyone will have a response from technical support for two or three days. Thanks to tech support. I recommend to buy.','published','2025-05-20 14:07:46','2025-05-20 14:07:46','[\"products\\/product-1.jpg\",\"products\\/product-85.jpg\"]'),(39,8,NULL,NULL,62,5,'Great system, great support, good job Botble. I\'m looking forward to more great functional plugins.','published','2025-05-20 14:07:46','2025-05-20 14:07:46','[\"products\\/product-1.jpg\",\"products\\/product-66.jpg\",\"products\\/product-67.jpg\"]'),(40,10,NULL,NULL,8,3,'Cool template. Excellent code quality. The support responds very quickly, which is very rare on themeforest and codecanyon.net, I buy a lot of templates, and everyone will have a response from technical support for two or three days. Thanks to tech support. I recommend to buy.','published','2025-05-20 14:07:46','2025-05-20 14:07:46','[\"products\\/product-14.jpg\",\"products\\/product-59.jpg\",\"products\\/product-68.jpg\"]'),(41,2,NULL,NULL,56,2,'Solution is too robust for our purpose so we didn\'t use it at the end. But I appreciate customer support during initial configuration.','published','2025-05-20 14:07:46','2025-05-20 14:07:46','[\"products\\/product-19.jpg\",\"products\\/product-64.jpg\"]'),(42,10,NULL,NULL,33,3,'The best store template! Excellent coding! Very good support! Thank you so much for all the help, I really appreciated.','published','2025-05-20 14:07:46','2025-05-20 14:07:46','[\"products\\/product-63.jpg\",\"products\\/product-69.jpg\",\"products\\/product-71.jpg\",\"products\\/product-76.jpg\"]'),(43,4,NULL,NULL,22,2,'These guys are amazing! Responses immediately, amazing support and help... I immediately feel at ease after Purchasing..','published','2025-05-20 14:07:46','2025-05-20 14:07:46','[\"products\\/product-78.jpg\"]'),(44,6,NULL,NULL,62,4,'Very enthusiastic support! Excellent code is written. It\'s a true pleasure working with.','published','2025-05-20 14:07:46','2025-05-20 14:07:46','[\"products\\/product-58.jpg\",\"products\\/product-64.jpg\",\"products\\/product-70.jpg\",\"products\\/product-78.jpg\"]'),(45,2,NULL,NULL,54,2,'We have received brilliant service support and will be expanding the features with the developer. Nice product!','published','2025-05-20 14:07:46','2025-05-20 14:07:46','[\"products\\/product-37.jpg\",\"products\\/product-49.jpg\"]'),(46,9,NULL,NULL,41,2,'Good app, good backup service and support. Good documentation.','published','2025-05-20 14:07:46','2025-05-20 14:07:46','[\"products\\/product-32.jpg\"]'),(47,1,NULL,NULL,4,4,'The best ecommerce CMS! Excellent coding! best support service! Thank you so much..... I really like your hard work.','published','2025-05-20 14:07:46','2025-05-20 14:07:46','[\"products\\/product-1.jpg\"]'),(48,4,NULL,NULL,24,5,'These guys are amazing! Responses immediately, amazing support and help... I immediately feel at ease after Purchasing..','published','2025-05-20 14:07:46','2025-05-20 14:07:46','[\"products\\/product-4.jpg\",\"products\\/product-9.jpg\",\"products\\/product-11.jpg\",\"products\\/product-27.jpg\"]'),(49,1,NULL,NULL,51,1,'It\'s not my first experience here on Codecanyon and I can honestly tell you all that Botble puts a LOT of effort into the support. They answer so fast, they helped me tons of times. REALLY by far THE BEST EXPERIENCE on Codecanyon. Those guys at Botble are so good that they deserve 5 stars. I recommend them, I trust them and I can\'t wait to see what they will sell in a near future. Thank you Botble :)','published','2025-05-20 14:07:46','2025-05-20 14:07:46','[\"products\\/product-21.jpg\",\"products\\/product-45.jpg\"]'),(50,6,NULL,NULL,30,1,'Second or third time that I buy a Botble product, happy with the products and support. You guys do a good job :)','published','2025-05-20 14:07:46','2025-05-20 14:07:46','[\"products\\/product-67.jpg\"]'),(51,9,NULL,NULL,74,4,'Solution is too robust for our purpose so we didn\'t use it at the end. But I appreciate customer support during initial configuration.','published','2025-05-20 14:07:46','2025-05-20 14:07:46','[\"products\\/product-6.jpg\",\"products\\/product-69.jpg\",\"products\\/product-84.jpg\"]'),(52,7,NULL,NULL,27,2,'Cool template. Excellent code quality. The support responds very quickly, which is very rare on themeforest and codecanyon.net, I buy a lot of templates, and everyone will have a response from technical support for two or three days. Thanks to tech support. I recommend to buy.','published','2025-05-20 14:07:46','2025-05-20 14:07:46','[\"products\\/product-11.jpg\",\"products\\/product-34.jpg\"]'),(53,9,NULL,NULL,25,5,'We have received brilliant service support and will be expanding the features with the developer. Nice product!','published','2025-05-20 14:07:46','2025-05-20 14:07:46','[\"products\\/product-77.jpg\"]'),(54,9,NULL,NULL,17,1,'We have received brilliant service support and will be expanding the features with the developer. Nice product!','published','2025-05-20 14:07:46','2025-05-20 14:07:46','[\"products\\/product-45.jpg\",\"products\\/product-59.jpg\",\"products\\/product-89.jpg\",\"products\\/product-92.jpg\"]'),(55,3,NULL,NULL,25,2,'It\'s not my first experience here on Codecanyon and I can honestly tell you all that Botble puts a LOT of effort into the support. They answer so fast, they helped me tons of times. REALLY by far THE BEST EXPERIENCE on Codecanyon. Those guys at Botble are so good that they deserve 5 stars. I recommend them, I trust them and I can\'t wait to see what they will sell in a near future. Thank you Botble :)','published','2025-05-20 14:07:46','2025-05-20 14:07:46','[\"products\\/product-23.jpg\",\"products\\/product-49.jpg\",\"products\\/product-72.jpg\",\"products\\/product-93.jpg\"]'),(56,8,NULL,NULL,29,3,'Good app, good backup service and support. Good documentation.','published','2025-05-20 14:07:46','2025-05-20 14:07:46','[\"products\\/product-45.jpg\"]'),(57,6,NULL,NULL,74,3,'Amazing code, amazing support. Overall, im really confident in Botble and im happy I made the right choice! Thank you so much guys for coding this masterpiece','published','2025-05-20 14:07:46','2025-05-20 14:07:46','[\"products\\/product-20.jpg\",\"products\\/product-36.jpg\",\"products\\/product-80.jpg\"]'),(58,9,NULL,NULL,56,2,'Solution is too robust for our purpose so we didn\'t use it at the end. But I appreciate customer support during initial configuration.','published','2025-05-20 14:07:46','2025-05-20 14:07:46','[\"products\\/product-41.jpg\",\"products\\/product-69.jpg\"]'),(59,10,NULL,NULL,51,2,'This web app is really good in design, code quality & features. Besides, the customer support provided by the Botble team was really fast & helpful. You guys are awesome!','published','2025-05-20 14:07:46','2025-05-20 14:07:46','[\"products\\/product-49.jpg\",\"products\\/product-86.jpg\"]'),(60,6,NULL,NULL,16,1,'Very enthusiastic support! Excellent code is written. It\'s a true pleasure working with.','published','2025-05-20 14:07:46','2025-05-20 14:07:46','[\"products\\/product-31.jpg\",\"products\\/product-48.jpg\",\"products\\/product-72.jpg\",\"products\\/product-75.jpg\"]'),(61,5,NULL,NULL,41,2,'This script is well coded and is super fast. The support is pretty quick. Very patient and helpful team. I strongly recommend it and they deserve more than 5 stars.','published','2025-05-20 14:07:46','2025-05-20 14:07:46','[\"products\\/product-22.jpg\",\"products\\/product-40.jpg\",\"products\\/product-88.jpg\"]'),(62,5,NULL,NULL,33,3,'These guys are amazing! Responses immediately, amazing support and help... I immediately feel at ease after Purchasing..','published','2025-05-20 14:07:46','2025-05-20 14:07:46','[\"products\\/pla-product-01.jpg\",\"products\\/product-57.jpg\"]'),(63,1,NULL,NULL,41,3,'The script is the best of its class, fast, easy to implement and work with , and the most important thing is the great support team , Recommend with no doubt.','published','2025-05-20 14:07:46','2025-05-20 14:07:46','[\"products\\/product-61.jpg\",\"products\\/product-78.jpg\"]'),(64,9,NULL,NULL,14,3,'Best ecommerce CMS online store!','published','2025-05-20 14:07:46','2025-05-20 14:07:46','[\"products\\/product-61.jpg\",\"products\\/product-70.jpg\"]'),(65,4,NULL,NULL,36,5,'The best ecommerce CMS! Excellent coding! best support service! Thank you so much..... I really like your hard work.','published','2025-05-20 14:07:46','2025-05-20 14:07:46','[\"products\\/product-9.jpg\"]'),(66,2,NULL,NULL,15,2,'Second or third time that I buy a Botble product, happy with the products and support. You guys do a good job :)','published','2025-05-20 14:07:46','2025-05-20 14:07:46','[\"products\\/product-87.jpg\"]'),(67,6,NULL,NULL,42,2,'Cool template. Excellent code quality. The support responds very quickly, which is very rare on themeforest and codecanyon.net, I buy a lot of templates, and everyone will have a response from technical support for two or three days. Thanks to tech support. I recommend to buy.','published','2025-05-20 14:07:46','2025-05-20 14:07:46','[\"products\\/product-73.jpg\"]'),(68,2,NULL,NULL,1,2,'This web app is really good in design, code quality & features. Besides, the customer support provided by the Botble team was really fast & helpful. You guys are awesome!','published','2025-05-20 14:07:46','2025-05-20 14:07:46','[\"products\\/product-48.jpg\",\"products\\/product-49.jpg\",\"products\\/product-76.jpg\",\"products\\/product-84.jpg\"]'),(69,1,NULL,NULL,68,1,'These guys are amazing! Responses immediately, amazing support and help... I immediately feel at ease after Purchasing..','published','2025-05-20 14:07:46','2025-05-20 14:07:46','[\"products\\/product-8.jpg\",\"products\\/product-33.jpg\",\"products\\/product-40.jpg\",\"products\\/product-65.jpg\"]'),(70,4,NULL,NULL,49,2,'This web app is really good in design, code quality & features. Besides, the customer support provided by the Botble team was really fast & helpful. You guys are awesome!','published','2025-05-20 14:07:46','2025-05-20 14:07:46','[\"products\\/product-50.jpg\",\"products\\/product-52.jpg\",\"products\\/product-53.jpg\",\"products\\/product-95.jpg\"]'),(71,1,NULL,NULL,59,2,'The best store template! Excellent coding! Very good support! Thank you so much for all the help, I really appreciated.','published','2025-05-20 14:07:46','2025-05-20 14:07:46','[\"products\\/product-24.jpg\"]'),(72,6,NULL,NULL,68,5,'Solution is too robust for our purpose so we didn\'t use it at the end. But I appreciate customer support during initial configuration.','published','2025-05-20 14:07:46','2025-05-20 14:07:46','[\"products\\/product-7.jpg\",\"products\\/product-10.jpg\",\"products\\/product-34.jpg\"]'),(73,9,NULL,NULL,45,3,'Great system, great support, good job Botble. I\'m looking forward to more great functional plugins.','published','2025-05-20 14:07:46','2025-05-20 14:07:46','[\"products\\/product-7.jpg\"]'),(74,2,NULL,NULL,31,2,'The script is the best of its class, fast, easy to implement and work with , and the most important thing is the great support team , Recommend with no doubt.','published','2025-05-20 14:07:46','2025-05-20 14:07:46','[\"products\\/product-16.jpg\",\"products\\/product-37.jpg\"]'),(75,7,NULL,NULL,29,1,'Customer Support are grade (A*), however the code is a way too over engineered for it\'s purpose.','published','2025-05-20 14:07:46','2025-05-20 14:07:46','[\"products\\/product-22.jpg\"]'),(76,9,NULL,NULL,16,3,'The best ecommerce CMS! Excellent coding! best support service! Thank you so much..... I really like your hard work.','published','2025-05-20 14:07:46','2025-05-20 14:07:46','[\"products\\/product-24.jpg\",\"products\\/product-29.jpg\",\"products\\/product-45.jpg\",\"products\\/product-76.jpg\"]'),(77,2,NULL,NULL,36,3,'Very enthusiastic support! Excellent code is written. It\'s a true pleasure working with.','published','2025-05-20 14:07:46','2025-05-20 14:07:46','[\"products\\/product-21.jpg\",\"products\\/product-46.jpg\"]'),(78,8,NULL,NULL,49,5,'It\'s not my first experience here on Codecanyon and I can honestly tell you all that Botble puts a LOT of effort into the support. They answer so fast, they helped me tons of times. REALLY by far THE BEST EXPERIENCE on Codecanyon. Those guys at Botble are so good that they deserve 5 stars. I recommend them, I trust them and I can\'t wait to see what they will sell in a near future. Thank you Botble :)','published','2025-05-20 14:07:46','2025-05-20 14:07:46','[\"products\\/product-4.jpg\",\"products\\/product-9.jpg\",\"products\\/product-70.jpg\",\"products\\/product-76.jpg\"]'),(79,6,NULL,NULL,2,2,'Clean & perfect source code','published','2025-05-20 14:07:46','2025-05-20 14:07:46','[\"products\\/product-42.jpg\",\"products\\/product-66.jpg\",\"products\\/product-69.jpg\",\"products\\/product-77.jpg\"]'),(80,1,NULL,NULL,28,5,'It\'s not my first experience here on Codecanyon and I can honestly tell you all that Botble puts a LOT of effort into the support. They answer so fast, they helped me tons of times. REALLY by far THE BEST EXPERIENCE on Codecanyon. Those guys at Botble are so good that they deserve 5 stars. I recommend them, I trust them and I can\'t wait to see what they will sell in a near future. Thank you Botble :)','published','2025-05-20 14:07:46','2025-05-20 14:07:46','[\"products\\/product-28.jpg\",\"products\\/product-32.jpg\",\"products\\/product-89.jpg\",\"products\\/product-93.jpg\"]'),(81,2,NULL,NULL,40,2,'Best ecommerce CMS online store!','published','2025-05-20 14:07:46','2025-05-20 14:07:46','[\"products\\/product-11.jpg\",\"products\\/product-68.jpg\"]'),(82,6,NULL,NULL,58,1,'The script is the best of its class, fast, easy to implement and work with , and the most important thing is the great support team , Recommend with no doubt.','published','2025-05-20 14:07:46','2025-05-20 14:07:46','[\"products\\/product-23.jpg\",\"products\\/product-37.jpg\",\"products\\/product-59.jpg\"]'),(84,2,NULL,NULL,70,5,'Second or third time that I buy a Botble product, happy with the products and support. You guys do a good job :)','published','2025-05-20 14:07:46','2025-05-20 14:07:46','[\"products\\/pla-product-04.jpg\",\"products\\/product-21.jpg\",\"products\\/product-56.jpg\"]'),(85,4,NULL,NULL,42,5,'Very enthusiastic support! Excellent code is written. It\'s a true pleasure working with.','published','2025-05-20 14:07:46','2025-05-20 14:07:46','[\"products\\/product-24.jpg\",\"products\\/product-55.jpg\",\"products\\/product-63.jpg\"]'),(86,3,NULL,NULL,61,1,'Those guys now what they are doing, the release such a good product that it\'s a pleasure to work with ! Even when I was stuck on the project, I created a ticket and the next day it was replied by the team. GOOD JOB guys. I love working with them :)','published','2025-05-20 14:07:46','2025-05-20 14:07:46','[\"products\\/product-66.jpg\"]'),(87,10,NULL,NULL,25,5,'The script is the best of its class, fast, easy to implement and work with , and the most important thing is the great support team , Recommend with no doubt.','published','2025-05-20 14:07:46','2025-05-20 14:07:46','[\"products\\/pla-product-04.jpg\",\"products\\/product-35.jpg\",\"products\\/product-43.jpg\",\"products\\/product-74.jpg\"]'),(88,7,NULL,NULL,40,5,'This script is well coded and is super fast. The support is pretty quick. Very patient and helpful team. I strongly recommend it and they deserve more than 5 stars.','published','2025-05-20 14:07:46','2025-05-20 14:07:46','[\"products\\/product-47.jpg\"]'),(89,7,NULL,NULL,21,1,'Those guys now what they are doing, the release such a good product that it\'s a pleasure to work with ! Even when I was stuck on the project, I created a ticket and the next day it was replied by the team. GOOD JOB guys. I love working with them :)','published','2025-05-20 14:07:46','2025-05-20 14:07:46','[\"products\\/product-30.jpg\",\"products\\/product-83.jpg\",\"products\\/product-87.jpg\"]'),(90,5,NULL,NULL,14,2,'Perfect +++++++++ i love it really also i get to fast ticket answers... Thanks Lot BOTBLE Teams','published','2025-05-20 14:07:46','2025-05-20 14:07:46','[\"products\\/product-47.jpg\",\"products\\/product-72.jpg\",\"products\\/product-75.jpg\",\"products\\/product-79.jpg\"]'),(91,8,NULL,NULL,39,3,'The best ecommerce CMS! Excellent coding! best support service! Thank you so much..... I really like your hard work.','published','2025-05-20 14:07:46','2025-05-20 14:07:46','[\"products\\/product-5.jpg\",\"products\\/product-25.jpg\",\"products\\/product-45.jpg\",\"products\\/product-70.jpg\"]'),(92,1,NULL,NULL,1,5,'Great E-commerce system. And much more : Wonderful Customer Support.','published','2025-05-20 14:07:46','2025-05-20 14:07:46','[\"products\\/product-26.jpg\",\"products\\/product-27.jpg\",\"products\\/product-84.jpg\",\"products\\/product-93.jpg\"]'),(94,3,NULL,NULL,32,1,'Amazing code, amazing support. Overall, im really confident in Botble and im happy I made the right choice! Thank you so much guys for coding this masterpiece','published','2025-05-20 14:07:46','2025-05-20 14:07:46','[\"products\\/pla-product-02.jpg\",\"products\\/product-1.jpg\",\"products\\/product-36.jpg\",\"products\\/product-55.jpg\"]'),(95,2,NULL,NULL,32,5,'Customer Support are grade (A*), however the code is a way too over engineered for it\'s purpose.','published','2025-05-20 14:07:46','2025-05-20 14:07:46','[\"products\\/product-2.jpg\",\"products\\/product-26.jpg\",\"products\\/product-57.jpg\",\"products\\/product-90.jpg\"]'),(96,10,NULL,NULL,2,4,'Solution is too robust for our purpose so we didn\'t use it at the end. But I appreciate customer support during initial configuration.','published','2025-05-20 14:07:46','2025-05-20 14:07:46','[\"products\\/pla-product-02.jpg\",\"products\\/product-60.jpg\",\"products\\/product-68.jpg\"]'),(98,7,NULL,NULL,52,3,'This script is well coded and is super fast. The support is pretty quick. Very patient and helpful team. I strongly recommend it and they deserve more than 5 stars.','published','2025-05-20 14:07:46','2025-05-20 14:07:46','[\"products\\/product-4.jpg\",\"products\\/product-87.jpg\"]'),(100,4,NULL,NULL,20,1,'As a developer I reviewed this script. This is really awesome ecommerce script. I have convinced when I noticed that it\'s built on fully WordPress concept.','published','2025-05-20 14:07:46','2025-05-20 14:07:46','[\"products\\/product-23.jpg\"]'),(101,8,NULL,NULL,71,5,'Good app, good backup service and support. Good documentation.','published','2025-05-20 14:07:46','2025-05-20 14:07:46','[\"products\\/product-9.jpg\",\"products\\/product-91.jpg\"]'),(102,2,NULL,NULL,75,4,'Amazing code, amazing support. Overall, im really confident in Botble and im happy I made the right choice! Thank you so much guys for coding this masterpiece','published','2025-05-20 14:07:46','2025-05-20 14:07:46','[\"products\\/product-47.jpg\",\"products\\/product-76.jpg\"]'),(103,1,NULL,NULL,65,4,'Very enthusiastic support! Excellent code is written. It\'s a true pleasure working with.','published','2025-05-20 14:07:46','2025-05-20 14:07:46','[\"products\\/product-25.jpg\",\"products\\/product-26.jpg\",\"products\\/product-44.jpg\",\"products\\/product-54.jpg\"]'),(105,4,NULL,NULL,67,1,'Very enthusiastic support! Excellent code is written. It\'s a true pleasure working with.','published','2025-05-20 14:07:46','2025-05-20 14:07:46','[\"products\\/product-5.jpg\"]'),(107,5,NULL,NULL,29,5,'Good app, good backup service and support. Good documentation.','published','2025-05-20 14:07:46','2025-05-20 14:07:46','[\"products\\/pla-product-03.jpg\",\"products\\/product-86.jpg\"]'),(108,2,NULL,NULL,68,2,'Customer Support are grade (A*), however the code is a way too over engineered for it\'s purpose.','published','2025-05-20 14:07:46','2025-05-20 14:07:46','[\"products\\/pla-product-03.jpg\",\"products\\/product-68.jpg\",\"products\\/product-73.jpg\",\"products\\/product-87.jpg\"]'),(109,10,NULL,NULL,3,4,'These guys are amazing! Responses immediately, amazing support and help... I immediately feel at ease after Purchasing..','published','2025-05-20 14:07:46','2025-05-20 14:07:46','[\"products\\/product-2.jpg\",\"products\\/product-62.jpg\"]'),(110,4,NULL,NULL,18,4,'The best store template! Excellent coding! Very good support! Thank you so much for all the help, I really appreciated.','published','2025-05-20 14:07:46','2025-05-20 14:07:46','[\"products\\/product-33.jpg\",\"products\\/product-40.jpg\",\"products\\/product-50.jpg\",\"products\\/product-68.jpg\"]'),(111,8,NULL,NULL,6,3,'Cool template. Excellent code quality. The support responds very quickly, which is very rare on themeforest and codecanyon.net, I buy a lot of templates, and everyone will have a response from technical support for two or three days. Thanks to tech support. I recommend to buy.','published','2025-05-20 14:07:46','2025-05-20 14:07:46','[\"products\\/product-29.jpg\",\"products\\/product-59.jpg\"]'),(112,2,NULL,NULL,12,2,'We have received brilliant service support and will be expanding the features with the developer. Nice product!','published','2025-05-20 14:07:46','2025-05-20 14:07:46','[\"products\\/product-39.jpg\",\"products\\/product-77.jpg\"]'),(113,9,NULL,NULL,26,3,'For me the best eCommerce script on Envato at this moment: modern, clean code, a lot of great features. The customer support is great too: I always get an answer within hours!','published','2025-05-20 14:07:46','2025-05-20 14:07:46','[\"products\\/product-2.jpg\",\"products\\/product-81.jpg\",\"products\\/product-86.jpg\"]'),(115,9,NULL,NULL,61,5,'Good app, good backup service and support. Good documentation.','published','2025-05-20 14:07:46','2025-05-20 14:07:46','[\"products\\/pla-product-04.jpg\",\"products\\/product-3.jpg\",\"products\\/product-79.jpg\",\"products\\/product-88.jpg\"]'),(116,8,NULL,NULL,47,2,'We have received brilliant service support and will be expanding the features with the developer. Nice product!','published','2025-05-20 14:07:46','2025-05-20 14:07:46','[\"products\\/product-34.jpg\",\"products\\/product-86.jpg\"]'),(117,5,NULL,NULL,68,4,'The script is the best of its class, fast, easy to implement and work with , and the most important thing is the great support team , Recommend with no doubt.','published','2025-05-20 14:07:46','2025-05-20 14:07:46','[\"products\\/product-15.jpg\",\"products\\/product-60.jpg\",\"products\\/product-65.jpg\",\"products\\/product-89.jpg\"]'),(118,3,NULL,NULL,11,2,'Ok good product. I have some issues in customizations. But its not correct to blame the developer. The product is good. Good luck for your business.','published','2025-05-20 14:07:46','2025-05-20 14:07:46','[\"products\\/product-33.jpg\",\"products\\/product-46.jpg\",\"products\\/product-79.jpg\"]'),(119,4,NULL,NULL,70,3,'We have received brilliant service support and will be expanding the features with the developer. Nice product!','published','2025-05-20 14:07:46','2025-05-20 14:07:46','[\"products\\/product-5.jpg\",\"products\\/product-35.jpg\",\"products\\/product-70.jpg\"]'),(120,7,NULL,NULL,3,3,'This script is well coded and is super fast. The support is pretty quick. Very patient and helpful team. I strongly recommend it and they deserve more than 5 stars.','published','2025-05-20 14:07:46','2025-05-20 14:07:46','[\"products\\/product-6.jpg\",\"products\\/product-13.jpg\",\"products\\/product-61.jpg\",\"products\\/product-72.jpg\"]'),(121,4,NULL,NULL,35,1,'Great system, great support, good job Botble. I\'m looking forward to more great functional plugins.','published','2025-05-20 14:07:46','2025-05-20 14:07:46','[\"products\\/product-19.jpg\",\"products\\/product-27.jpg\",\"products\\/product-95.jpg\"]'),(122,10,NULL,NULL,68,1,'Cool template. Excellent code quality. The support responds very quickly, which is very rare on themeforest and codecanyon.net, I buy a lot of templates, and everyone will have a response from technical support for two or three days. Thanks to tech support. I recommend to buy.','published','2025-05-20 14:07:46','2025-05-20 14:07:46','[\"products\\/product-2.jpg\",\"products\\/product-37.jpg\",\"products\\/product-47.jpg\"]'),(123,8,NULL,NULL,72,1,'It\'s not my first experience here on Codecanyon and I can honestly tell you all that Botble puts a LOT of effort into the support. They answer so fast, they helped me tons of times. REALLY by far THE BEST EXPERIENCE on Codecanyon. Those guys at Botble are so good that they deserve 5 stars. I recommend them, I trust them and I can\'t wait to see what they will sell in a near future. Thank you Botble :)','published','2025-05-20 14:07:46','2025-05-20 14:07:46','[\"products\\/product-59.jpg\",\"products\\/product-95.jpg\"]'),(124,6,NULL,NULL,14,2,'Cool template. Excellent code quality. The support responds very quickly, which is very rare on themeforest and codecanyon.net, I buy a lot of templates, and everyone will have a response from technical support for two or three days. Thanks to tech support. I recommend to buy.','published','2025-05-20 14:07:46','2025-05-20 14:07:46','[\"products\\/product-13.jpg\"]'),(125,9,NULL,NULL,38,1,'Clean & perfect source code','published','2025-05-20 14:07:46','2025-05-20 14:07:46','[\"products\\/product-83.jpg\"]'),(126,5,NULL,NULL,64,5,'Clean & perfect source code','published','2025-05-20 14:07:46','2025-05-20 14:07:46','[\"products\\/product-1.jpg\",\"products\\/product-58.jpg\",\"products\\/product-59.jpg\",\"products\\/product-70.jpg\"]'),(128,2,NULL,NULL,30,3,'The script is the best of its class, fast, easy to implement and work with , and the most important thing is the great support team , Recommend with no doubt.','published','2025-05-20 14:07:46','2025-05-20 14:07:46','[\"products\\/product-15.jpg\",\"products\\/product-46.jpg\"]'),(129,10,NULL,NULL,23,2,'This script is well coded and is super fast. The support is pretty quick. Very patient and helpful team. I strongly recommend it and they deserve more than 5 stars.','published','2025-05-20 14:07:46','2025-05-20 14:07:46','[\"products\\/product-17.jpg\",\"products\\/product-23.jpg\",\"products\\/product-51.jpg\"]'),(130,6,NULL,NULL,38,5,'These guys are amazing! Responses immediately, amazing support and help... I immediately feel at ease after Purchasing..','published','2025-05-20 14:07:46','2025-05-20 14:07:46','[\"products\\/product-12.jpg\",\"products\\/product-71.jpg\",\"products\\/product-74.jpg\",\"products\\/product-86.jpg\"]'),(131,5,NULL,NULL,8,4,'Perfect +++++++++ i love it really also i get to fast ticket answers... Thanks Lot BOTBLE Teams','published','2025-05-20 14:07:46','2025-05-20 14:07:46','[\"products\\/product-22.jpg\",\"products\\/product-26.jpg\",\"products\\/product-41.jpg\",\"products\\/product-65.jpg\"]'),(132,10,NULL,NULL,40,4,'Cool template. Excellent code quality. The support responds very quickly, which is very rare on themeforest and codecanyon.net, I buy a lot of templates, and everyone will have a response from technical support for two or three days. Thanks to tech support. I recommend to buy.','published','2025-05-20 14:07:46','2025-05-20 14:07:46','[\"products\\/pla-product-03.jpg\",\"products\\/product-25.jpg\",\"products\\/product-54.jpg\",\"products\\/product-59.jpg\"]'),(133,10,NULL,NULL,44,5,'Solution is too robust for our purpose so we didn\'t use it at the end. But I appreciate customer support during initial configuration.','published','2025-05-20 14:07:46','2025-05-20 14:07:46','[\"products\\/product-32.jpg\",\"products\\/product-44.jpg\"]'),(134,7,NULL,NULL,68,4,'As a developer I reviewed this script. This is really awesome ecommerce script. I have convinced when I noticed that it\'s built on fully WordPress concept.','published','2025-05-20 14:07:46','2025-05-20 14:07:46','[\"products\\/product-25.jpg\",\"products\\/product-32.jpg\",\"products\\/product-61.jpg\",\"products\\/product-74.jpg\"]'),(135,2,NULL,NULL,3,4,'The code is good, in general, if you like it, can you give it 5 stars?','published','2025-05-20 14:07:46','2025-05-20 14:07:46','[\"products\\/product-47.jpg\",\"products\\/product-48.jpg\",\"products\\/product-66.jpg\"]'),(136,7,NULL,NULL,18,4,'Ok good product. I have some issues in customizations. But its not correct to blame the developer. The product is good. Good luck for your business.','published','2025-05-20 14:07:46','2025-05-20 14:07:46','[\"products\\/product-2.jpg\",\"products\\/product-24.jpg\",\"products\\/product-54.jpg\"]'),(137,3,NULL,NULL,43,2,'Second or third time that I buy a Botble product, happy with the products and support. You guys do a good job :)','published','2025-05-20 14:07:46','2025-05-20 14:07:46','[\"products\\/pla-product-01.jpg\",\"products\\/product-7.jpg\",\"products\\/product-11.jpg\",\"products\\/product-64.jpg\"]'),(138,9,NULL,NULL,12,4,'The best store template! Excellent coding! Very good support! Thank you so much for all the help, I really appreciated.','published','2025-05-20 14:07:46','2025-05-20 14:07:46','[\"products\\/product-32.jpg\",\"products\\/product-33.jpg\",\"products\\/product-88.jpg\",\"products\\/product-89.jpg\"]'),(139,1,NULL,NULL,53,2,'It\'s not my first experience here on Codecanyon and I can honestly tell you all that Botble puts a LOT of effort into the support. They answer so fast, they helped me tons of times. REALLY by far THE BEST EXPERIENCE on Codecanyon. Those guys at Botble are so good that they deserve 5 stars. I recommend them, I trust them and I can\'t wait to see what they will sell in a near future. Thank you Botble :)','published','2025-05-20 14:07:46','2025-05-20 14:07:46','[\"products\\/product-41.jpg\",\"products\\/product-75.jpg\"]'),(141,3,NULL,NULL,69,5,'Those guys now what they are doing, the release such a good product that it\'s a pleasure to work with ! Even when I was stuck on the project, I created a ticket and the next day it was replied by the team. GOOD JOB guys. I love working with them :)','published','2025-05-20 14:07:46','2025-05-20 14:07:46','[\"products\\/product-42.jpg\"]'),(142,7,NULL,NULL,73,1,'Customer Support are grade (A*), however the code is a way too over engineered for it\'s purpose.','published','2025-05-20 14:07:46','2025-05-20 14:07:46','[\"products\\/product-81.jpg\"]'),(143,4,NULL,NULL,10,2,'The best ecommerce CMS! Excellent coding! best support service! Thank you so much..... I really like your hard work.','published','2025-05-20 14:07:46','2025-05-20 14:07:46','[\"products\\/product-6.jpg\",\"products\\/product-16.jpg\",\"products\\/product-65.jpg\",\"products\\/product-68.jpg\"]'),(144,7,NULL,NULL,57,1,'Second or third time that I buy a Botble product, happy with the products and support. You guys do a good job :)','published','2025-05-20 14:07:46','2025-05-20 14:07:46','[\"products\\/pla-product-01.jpg\",\"products\\/product-24.jpg\",\"products\\/product-57.jpg\",\"products\\/product-87.jpg\"]'),(147,7,NULL,NULL,28,1,'For me the best eCommerce script on Envato at this moment: modern, clean code, a lot of great features. The customer support is great too: I always get an answer within hours!','published','2025-05-20 14:07:46','2025-05-20 14:07:46','[\"products\\/pla-product-02.jpg\",\"products\\/product-29.jpg\",\"products\\/product-62.jpg\"]'),(148,7,NULL,NULL,67,2,'Customer Support are grade (A*), however the code is a way too over engineered for it\'s purpose.','published','2025-05-20 14:07:46','2025-05-20 14:07:46','[\"products\\/product-6.jpg\",\"products\\/product-47.jpg\",\"products\\/product-74.jpg\"]'),(149,10,NULL,NULL,36,1,'This web app is really good in design, code quality & features. Besides, the customer support provided by the Botble team was really fast & helpful. You guys are awesome!','published','2025-05-20 14:07:46','2025-05-20 14:07:46','[\"products\\/product-81.jpg\"]'),(150,3,NULL,NULL,15,5,'This web app is really good in design, code quality & features. Besides, the customer support provided by the Botble team was really fast & helpful. You guys are awesome!','published','2025-05-20 14:07:46','2025-05-20 14:07:46','[\"products\\/product-66.jpg\"]'),(151,3,NULL,NULL,56,1,'Ok good product. I have some issues in customizations. But its not correct to blame the developer. The product is good. Good luck for your business.','published','2025-05-20 14:07:46','2025-05-20 14:07:46','[\"products\\/product-77.jpg\"]'),(154,8,NULL,NULL,33,3,'Cool template. Excellent code quality. The support responds very quickly, which is very rare on themeforest and codecanyon.net, I buy a lot of templates, and everyone will have a response from technical support for two or three days. Thanks to tech support. I recommend to buy.','published','2025-05-20 14:07:46','2025-05-20 14:07:46','[\"products\\/product-50.jpg\",\"products\\/product-62.jpg\",\"products\\/product-95.jpg\"]'),(155,7,NULL,NULL,5,4,'Second or third time that I buy a Botble product, happy with the products and support. You guys do a good job :)','published','2025-05-20 14:07:46','2025-05-20 14:07:46','[\"products\\/product-62.jpg\",\"products\\/product-69.jpg\",\"products\\/product-82.jpg\"]'),(156,7,NULL,NULL,63,4,'It\'s not my first experience here on Codecanyon and I can honestly tell you all that Botble puts a LOT of effort into the support. They answer so fast, they helped me tons of times. REALLY by far THE BEST EXPERIENCE on Codecanyon. Those guys at Botble are so good that they deserve 5 stars. I recommend them, I trust them and I can\'t wait to see what they will sell in a near future. Thank you Botble :)','published','2025-05-20 14:07:46','2025-05-20 14:07:46','[\"products\\/product-9.jpg\",\"products\\/product-31.jpg\",\"products\\/product-66.jpg\",\"products\\/product-67.jpg\"]'),(159,10,NULL,NULL,14,2,'The code is good, in general, if you like it, can you give it 5 stars?','published','2025-05-20 14:07:46','2025-05-20 14:07:46','[\"products\\/product-34.jpg\",\"products\\/product-38.jpg\",\"products\\/product-59.jpg\",\"products\\/product-75.jpg\"]'),(160,8,NULL,NULL,64,3,'This script is well coded and is super fast. The support is pretty quick. Very patient and helpful team. I strongly recommend it and they deserve more than 5 stars.','published','2025-05-20 14:07:46','2025-05-20 14:07:46','[\"products\\/product-31.jpg\",\"products\\/product-62.jpg\"]'),(161,10,NULL,NULL,62,4,'Great E-commerce system. And much more : Wonderful Customer Support.','published','2025-05-20 14:07:46','2025-05-20 14:07:46','[\"products\\/product-32.jpg\",\"products\\/product-56.jpg\",\"products\\/product-81.jpg\",\"products\\/product-83.jpg\"]'),(162,5,NULL,NULL,38,5,'Good app, good backup service and support. Good documentation.','published','2025-05-20 14:07:46','2025-05-20 14:07:46','[\"products\\/product-7.jpg\",\"products\\/product-33.jpg\",\"products\\/product-48.jpg\"]'),(163,10,NULL,NULL,63,4,'As a developer I reviewed this script. This is really awesome ecommerce script. I have convinced when I noticed that it\'s built on fully WordPress concept.','published','2025-05-20 14:07:46','2025-05-20 14:07:46','[\"products\\/product-31.jpg\",\"products\\/product-75.jpg\"]'),(164,8,NULL,NULL,63,4,'The code is good, in general, if you like it, can you give it 5 stars?','published','2025-05-20 14:07:46','2025-05-20 14:07:46','[\"products\\/product-10.jpg\",\"products\\/product-69.jpg\",\"products\\/product-77.jpg\"]'),(167,6,NULL,NULL,59,3,'This web app is really good in design, code quality & features. Besides, the customer support provided by the Botble team was really fast & helpful. You guys are awesome!','published','2025-05-20 14:07:46','2025-05-20 14:07:46','[\"products\\/product-7.jpg\",\"products\\/product-89.jpg\"]'),(169,7,NULL,NULL,66,5,'The best ecommerce CMS! Excellent coding! best support service! Thank you so much..... I really like your hard work.','published','2025-05-20 14:07:46','2025-05-20 14:07:46','[\"products\\/product-1.jpg\",\"products\\/product-2.jpg\",\"products\\/product-17.jpg\",\"products\\/product-59.jpg\"]'),(170,4,NULL,NULL,68,1,'Clean & perfect source code','published','2025-05-20 14:07:46','2025-05-20 14:07:46','[\"products\\/product-37.jpg\",\"products\\/product-56.jpg\"]'),(171,1,NULL,NULL,33,4,'Solution is too robust for our purpose so we didn\'t use it at the end. But I appreciate customer support during initial configuration.','published','2025-05-20 14:07:46','2025-05-20 14:07:46','[\"products\\/product-24.jpg\"]'),(172,2,NULL,NULL,72,5,'We have received brilliant service support and will be expanding the features with the developer. Nice product!','published','2025-05-20 14:07:46','2025-05-20 14:07:46','[\"products\\/product-74.jpg\",\"products\\/product-84.jpg\",\"products\\/product-85.jpg\"]'),(173,4,NULL,NULL,44,2,'Second or third time that I buy a Botble product, happy with the products and support. You guys do a good job :)','published','2025-05-20 14:07:46','2025-05-20 14:07:46','[\"products\\/pla-product-01.jpg\",\"products\\/product-9.jpg\",\"products\\/product-29.jpg\"]'),(174,6,NULL,NULL,26,2,'Customer Support are grade (A*), however the code is a way too over engineered for it\'s purpose.','published','2025-05-20 14:07:46','2025-05-20 14:07:46','[\"products\\/pla-product-02.jpg\",\"products\\/product-16.jpg\",\"products\\/product-87.jpg\",\"products\\/product-89.jpg\"]'),(175,5,NULL,NULL,63,3,'These guys are amazing! Responses immediately, amazing support and help... I immediately feel at ease after Purchasing..','published','2025-05-20 14:07:46','2025-05-20 14:07:46','[\"products\\/product-15.jpg\",\"products\\/product-16.jpg\",\"products\\/product-34.jpg\",\"products\\/product-84.jpg\"]'),(176,9,NULL,NULL,4,2,'This script is well coded and is super fast. The support is pretty quick. Very patient and helpful team. I strongly recommend it and they deserve more than 5 stars.','published','2025-05-20 14:07:46','2025-05-20 14:07:46','[\"products\\/product-27.jpg\",\"products\\/product-51.jpg\",\"products\\/product-55.jpg\"]'),(177,2,NULL,NULL,7,2,'As a developer I reviewed this script. This is really awesome ecommerce script. I have convinced when I noticed that it\'s built on fully WordPress concept.','published','2025-05-20 14:07:46','2025-05-20 14:07:46','[\"products\\/product-68.jpg\"]'),(178,10,NULL,NULL,11,5,'Great E-commerce system. And much more : Wonderful Customer Support.','published','2025-05-20 14:07:46','2025-05-20 14:07:46','[\"products\\/product-10.jpg\",\"products\\/product-85.jpg\"]'),(179,7,NULL,NULL,69,2,'The code is good, in general, if you like it, can you give it 5 stars?','published','2025-05-20 14:07:46','2025-05-20 14:07:46','[\"products\\/product-94.jpg\"]'),(180,6,NULL,NULL,29,5,'Good app, good backup service and support. Good documentation.','published','2025-05-20 14:07:46','2025-05-20 14:07:46','[\"products\\/product-11.jpg\"]'),(181,6,NULL,NULL,73,1,'Perfect +++++++++ i love it really also i get to fast ticket answers... Thanks Lot BOTBLE Teams','published','2025-05-20 14:07:46','2025-05-20 14:07:46','[\"products\\/product-8.jpg\",\"products\\/product-32.jpg\",\"products\\/product-66.jpg\",\"products\\/product-86.jpg\"]'),(182,10,NULL,NULL,38,3,'Best ecommerce CMS online store!','published','2025-05-20 14:07:46','2025-05-20 14:07:46','[\"products\\/product-3.jpg\",\"products\\/product-23.jpg\",\"products\\/product-61.jpg\"]'),(185,3,NULL,NULL,59,5,'The script is the best of its class, fast, easy to implement and work with , and the most important thing is the great support team , Recommend with no doubt.','published','2025-05-20 14:07:46','2025-05-20 14:07:46','[\"products\\/product-61.jpg\"]'),(186,3,NULL,NULL,17,3,'Ok good product. I have some issues in customizations. But its not correct to blame the developer. The product is good. Good luck for your business.','published','2025-05-20 14:07:46','2025-05-20 14:07:46','[\"products\\/product-6.jpg\",\"products\\/product-49.jpg\",\"products\\/product-63.jpg\"]'),(187,10,NULL,NULL,71,2,'This web app is really good in design, code quality & features. Besides, the customer support provided by the Botble team was really fast & helpful. You guys are awesome!','published','2025-05-20 14:07:46','2025-05-20 14:07:46','[\"products\\/product-12.jpg\",\"products\\/product-33.jpg\",\"products\\/product-83.jpg\",\"products\\/product-88.jpg\"]'),(188,2,NULL,NULL,6,4,'Best ecommerce CMS online store!','published','2025-05-20 14:07:46','2025-05-20 14:07:46','[\"products\\/pla-product-01.jpg\",\"products\\/product-73.jpg\"]'),(189,4,NULL,NULL,6,5,'Best ecommerce CMS online store!','published','2025-05-20 14:07:46','2025-05-20 14:07:46','[\"products\\/product-5.jpg\",\"products\\/product-29.jpg\",\"products\\/product-66.jpg\",\"products\\/product-74.jpg\"]'),(191,9,NULL,NULL,52,3,'Ok good product. I have some issues in customizations. But its not correct to blame the developer. The product is good. Good luck for your business.','published','2025-05-20 14:07:46','2025-05-20 14:07:46','[\"products\\/product-4.jpg\",\"products\\/product-21.jpg\",\"products\\/product-33.jpg\",\"products\\/product-74.jpg\"]'),(194,7,NULL,NULL,35,2,'For me the best eCommerce script on Envato at this moment: modern, clean code, a lot of great features. The customer support is great too: I always get an answer within hours!','published','2025-05-20 14:07:46','2025-05-20 14:07:46','[\"products\\/product-1.jpg\",\"products\\/product-69.jpg\",\"products\\/product-84.jpg\"]'),(196,4,NULL,NULL,13,2,'The best store template! Excellent coding! Very good support! Thank you so much for all the help, I really appreciated.','published','2025-05-20 14:07:46','2025-05-20 14:07:46','[\"products\\/product-27.jpg\",\"products\\/product-38.jpg\",\"products\\/product-53.jpg\",\"products\\/product-60.jpg\"]'),(198,2,NULL,NULL,23,1,'The code is good, in general, if you like it, can you give it 5 stars?','published','2025-05-20 14:07:46','2025-05-20 14:07:46','[\"products\\/product-66.jpg\",\"products\\/product-75.jpg\",\"products\\/product-83.jpg\"]'),(199,8,NULL,NULL,31,2,'Great system, great support, good job Botble. I\'m looking forward to more great functional plugins.','published','2025-05-20 14:07:46','2025-05-20 14:07:46','[\"products\\/product-3.jpg\"]'),(200,8,NULL,NULL,9,2,'These guys are amazing! Responses immediately, amazing support and help... I immediately feel at ease after Purchasing..','published','2025-05-20 14:07:46','2025-05-20 14:07:46','[\"products\\/product-24.jpg\",\"products\\/product-65.jpg\"]'),(201,4,NULL,NULL,34,2,'For me the best eCommerce script on Envato at this moment: modern, clean code, a lot of great features. The customer support is great too: I always get an answer within hours!','published','2025-05-20 14:07:46','2025-05-20 14:07:46','[\"products\\/product-34.jpg\",\"products\\/product-91.jpg\"]'),(203,9,NULL,NULL,64,2,'These guys are amazing! Responses immediately, amazing support and help... I immediately feel at ease after Purchasing..','published','2025-05-20 14:07:46','2025-05-20 14:07:46','[\"products\\/product-1.jpg\",\"products\\/product-12.jpg\",\"products\\/product-13.jpg\",\"products\\/product-58.jpg\"]'),(204,9,NULL,NULL,32,5,'This web app is really good in design, code quality & features. Besides, the customer support provided by the Botble team was really fast & helpful. You guys are awesome!','published','2025-05-20 14:07:46','2025-05-20 14:07:46','[\"products\\/product-14.jpg\",\"products\\/product-86.jpg\",\"products\\/product-87.jpg\"]'),(205,1,NULL,NULL,60,3,'Perfect +++++++++ i love it really also i get to fast ticket answers... Thanks Lot BOTBLE Teams','published','2025-05-20 14:07:46','2025-05-20 14:07:46','[\"products\\/product-22.jpg\",\"products\\/product-91.jpg\"]'),(206,7,NULL,NULL,13,4,'It\'s not my first experience here on Codecanyon and I can honestly tell you all that Botble puts a LOT of effort into the support. They answer so fast, they helped me tons of times. REALLY by far THE BEST EXPERIENCE on Codecanyon. Those guys at Botble are so good that they deserve 5 stars. I recommend them, I trust them and I can\'t wait to see what they will sell in a near future. Thank you Botble :)','published','2025-05-20 14:07:46','2025-05-20 14:07:46','[\"products\\/product-1.jpg\",\"products\\/product-69.jpg\",\"products\\/product-75.jpg\",\"products\\/product-83.jpg\"]'),(207,4,NULL,NULL,9,5,'This web app is really good in design, code quality & features. Besides, the customer support provided by the Botble team was really fast & helpful. You guys are awesome!','published','2025-05-20 14:07:46','2025-05-20 14:07:46','[\"products\\/product-30.jpg\",\"products\\/product-85.jpg\",\"products\\/product-86.jpg\"]'),(209,10,NULL,NULL,17,5,'Great E-commerce system. And much more : Wonderful Customer Support.','published','2025-05-20 14:07:46','2025-05-20 14:07:46','[\"products\\/pla-product-04.jpg\"]'),(210,7,NULL,NULL,43,3,'Clean & perfect source code','published','2025-05-20 14:07:46','2025-05-20 14:07:46','[\"products\\/product-3.jpg\",\"products\\/product-14.jpg\",\"products\\/product-71.jpg\"]'),(211,9,NULL,NULL,3,2,'Best ecommerce CMS online store!','published','2025-05-20 14:07:46','2025-05-20 14:07:46','[\"products\\/product-92.jpg\"]'),(212,10,NULL,NULL,22,4,'Those guys now what they are doing, the release such a good product that it\'s a pleasure to work with ! Even when I was stuck on the project, I created a ticket and the next day it was replied by the team. GOOD JOB guys. I love working with them :)','published','2025-05-20 14:07:46','2025-05-20 14:07:46','[\"products\\/product-25.jpg\",\"products\\/product-39.jpg\",\"products\\/product-69.jpg\"]'),(213,4,NULL,NULL,29,1,'Best ecommerce CMS online store!','published','2025-05-20 14:07:46','2025-05-20 14:07:46','[\"products\\/product-16.jpg\",\"products\\/product-52.jpg\",\"products\\/product-84.jpg\",\"products\\/product-85.jpg\"]'),(214,4,NULL,NULL,21,1,'Those guys now what they are doing, the release such a good product that it\'s a pleasure to work with ! Even when I was stuck on the project, I created a ticket and the next day it was replied by the team. GOOD JOB guys. I love working with them :)','published','2025-05-20 14:07:46','2025-05-20 14:07:46','[\"products\\/product-11.jpg\",\"products\\/product-48.jpg\"]'),(215,10,NULL,NULL,12,5,'Clean & perfect source code','published','2025-05-20 14:07:46','2025-05-20 14:07:46','[\"products\\/product-3.jpg\",\"products\\/product-45.jpg\",\"products\\/product-71.jpg\"]'),(216,5,NULL,NULL,69,3,'Very enthusiastic support! Excellent code is written. It\'s a true pleasure working with.','published','2025-05-20 14:07:46','2025-05-20 14:07:46','[\"products\\/product-9.jpg\",\"products\\/product-74.jpg\"]'),(217,8,NULL,NULL,15,5,'Second or third time that I buy a Botble product, happy with the products and support. You guys do a good job :)','published','2025-05-20 14:07:46','2025-05-20 14:07:46','[\"products\\/product-21.jpg\",\"products\\/product-76.jpg\"]'),(218,8,NULL,NULL,69,4,'I Love this Script. I also found how to add other fees. Now I just wait the BIG update for the Marketplace with the Bulk Import. Just do not forget to make it to be Multi-language for us the Botble Fans.','published','2025-05-20 14:07:46','2025-05-20 14:07:46','[\"products\\/product-22.jpg\",\"products\\/product-24.jpg\"]'),(219,8,NULL,NULL,75,2,'We have received brilliant service support and will be expanding the features with the developer. Nice product!','published','2025-05-20 14:07:46','2025-05-20 14:07:46','[\"products\\/product-6.jpg\"]'),(220,4,NULL,NULL,57,1,'It\'s not my first experience here on Codecanyon and I can honestly tell you all that Botble puts a LOT of effort into the support. They answer so fast, they helped me tons of times. REALLY by far THE BEST EXPERIENCE on Codecanyon. Those guys at Botble are so good that they deserve 5 stars. I recommend them, I trust them and I can\'t wait to see what they will sell in a near future. Thank you Botble :)','published','2025-05-20 14:07:46','2025-05-20 14:07:46','[\"products\\/product-13.jpg\",\"products\\/product-37.jpg\",\"products\\/product-70.jpg\",\"products\\/product-90.jpg\"]'),(221,9,NULL,NULL,36,2,'Ok good product. I have some issues in customizations. But its not correct to blame the developer. The product is good. Good luck for your business.','published','2025-05-20 14:07:46','2025-05-20 14:07:46','[\"products\\/product-2.jpg\",\"products\\/product-56.jpg\",\"products\\/product-81.jpg\"]'),(222,4,NULL,NULL,17,2,'As a developer I reviewed this script. This is really awesome ecommerce script. I have convinced when I noticed that it\'s built on fully WordPress concept.','published','2025-05-20 14:07:46','2025-05-20 14:07:46','[\"products\\/pla-product-02.jpg\",\"products\\/product-61.jpg\",\"products\\/product-74.jpg\",\"products\\/product-92.jpg\"]'),(223,1,NULL,NULL,61,4,'I Love this Script. I also found how to add other fees. Now I just wait the BIG update for the Marketplace with the Bulk Import. Just do not forget to make it to be Multi-language for us the Botble Fans.','published','2025-05-20 14:07:46','2025-05-20 14:07:46','[\"products\\/pla-product-04.jpg\",\"products\\/product-7.jpg\",\"products\\/product-70.jpg\",\"products\\/product-92.jpg\"]'),(224,4,NULL,NULL,63,5,'Cool template. Excellent code quality. The support responds very quickly, which is very rare on themeforest and codecanyon.net, I buy a lot of templates, and everyone will have a response from technical support for two or three days. Thanks to tech support. I recommend to buy.','published','2025-05-20 14:07:46','2025-05-20 14:07:46','[\"products\\/product-16.jpg\",\"products\\/product-43.jpg\"]'),(225,10,NULL,NULL,65,3,'The best store template! Excellent coding! Very good support! Thank you so much for all the help, I really appreciated.','published','2025-05-20 14:07:46','2025-05-20 14:07:46','[\"products\\/product-11.jpg\",\"products\\/product-54.jpg\",\"products\\/product-92.jpg\"]'),(226,4,NULL,NULL,53,2,'Second or third time that I buy a Botble product, happy with the products and support. You guys do a good job :)','published','2025-05-20 14:07:46','2025-05-20 14:07:46','[\"products\\/product-57.jpg\"]'),(227,5,NULL,NULL,28,3,'The best ecommerce CMS! Excellent coding! best support service! Thank you so much..... I really like your hard work.','published','2025-05-20 14:07:46','2025-05-20 14:07:46','[\"products\\/product-69.jpg\"]'),(228,8,NULL,NULL,11,5,'For me the best eCommerce script on Envato at this moment: modern, clean code, a lot of great features. The customer support is great too: I always get an answer within hours!','published','2025-05-20 14:07:46','2025-05-20 14:07:46','[\"products\\/product-33.jpg\",\"products\\/product-43.jpg\"]'),(229,7,NULL,NULL,51,1,'Perfect +++++++++ i love it really also i get to fast ticket answers... Thanks Lot BOTBLE Teams','published','2025-05-20 14:07:46','2025-05-20 14:07:46','[\"products\\/product-3.jpg\",\"products\\/product-51.jpg\",\"products\\/product-66.jpg\",\"products\\/product-68.jpg\"]'),(230,6,NULL,NULL,55,3,'Clean & perfect source code','published','2025-05-20 14:07:46','2025-05-20 14:07:46','[\"products\\/product-88.jpg\"]'),(231,1,NULL,NULL,75,4,'Second or third time that I buy a Botble product, happy with the products and support. You guys do a good job :)','published','2025-05-20 14:07:46','2025-05-20 14:07:46','[\"products\\/pla-product-01.jpg\",\"products\\/product-70.jpg\"]'),(232,2,NULL,NULL,62,4,'It\'s not my first experience here on Codecanyon and I can honestly tell you all that Botble puts a LOT of effort into the support. They answer so fast, they helped me tons of times. REALLY by far THE BEST EXPERIENCE on Codecanyon. Those guys at Botble are so good that they deserve 5 stars. I recommend them, I trust them and I can\'t wait to see what they will sell in a near future. Thank you Botble :)','published','2025-05-20 14:07:46','2025-05-20 14:07:46','[\"products\\/product-16.jpg\",\"products\\/product-73.jpg\"]'),(233,1,NULL,NULL,64,2,'Cool template. Excellent code quality. The support responds very quickly, which is very rare on themeforest and codecanyon.net, I buy a lot of templates, and everyone will have a response from technical support for two or three days. Thanks to tech support. I recommend to buy.','published','2025-05-20 14:07:46','2025-05-20 14:07:46','[\"products\\/pla-product-04.jpg\",\"products\\/product-24.jpg\",\"products\\/product-29.jpg\",\"products\\/product-83.jpg\"]'),(234,3,NULL,NULL,60,3,'Second or third time that I buy a Botble product, happy with the products and support. You guys do a good job :)','published','2025-05-20 14:07:46','2025-05-20 14:07:46','[\"products\\/product-92.jpg\",\"products\\/product-95.jpg\"]'),(235,6,NULL,NULL,53,4,'This web app is really good in design, code quality & features. Besides, the customer support provided by the Botble team was really fast & helpful. You guys are awesome!','published','2025-05-20 14:07:46','2025-05-20 14:07:46','[\"products\\/product-30.jpg\",\"products\\/product-64.jpg\",\"products\\/product-77.jpg\",\"products\\/product-87.jpg\"]'),(236,3,NULL,NULL,8,3,'As a developer I reviewed this script. This is really awesome ecommerce script. I have convinced when I noticed that it\'s built on fully WordPress concept.','published','2025-05-20 14:07:46','2025-05-20 14:07:46','[\"products\\/product-10.jpg\",\"products\\/product-42.jpg\",\"products\\/product-83.jpg\",\"products\\/product-93.jpg\"]'),(238,7,NULL,NULL,61,1,'Ok good product. I have some issues in customizations. But its not correct to blame the developer. The product is good. Good luck for your business.','published','2025-05-20 14:07:46','2025-05-20 14:07:46','[\"products\\/product-14.jpg\",\"products\\/product-20.jpg\",\"products\\/product-80.jpg\"]'),(239,5,NULL,NULL,24,3,'Very enthusiastic support! Excellent code is written. It\'s a true pleasure working with.','published','2025-05-20 14:07:46','2025-05-20 14:07:46','[\"products\\/pla-product-02.jpg\",\"products\\/product-42.jpg\",\"products\\/product-45.jpg\",\"products\\/product-59.jpg\"]'),(241,1,NULL,NULL,57,1,'The code is good, in general, if you like it, can you give it 5 stars?','published','2025-05-20 14:07:46','2025-05-20 14:07:46','[\"products\\/product-21.jpg\",\"products\\/product-36.jpg\",\"products\\/product-69.jpg\",\"products\\/product-84.jpg\"]'),(243,8,NULL,NULL,70,4,'It\'s not my first experience here on Codecanyon and I can honestly tell you all that Botble puts a LOT of effort into the support. They answer so fast, they helped me tons of times. REALLY by far THE BEST EXPERIENCE on Codecanyon. Those guys at Botble are so good that they deserve 5 stars. I recommend them, I trust them and I can\'t wait to see what they will sell in a near future. Thank you Botble :)','published','2025-05-20 14:07:46','2025-05-20 14:07:46','[\"products\\/product-3.jpg\",\"products\\/product-21.jpg\",\"products\\/product-70.jpg\"]'),(249,9,NULL,NULL,23,4,'These guys are amazing! Responses immediately, amazing support and help... I immediately feel at ease after Purchasing..','published','2025-05-20 14:07:46','2025-05-20 14:07:46','[\"products\\/product-24.jpg\",\"products\\/product-29.jpg\",\"products\\/product-35.jpg\",\"products\\/product-80.jpg\"]'),(250,1,NULL,NULL,62,3,'Clean & perfect source code','published','2025-05-20 14:07:46','2025-05-20 14:07:46','[\"products\\/pla-product-03.jpg\",\"products\\/product-8.jpg\",\"products\\/product-13.jpg\"]'),(253,8,NULL,NULL,40,2,'This web app is really good in design, code quality & features. Besides, the customer support provided by the Botble team was really fast & helpful. You guys are awesome!','published','2025-05-20 14:07:46','2025-05-20 14:07:46','[\"products\\/product-22.jpg\",\"products\\/product-41.jpg\",\"products\\/product-89.jpg\"]'),(255,7,NULL,NULL,58,5,'Good app, good backup service and support. Good documentation.','published','2025-05-20 14:07:46','2025-05-20 14:07:46','[\"products\\/product-24.jpg\",\"products\\/product-74.jpg\"]'),(257,3,NULL,NULL,20,2,'Second or third time that I buy a Botble product, happy with the products and support. You guys do a good job :)','published','2025-05-20 14:07:46','2025-05-20 14:07:46','[\"products\\/product-31.jpg\"]'),(259,6,NULL,NULL,8,5,'These guys are amazing! Responses immediately, amazing support and help... I immediately feel at ease after Purchasing..','published','2025-05-20 14:07:46','2025-05-20 14:07:46','[\"products\\/product-4.jpg\",\"products\\/product-34.jpg\",\"products\\/product-56.jpg\"]'),(260,7,NULL,NULL,30,2,'Cool template. Excellent code quality. The support responds very quickly, which is very rare on themeforest and codecanyon.net, I buy a lot of templates, and everyone will have a response from technical support for two or three days. Thanks to tech support. I recommend to buy.','published','2025-05-20 14:07:46','2025-05-20 14:07:46','[\"products\\/product-38.jpg\",\"products\\/product-61.jpg\"]'),(262,6,NULL,NULL,6,2,'For me the best eCommerce script on Envato at this moment: modern, clean code, a lot of great features. The customer support is great too: I always get an answer within hours!','published','2025-05-20 14:07:46','2025-05-20 14:07:46','[\"products\\/product-56.jpg\"]'),(263,1,NULL,NULL,38,2,'This script is well coded and is super fast. The support is pretty quick. Very patient and helpful team. I strongly recommend it and they deserve more than 5 stars.','published','2025-05-20 14:07:46','2025-05-20 14:07:46','[\"products\\/product-19.jpg\",\"products\\/product-37.jpg\",\"products\\/product-70.jpg\",\"products\\/product-86.jpg\"]'),(264,1,NULL,NULL,42,3,'Very enthusiastic support! Excellent code is written. It\'s a true pleasure working with.','published','2025-05-20 14:07:46','2025-05-20 14:07:46','[\"products\\/product-66.jpg\",\"products\\/product-84.jpg\"]'),(265,10,NULL,NULL,20,5,'The code is good, in general, if you like it, can you give it 5 stars?','published','2025-05-20 14:07:46','2025-05-20 14:07:46','[\"products\\/product-5.jpg\"]'),(267,10,NULL,NULL,15,4,'Those guys now what they are doing, the release such a good product that it\'s a pleasure to work with ! Even when I was stuck on the project, I created a ticket and the next day it was replied by the team. GOOD JOB guys. I love working with them :)','published','2025-05-20 14:07:46','2025-05-20 14:07:46','[\"products\\/product-41.jpg\",\"products\\/product-48.jpg\",\"products\\/product-60.jpg\",\"products\\/product-76.jpg\"]'),(269,10,NULL,NULL,28,1,'Great system, great support, good job Botble. I\'m looking forward to more great functional plugins.','published','2025-05-20 14:07:46','2025-05-20 14:07:46','[\"products\\/product-44.jpg\",\"products\\/product-45.jpg\",\"products\\/product-46.jpg\"]'),(270,5,NULL,NULL,57,3,'Cool template. Excellent code quality. The support responds very quickly, which is very rare on themeforest and codecanyon.net, I buy a lot of templates, and everyone will have a response from technical support for two or three days. Thanks to tech support. I recommend to buy.','published','2025-05-20 14:07:46','2025-05-20 14:07:46','[\"products\\/product-44.jpg\",\"products\\/product-85.jpg\"]'),(271,3,NULL,NULL,44,4,'Second or third time that I buy a Botble product, happy with the products and support. You guys do a good job :)','published','2025-05-20 14:07:46','2025-05-20 14:07:46','[\"products\\/product-22.jpg\",\"products\\/product-45.jpg\",\"products\\/product-48.jpg\"]'),(272,1,NULL,NULL,30,1,'The best store template! Excellent coding! Very good support! Thank you so much for all the help, I really appreciated.','published','2025-05-20 14:07:46','2025-05-20 14:07:46','[\"products\\/product-16.jpg\",\"products\\/product-35.jpg\",\"products\\/product-81.jpg\"]'),(273,5,NULL,NULL,70,5,'Good app, good backup service and support. Good documentation.','published','2025-05-20 14:07:46','2025-05-20 14:07:46','[\"products\\/product-43.jpg\",\"products\\/product-64.jpg\",\"products\\/product-77.jpg\",\"products\\/product-79.jpg\"]'),(274,7,NULL,NULL,2,5,'Amazing code, amazing support. Overall, im really confident in Botble and im happy I made the right choice! Thank you so much guys for coding this masterpiece','published','2025-05-20 14:07:46','2025-05-20 14:07:46','[\"products\\/product-30.jpg\",\"products\\/product-59.jpg\",\"products\\/product-71.jpg\",\"products\\/product-94.jpg\"]'),(275,9,NULL,NULL,60,2,'Amazing code, amazing support. Overall, im really confident in Botble and im happy I made the right choice! Thank you so much guys for coding this masterpiece','published','2025-05-20 14:07:46','2025-05-20 14:07:46','[\"products\\/product-34.jpg\",\"products\\/product-38.jpg\"]'),(276,2,NULL,NULL,28,4,'This script is well coded and is super fast. The support is pretty quick. Very patient and helpful team. I strongly recommend it and they deserve more than 5 stars.','published','2025-05-20 14:07:46','2025-05-20 14:07:46','[\"products\\/product-56.jpg\",\"products\\/product-69.jpg\",\"products\\/product-78.jpg\",\"products\\/product-94.jpg\"]'),(277,3,NULL,NULL,41,3,'Solution is too robust for our purpose so we didn\'t use it at the end. But I appreciate customer support during initial configuration.','published','2025-05-20 14:07:46','2025-05-20 14:07:46','[\"products\\/product-52.jpg\",\"products\\/product-72.jpg\"]'),(278,7,NULL,NULL,74,4,'Great E-commerce system. And much more : Wonderful Customer Support.','published','2025-05-20 14:07:46','2025-05-20 14:07:46','[\"products\\/product-45.jpg\",\"products\\/product-70.jpg\"]'),(279,2,NULL,NULL,45,4,'Those guys now what they are doing, the release such a good product that it\'s a pleasure to work with ! Even when I was stuck on the project, I created a ticket and the next day it was replied by the team. GOOD JOB guys. I love working with them :)','published','2025-05-20 14:07:46','2025-05-20 14:07:46','[\"products\\/pla-product-03.jpg\",\"products\\/product-75.jpg\",\"products\\/product-89.jpg\"]'),(281,1,NULL,NULL,12,4,'Customer Support are grade (A*), however the code is a way too over engineered for it\'s purpose.','published','2025-05-20 14:07:46','2025-05-20 14:07:46','[\"products\\/product-10.jpg\",\"products\\/product-20.jpg\",\"products\\/product-42.jpg\",\"products\\/product-71.jpg\"]'),(282,9,NULL,NULL,31,1,'Amazing code, amazing support. Overall, im really confident in Botble and im happy I made the right choice! Thank you so much guys for coding this masterpiece','published','2025-05-20 14:07:46','2025-05-20 14:07:46','[\"products\\/product-18.jpg\",\"products\\/product-28.jpg\"]'),(283,3,NULL,NULL,34,3,'The code is good, in general, if you like it, can you give it 5 stars?','published','2025-05-20 14:07:46','2025-05-20 14:07:46','[\"products\\/product-18.jpg\",\"products\\/product-67.jpg\",\"products\\/product-87.jpg\"]'),(287,1,NULL,NULL,5,3,'As a developer I reviewed this script. This is really awesome ecommerce script. I have convinced when I noticed that it\'s built on fully WordPress concept.','published','2025-05-20 14:07:46','2025-05-20 14:07:46','[\"products\\/product-8.jpg\",\"products\\/product-20.jpg\",\"products\\/product-26.jpg\",\"products\\/product-79.jpg\"]'),(289,9,NULL,NULL,13,3,'We have received brilliant service support and will be expanding the features with the developer. Nice product!','published','2025-05-20 14:07:46','2025-05-20 14:07:46','[\"products\\/product-7.jpg\",\"products\\/product-32.jpg\"]'),(290,6,NULL,NULL,56,4,'We have received brilliant service support and will be expanding the features with the developer. Nice product!','published','2025-05-20 14:07:46','2025-05-20 14:07:46','[\"products\\/product-33.jpg\",\"products\\/product-82.jpg\"]'),(291,3,NULL,NULL,16,3,'These guys are amazing! Responses immediately, amazing support and help... I immediately feel at ease after Purchasing..','published','2025-05-20 14:07:46','2025-05-20 14:07:46','[\"products\\/product-21.jpg\",\"products\\/product-25.jpg\",\"products\\/product-90.jpg\",\"products\\/product-95.jpg\"]'),(293,9,NULL,NULL,34,3,'Solution is too robust for our purpose so we didn\'t use it at the end. But I appreciate customer support during initial configuration.','published','2025-05-20 14:07:46','2025-05-20 14:07:46','[\"products\\/pla-product-02.jpg\",\"products\\/product-78.jpg\"]'),(294,5,NULL,NULL,35,2,'Second or third time that I buy a Botble product, happy with the products and support. You guys do a good job :)','published','2025-05-20 14:07:46','2025-05-20 14:07:46','[\"products\\/product-9.jpg\"]'),(297,3,NULL,NULL,74,2,'Best ecommerce CMS online store!','published','2025-05-20 14:07:46','2025-05-20 14:07:46','[\"products\\/product-59.jpg\"]'),(298,10,NULL,NULL,74,3,'The code is good, in general, if you like it, can you give it 5 stars?','published','2025-05-20 14:07:46','2025-05-20 14:07:46','[\"products\\/product-66.jpg\",\"products\\/product-91.jpg\"]'),(300,5,NULL,NULL,51,2,'The script is the best of its class, fast, easy to implement and work with , and the most important thing is the great support team , Recommend with no doubt.','published','2025-05-20 14:07:46','2025-05-20 14:07:46','[\"products\\/product-12.jpg\",\"products\\/product-44.jpg\",\"products\\/product-58.jpg\",\"products\\/product-61.jpg\"]'),(301,3,NULL,NULL,1,1,'Ok good product. I have some issues in customizations. But its not correct to blame the developer. The product is good. Good luck for your business.','published','2025-05-20 14:07:46','2025-05-20 14:07:46','[\"products\\/product-80.jpg\"]'),(305,6,NULL,NULL,67,1,'The code is good, in general, if you like it, can you give it 5 stars?','published','2025-05-20 14:07:46','2025-05-20 14:07:46','[\"products\\/product-6.jpg\"]'),(306,5,NULL,NULL,45,2,'I Love this Script. I also found how to add other fees. Now I just wait the BIG update for the Marketplace with the Bulk Import. Just do not forget to make it to be Multi-language for us the Botble Fans.','published','2025-05-20 14:07:46','2025-05-20 14:07:46','[\"products\\/product-5.jpg\"]'),(307,6,NULL,NULL,52,2,'This script is well coded and is super fast. The support is pretty quick. Very patient and helpful team. I strongly recommend it and they deserve more than 5 stars.','published','2025-05-20 14:07:46','2025-05-20 14:07:46','[\"products\\/pla-product-02.jpg\",\"products\\/product-13.jpg\",\"products\\/product-42.jpg\"]'),(308,6,NULL,NULL,65,4,'These guys are amazing! Responses immediately, amazing support and help... I immediately feel at ease after Purchasing..','published','2025-05-20 14:07:46','2025-05-20 14:07:46','[\"products\\/product-17.jpg\",\"products\\/product-21.jpg\",\"products\\/product-52.jpg\",\"products\\/product-57.jpg\"]'),(309,9,NULL,NULL,28,2,'We have received brilliant service support and will be expanding the features with the developer. Nice product!','published','2025-05-20 14:07:46','2025-05-20 14:07:46','[\"products\\/product-70.jpg\",\"products\\/product-74.jpg\",\"products\\/product-91.jpg\"]'),(310,10,NULL,NULL,73,5,'This web app is really good in design, code quality & features. Besides, the customer support provided by the Botble team was really fast & helpful. You guys are awesome!','published','2025-05-20 14:07:46','2025-05-20 14:07:46','[\"products\\/product-15.jpg\",\"products\\/product-36.jpg\",\"products\\/product-40.jpg\",\"products\\/product-78.jpg\"]'),(312,7,NULL,NULL,45,3,'The code is good, in general, if you like it, can you give it 5 stars?','published','2025-05-20 14:07:46','2025-05-20 14:07:46','[\"products\\/product-51.jpg\"]'),(313,3,NULL,NULL,52,5,'For me the best eCommerce script on Envato at this moment: modern, clean code, a lot of great features. The customer support is great too: I always get an answer within hours!','published','2025-05-20 14:07:46','2025-05-20 14:07:46','[\"products\\/product-15.jpg\",\"products\\/product-35.jpg\",\"products\\/product-84.jpg\",\"products\\/product-94.jpg\"]'),(314,9,NULL,NULL,42,1,'Perfect +++++++++ i love it really also i get to fast ticket answers... Thanks Lot BOTBLE Teams','published','2025-05-20 14:07:46','2025-05-20 14:07:46','[\"products\\/product-30.jpg\"]'),(316,7,NULL,NULL,33,1,'It\'s not my first experience here on Codecanyon and I can honestly tell you all that Botble puts a LOT of effort into the support. They answer so fast, they helped me tons of times. REALLY by far THE BEST EXPERIENCE on Codecanyon. Those guys at Botble are so good that they deserve 5 stars. I recommend them, I trust them and I can\'t wait to see what they will sell in a near future. Thank you Botble :)','published','2025-05-20 14:07:46','2025-05-20 14:07:46','[\"products\\/product-54.jpg\"]'),(317,2,NULL,NULL,61,1,'Amazing code, amazing support. Overall, im really confident in Botble and im happy I made the right choice! Thank you so much guys for coding this masterpiece','published','2025-05-20 14:07:46','2025-05-20 14:07:46','[\"products\\/pla-product-01.jpg\",\"products\\/product-8.jpg\",\"products\\/product-34.jpg\"]'),(318,2,NULL,NULL,74,2,'Second or third time that I buy a Botble product, happy with the products and support. You guys do a good job :)','published','2025-05-20 14:07:46','2025-05-20 14:07:46','[\"products\\/product-15.jpg\",\"products\\/product-70.jpg\"]'),(320,4,NULL,NULL,7,2,'The best store template! Excellent coding! Very good support! Thank you so much for all the help, I really appreciated.','published','2025-05-20 14:07:46','2025-05-20 14:07:46','[\"products\\/product-2.jpg\",\"products\\/product-20.jpg\",\"products\\/product-55.jpg\",\"products\\/product-76.jpg\"]'),(321,5,NULL,NULL,2,5,'Cool template. Excellent code quality. The support responds very quickly, which is very rare on themeforest and codecanyon.net, I buy a lot of templates, and everyone will have a response from technical support for two or three days. Thanks to tech support. I recommend to buy.','published','2025-05-20 14:07:46','2025-05-20 14:07:46','[\"products\\/product-50.jpg\",\"products\\/product-88.jpg\",\"products\\/product-95.jpg\"]'),(322,3,NULL,NULL,57,1,'The best store template! Excellent coding! Very good support! Thank you so much for all the help, I really appreciated.','published','2025-05-20 14:07:46','2025-05-20 14:07:46','[\"products\\/product-45.jpg\",\"products\\/product-51.jpg\",\"products\\/product-61.jpg\",\"products\\/product-70.jpg\"]'),(324,7,NULL,NULL,49,1,'As a developer I reviewed this script. This is really awesome ecommerce script. I have convinced when I noticed that it\'s built on fully WordPress concept.','published','2025-05-20 14:07:46','2025-05-20 14:07:46','[\"products\\/product-37.jpg\",\"products\\/product-41.jpg\"]'),(326,6,NULL,NULL,11,3,'Those guys now what they are doing, the release such a good product that it\'s a pleasure to work with ! Even when I was stuck on the project, I created a ticket and the next day it was replied by the team. GOOD JOB guys. I love working with them :)','published','2025-05-20 14:07:46','2025-05-20 14:07:46','[\"products\\/product-6.jpg\"]'),(330,3,NULL,NULL,54,1,'Great E-commerce system. And much more : Wonderful Customer Support.','published','2025-05-20 14:07:46','2025-05-20 14:07:46','[\"products\\/product-5.jpg\",\"products\\/product-62.jpg\",\"products\\/product-68.jpg\"]'),(331,6,NULL,NULL,69,2,'Best ecommerce CMS online store!','published','2025-05-20 14:07:46','2025-05-20 14:07:46','[\"products\\/product-55.jpg\"]'),(332,2,NULL,NULL,2,1,'I Love this Script. I also found how to add other fees. Now I just wait the BIG update for the Marketplace with the Bulk Import. Just do not forget to make it to be Multi-language for us the Botble Fans.','published','2025-05-20 14:07:46','2025-05-20 14:07:46','[\"products\\/product-45.jpg\",\"products\\/product-55.jpg\",\"products\\/product-59.jpg\",\"products\\/product-62.jpg\"]'),(333,6,NULL,NULL,72,1,'Amazing code, amazing support. Overall, im really confident in Botble and im happy I made the right choice! Thank you so much guys for coding this masterpiece','published','2025-05-20 14:07:46','2025-05-20 14:07:46','[\"products\\/pla-product-04.jpg\",\"products\\/product-14.jpg\",\"products\\/product-31.jpg\"]'),(335,10,NULL,NULL,4,5,'Cool template. Excellent code quality. The support responds very quickly, which is very rare on themeforest and codecanyon.net, I buy a lot of templates, and everyone will have a response from technical support for two or three days. Thanks to tech support. I recommend to buy.','published','2025-05-20 14:07:46','2025-05-20 14:07:46','[\"products\\/product-42.jpg\",\"products\\/product-73.jpg\",\"products\\/product-80.jpg\",\"products\\/product-85.jpg\"]'),(336,6,NULL,NULL,47,1,'It\'s not my first experience here on Codecanyon and I can honestly tell you all that Botble puts a LOT of effort into the support. They answer so fast, they helped me tons of times. REALLY by far THE BEST EXPERIENCE on Codecanyon. Those guys at Botble are so good that they deserve 5 stars. I recommend them, I trust them and I can\'t wait to see what they will sell in a near future. Thank you Botble :)','published','2025-05-20 14:07:46','2025-05-20 14:07:46','[\"products\\/product-25.jpg\",\"products\\/product-33.jpg\",\"products\\/product-48.jpg\",\"products\\/product-70.jpg\"]'),(337,9,NULL,NULL,1,5,'Perfect +++++++++ i love it really also i get to fast ticket answers... Thanks Lot BOTBLE Teams','published','2025-05-20 14:07:46','2025-05-20 14:07:46','[\"products\\/product-29.jpg\",\"products\\/product-48.jpg\",\"products\\/product-93.jpg\"]'),(338,7,NULL,NULL,6,2,'Solution is too robust for our purpose so we didn\'t use it at the end. But I appreciate customer support during initial configuration.','published','2025-05-20 14:07:46','2025-05-20 14:07:46','[\"products\\/product-13.jpg\",\"products\\/product-41.jpg\"]'),(339,6,NULL,NULL,41,5,'Solution is too robust for our purpose so we didn\'t use it at the end. But I appreciate customer support during initial configuration.','published','2025-05-20 14:07:46','2025-05-20 14:07:46','[\"products\\/product-27.jpg\",\"products\\/product-28.jpg\",\"products\\/product-78.jpg\",\"products\\/product-79.jpg\"]'),(340,9,NULL,NULL,21,4,'For me the best eCommerce script on Envato at this moment: modern, clean code, a lot of great features. The customer support is great too: I always get an answer within hours!','published','2025-05-20 14:07:46','2025-05-20 14:07:46','[\"products\\/product-68.jpg\",\"products\\/product-69.jpg\"]'),(341,5,NULL,NULL,62,3,'Cool template. Excellent code quality. The support responds very quickly, which is very rare on themeforest and codecanyon.net, I buy a lot of templates, and everyone will have a response from technical support for two or three days. Thanks to tech support. I recommend to buy.','published','2025-05-20 14:07:46','2025-05-20 14:07:46','[\"products\\/product-41.jpg\"]'),(342,1,NULL,NULL,63,4,'Very enthusiastic support! Excellent code is written. It\'s a true pleasure working with.','published','2025-05-20 14:07:46','2025-05-20 14:07:46','[\"products\\/product-16.jpg\",\"products\\/product-87.jpg\"]'),(343,4,NULL,NULL,32,3,'I Love this Script. I also found how to add other fees. Now I just wait the BIG update for the Marketplace with the Bulk Import. Just do not forget to make it to be Multi-language for us the Botble Fans.','published','2025-05-20 14:07:46','2025-05-20 14:07:46','[\"products\\/pla-product-03.jpg\",\"products\\/product-5.jpg\",\"products\\/product-17.jpg\",\"products\\/product-33.jpg\"]'),(344,7,NULL,NULL,22,5,'Perfect +++++++++ i love it really also i get to fast ticket answers... Thanks Lot BOTBLE Teams','published','2025-05-20 14:07:46','2025-05-20 14:07:46','[\"products\\/product-77.jpg\"]'),(345,10,NULL,NULL,9,3,'As a developer I reviewed this script. This is really awesome ecommerce script. I have convinced when I noticed that it\'s built on fully WordPress concept.','published','2025-05-20 14:07:46','2025-05-20 14:07:46','[\"products\\/product-90.jpg\"]'),(346,8,NULL,NULL,20,5,'The script is the best of its class, fast, easy to implement and work with , and the most important thing is the great support team , Recommend with no doubt.','published','2025-05-20 14:07:46','2025-05-20 14:07:46','[\"products\\/product-6.jpg\",\"products\\/product-70.jpg\",\"products\\/product-86.jpg\"]'),(347,7,NULL,NULL,31,2,'Best ecommerce CMS online store!','published','2025-05-20 14:07:46','2025-05-20 14:07:46','[\"products\\/product-71.jpg\"]'),(349,2,NULL,NULL,59,4,'The best ecommerce CMS! Excellent coding! best support service! Thank you so much..... I really like your hard work.','published','2025-05-20 14:07:46','2025-05-20 14:07:46','[\"products\\/product-8.jpg\",\"products\\/product-18.jpg\",\"products\\/product-30.jpg\",\"products\\/product-82.jpg\"]'),(350,5,NULL,NULL,17,1,'The code is good, in general, if you like it, can you give it 5 stars?','published','2025-05-20 14:07:46','2025-05-20 14:07:46','[\"products\\/product-17.jpg\"]'),(352,8,NULL,NULL,5,5,'The best ecommerce CMS! Excellent coding! best support service! Thank you so much..... I really like your hard work.','published','2025-05-20 14:07:46','2025-05-20 14:07:46','[\"products\\/product-83.jpg\",\"products\\/product-94.jpg\",\"products\\/product-95.jpg\"]'),(353,10,NULL,NULL,26,1,'We have received brilliant service support and will be expanding the features with the developer. Nice product!','published','2025-05-20 14:07:46','2025-05-20 14:07:46','[\"products\\/product-51.jpg\",\"products\\/product-55.jpg\",\"products\\/product-60.jpg\",\"products\\/product-79.jpg\"]'),(354,8,NULL,NULL,35,2,'As a developer I reviewed this script. This is really awesome ecommerce script. I have convinced when I noticed that it\'s built on fully WordPress concept.','published','2025-05-20 14:07:46','2025-05-20 14:07:46','[\"products\\/product-91.jpg\"]'),(355,7,NULL,NULL,23,1,'Great E-commerce system. And much more : Wonderful Customer Support.','published','2025-05-20 14:07:46','2025-05-20 14:07:46','[\"products\\/product-22.jpg\",\"products\\/product-34.jpg\",\"products\\/product-45.jpg\"]'),(357,2,NULL,NULL,4,1,'Those guys now what they are doing, the release such a good product that it\'s a pleasure to work with ! Even when I was stuck on the project, I created a ticket and the next day it was replied by the team. GOOD JOB guys. I love working with them :)','published','2025-05-20 14:07:46','2025-05-20 14:07:46','[\"products\\/product-12.jpg\",\"products\\/product-21.jpg\",\"products\\/product-78.jpg\",\"products\\/product-81.jpg\"]'),(358,5,NULL,NULL,58,3,'Amazing code, amazing support. Overall, im really confident in Botble and im happy I made the right choice! Thank you so much guys for coding this masterpiece','published','2025-05-20 14:07:46','2025-05-20 14:07:46','[\"products\\/product-23.jpg\",\"products\\/product-50.jpg\",\"products\\/product-62.jpg\",\"products\\/product-73.jpg\"]'),(359,8,NULL,NULL,23,3,'Great system, great support, good job Botble. I\'m looking forward to more great functional plugins.','published','2025-05-20 14:07:46','2025-05-20 14:07:46','[\"products\\/pla-product-02.jpg\",\"products\\/product-30.jpg\",\"products\\/product-72.jpg\",\"products\\/product-87.jpg\"]'),(360,2,NULL,NULL,44,4,'The best ecommerce CMS! Excellent coding! best support service! Thank you so much..... I really like your hard work.','published','2025-05-20 14:07:46','2025-05-20 14:07:46','[\"products\\/product-60.jpg\"]'),(361,8,NULL,NULL,34,5,'Very enthusiastic support! Excellent code is written. It\'s a true pleasure working with.','published','2025-05-20 14:07:46','2025-05-20 14:07:46','[\"products\\/product-51.jpg\"]'),(362,9,NULL,NULL,53,4,'Good app, good backup service and support. Good documentation.','published','2025-05-20 14:07:46','2025-05-20 14:07:46','[\"products\\/product-11.jpg\",\"products\\/product-82.jpg\"]'),(364,8,NULL,NULL,30,4,'Second or third time that I buy a Botble product, happy with the products and support. You guys do a good job :)','published','2025-05-20 14:07:46','2025-05-20 14:07:46','[\"products\\/product-38.jpg\",\"products\\/product-49.jpg\",\"products\\/product-91.jpg\"]'),(365,7,NULL,NULL,12,3,'The code is good, in general, if you like it, can you give it 5 stars?','published','2025-05-20 14:07:46','2025-05-20 14:07:46','[\"products\\/product-10.jpg\",\"products\\/product-19.jpg\"]'),(367,3,NULL,NULL,47,2,'The code is good, in general, if you like it, can you give it 5 stars?','published','2025-05-20 14:07:46','2025-05-20 14:07:46','[\"products\\/product-45.jpg\",\"products\\/product-70.jpg\"]'),(368,10,NULL,NULL,16,2,'The code is good, in general, if you like it, can you give it 5 stars?','published','2025-05-20 14:07:46','2025-05-20 14:07:46','[\"products\\/product-24.jpg\",\"products\\/product-76.jpg\",\"products\\/product-78.jpg\",\"products\\/product-86.jpg\"]'),(369,5,NULL,NULL,47,5,'Those guys now what they are doing, the release such a good product that it\'s a pleasure to work with ! Even when I was stuck on the project, I created a ticket and the next day it was replied by the team. GOOD JOB guys. I love working with them :)','published','2025-05-20 14:07:46','2025-05-20 14:07:46','[\"products\\/product-14.jpg\",\"products\\/product-21.jpg\",\"products\\/product-32.jpg\"]'),(370,8,NULL,NULL,1,2,'The best ecommerce CMS! Excellent coding! best support service! Thank you so much..... I really like your hard work.','published','2025-05-20 14:07:46','2025-05-20 14:07:46','[\"products\\/product-9.jpg\",\"products\\/product-69.jpg\",\"products\\/product-78.jpg\",\"products\\/product-83.jpg\"]'),(371,10,NULL,NULL,10,5,'This web app is really good in design, code quality & features. Besides, the customer support provided by the Botble team was really fast & helpful. You guys are awesome!','published','2025-05-20 14:07:46','2025-05-20 14:07:46','[\"products\\/product-4.jpg\"]'),(372,4,NULL,NULL,2,4,'Second or third time that I buy a Botble product, happy with the products and support. You guys do a good job :)','published','2025-05-20 14:07:46','2025-05-20 14:07:46','[\"products\\/product-32.jpg\"]'),(374,4,NULL,NULL,55,4,'For me the best eCommerce script on Envato at this moment: modern, clean code, a lot of great features. The customer support is great too: I always get an answer within hours!','published','2025-05-20 14:07:46','2025-05-20 14:07:46','[\"products\\/product-23.jpg\",\"products\\/product-33.jpg\",\"products\\/product-76.jpg\",\"products\\/product-91.jpg\"]'),(375,8,NULL,NULL,4,3,'The best ecommerce CMS! Excellent coding! best support service! Thank you so much..... I really like your hard work.','published','2025-05-20 14:07:46','2025-05-20 14:07:46','[\"products\\/product-5.jpg\"]'),(376,10,NULL,NULL,27,4,'Ok good product. I have some issues in customizations. But its not correct to blame the developer. The product is good. Good luck for your business.','published','2025-05-20 14:07:46','2025-05-20 14:07:46','[\"products\\/product-13.jpg\"]'),(377,7,NULL,NULL,8,5,'Very enthusiastic support! Excellent code is written. It\'s a true pleasure working with.','published','2025-05-20 14:07:46','2025-05-20 14:07:46','[\"products\\/product-5.jpg\",\"products\\/product-19.jpg\",\"products\\/product-25.jpg\",\"products\\/product-73.jpg\"]'),(379,6,NULL,NULL,36,3,'This web app is really good in design, code quality & features. Besides, the customer support provided by the Botble team was really fast & helpful. You guys are awesome!','published','2025-05-20 14:07:46','2025-05-20 14:07:46','[\"products\\/pla-product-02.jpg\",\"products\\/product-56.jpg\",\"products\\/product-84.jpg\",\"products\\/product-95.jpg\"]'),(380,5,NULL,NULL,21,1,'Cool template. Excellent code quality. The support responds very quickly, which is very rare on themeforest and codecanyon.net, I buy a lot of templates, and everyone will have a response from technical support for two or three days. Thanks to tech support. I recommend to buy.','published','2025-05-20 14:07:46','2025-05-20 14:07:46','[\"products\\/product-16.jpg\",\"products\\/product-82.jpg\",\"products\\/product-86.jpg\"]'),(385,8,NULL,NULL,73,3,'These guys are amazing! Responses immediately, amazing support and help... I immediately feel at ease after Purchasing..','published','2025-05-20 14:07:46','2025-05-20 14:07:46','[\"products\\/product-11.jpg\",\"products\\/product-18.jpg\"]'),(386,9,NULL,NULL,62,2,'Very enthusiastic support! Excellent code is written. It\'s a true pleasure working with.','published','2025-05-20 14:07:46','2025-05-20 14:07:46','[\"products\\/product-1.jpg\",\"products\\/product-24.jpg\",\"products\\/product-93.jpg\"]'),(387,7,NULL,NULL,42,5,'Cool template. Excellent code quality. The support responds very quickly, which is very rare on themeforest and codecanyon.net, I buy a lot of templates, and everyone will have a response from technical support for two or three days. Thanks to tech support. I recommend to buy.','published','2025-05-20 14:07:46','2025-05-20 14:07:46','[\"products\\/product-8.jpg\",\"products\\/product-46.jpg\",\"products\\/product-60.jpg\",\"products\\/product-66.jpg\"]'),(388,7,NULL,NULL,62,2,'As a developer I reviewed this script. This is really awesome ecommerce script. I have convinced when I noticed that it\'s built on fully WordPress concept.','published','2025-05-20 14:07:46','2025-05-20 14:07:46','[\"products\\/product-4.jpg\",\"products\\/product-22.jpg\",\"products\\/product-52.jpg\",\"products\\/product-72.jpg\"]'),(390,1,NULL,NULL,25,5,'Very enthusiastic support! Excellent code is written. It\'s a true pleasure working with.','published','2025-05-20 14:07:46','2025-05-20 14:07:46','[\"products\\/product-4.jpg\",\"products\\/product-12.jpg\",\"products\\/product-16.jpg\"]'),(392,8,NULL,NULL,55,3,'The best store template! Excellent coding! Very good support! Thank you so much for all the help, I really appreciated.','published','2025-05-20 14:07:46','2025-05-20 14:07:46','[\"products\\/product-15.jpg\",\"products\\/product-78.jpg\"]'),(393,4,NULL,NULL,66,1,'Great system, great support, good job Botble. I\'m looking forward to more great functional plugins.','published','2025-05-20 14:07:46','2025-05-20 14:07:46','[\"products\\/pla-product-01.jpg\",\"products\\/product-35.jpg\",\"products\\/product-64.jpg\"]'),(396,5,NULL,NULL,60,1,'Clean & perfect source code','published','2025-05-20 14:07:46','2025-05-20 14:07:46','[\"products\\/product-77.jpg\"]'),(397,2,NULL,NULL,43,1,'The best store template! Excellent coding! Very good support! Thank you so much for all the help, I really appreciated.','published','2025-05-20 14:07:46','2025-05-20 14:07:46','[\"products\\/product-38.jpg\"]'),(399,3,NULL,NULL,75,5,'Cool template. Excellent code quality. The support responds very quickly, which is very rare on themeforest and codecanyon.net, I buy a lot of templates, and everyone will have a response from technical support for two or three days. Thanks to tech support. I recommend to buy.','published','2025-05-20 14:07:46','2025-05-20 14:07:46','[\"products\\/product-82.jpg\"]'),(401,9,NULL,NULL,55,2,'Amazing code, amazing support. Overall, im really confident in Botble and im happy I made the right choice! Thank you so much guys for coding this masterpiece','published','2025-05-20 14:07:46','2025-05-20 14:07:46','[\"products\\/pla-product-01.jpg\",\"products\\/product-62.jpg\",\"products\\/product-92.jpg\"]'),(403,8,NULL,NULL,43,2,'Ok good product. I have some issues in customizations. But its not correct to blame the developer. The product is good. Good luck for your business.','published','2025-05-20 14:07:46','2025-05-20 14:07:46','[\"products\\/product-80.jpg\"]'),(404,5,NULL,NULL,52,3,'Customer Support are grade (A*), however the code is a way too over engineered for it\'s purpose.','published','2025-05-20 14:07:46','2025-05-20 14:07:46','[\"products\\/product-69.jpg\"]'),(405,2,NULL,NULL,18,4,'We have received brilliant service support and will be expanding the features with the developer. Nice product!','published','2025-05-20 14:07:46','2025-05-20 14:07:46','[\"products\\/product-26.jpg\",\"products\\/product-54.jpg\",\"products\\/product-86.jpg\"]'),(406,9,NULL,NULL,67,3,'This web app is really good in design, code quality & features. Besides, the customer support provided by the Botble team was really fast & helpful. You guys are awesome!','published','2025-05-20 14:07:46','2025-05-20 14:07:46','[\"products\\/product-4.jpg\"]'),(408,6,NULL,NULL,19,4,'Ok good product. I have some issues in customizations. But its not correct to blame the developer. The product is good. Good luck for your business.','published','2025-05-20 14:07:46','2025-05-20 14:07:46','[\"products\\/product-43.jpg\",\"products\\/product-72.jpg\",\"products\\/product-77.jpg\"]'),(410,2,NULL,NULL,27,3,'Second or third time that I buy a Botble product, happy with the products and support. You guys do a good job :)','published','2025-05-20 14:07:46','2025-05-20 14:07:46','[\"products\\/product-14.jpg\",\"products\\/product-41.jpg\",\"products\\/product-89.jpg\"]'),(411,3,NULL,NULL,13,4,'Great E-commerce system. And much more : Wonderful Customer Support.','published','2025-05-20 14:07:46','2025-05-20 14:07:46','[\"products\\/product-26.jpg\",\"products\\/product-30.jpg\",\"products\\/product-31.jpg\"]'),(412,10,NULL,NULL,30,5,'We have received brilliant service support and will be expanding the features with the developer. Nice product!','published','2025-05-20 14:07:46','2025-05-20 14:07:46','[\"products\\/product-64.jpg\"]'),(414,7,NULL,NULL,44,4,'The best store template! Excellent coding! Very good support! Thank you so much for all the help, I really appreciated.','published','2025-05-20 14:07:46','2025-05-20 14:07:46','[\"products\\/product-63.jpg\",\"products\\/product-94.jpg\"]'),(415,5,NULL,NULL,65,5,'Solution is too robust for our purpose so we didn\'t use it at the end. But I appreciate customer support during initial configuration.','published','2025-05-20 14:07:46','2025-05-20 14:07:46','[\"products\\/pla-product-02.jpg\",\"products\\/product-76.jpg\",\"products\\/product-83.jpg\"]'),(416,5,NULL,NULL,6,2,'The best store template! Excellent coding! Very good support! Thank you so much for all the help, I really appreciated.','published','2025-05-20 14:07:46','2025-05-20 14:07:46','[\"products\\/product-16.jpg\",\"products\\/product-24.jpg\",\"products\\/product-25.jpg\"]'),(420,3,NULL,NULL,70,4,'This script is well coded and is super fast. The support is pretty quick. Very patient and helpful team. I strongly recommend it and they deserve more than 5 stars.','published','2025-05-20 14:07:46','2025-05-20 14:07:46','[\"products\\/product-50.jpg\"]'),(423,7,NULL,NULL,64,2,'Very enthusiastic support! Excellent code is written. It\'s a true pleasure working with.','published','2025-05-20 14:07:46','2025-05-20 14:07:46','[\"products\\/product-54.jpg\",\"products\\/product-66.jpg\",\"products\\/product-70.jpg\",\"products\\/product-87.jpg\"]'),(424,4,NULL,NULL,38,3,'Cool template. Excellent code quality. The support responds very quickly, which is very rare on themeforest and codecanyon.net, I buy a lot of templates, and everyone will have a response from technical support for two or three days. Thanks to tech support. I recommend to buy.','published','2025-05-20 14:07:46','2025-05-20 14:07:46','[\"products\\/pla-product-01.jpg\",\"products\\/product-10.jpg\",\"products\\/product-37.jpg\",\"products\\/product-59.jpg\"]'),(427,7,NULL,NULL,14,1,'Good app, good backup service and support. Good documentation.','published','2025-05-20 14:07:46','2025-05-20 14:07:46','[\"products\\/pla-product-04.jpg\",\"products\\/product-41.jpg\",\"products\\/product-61.jpg\",\"products\\/product-92.jpg\"]'),(429,1,NULL,NULL,8,4,'The code is good, in general, if you like it, can you give it 5 stars?','published','2025-05-20 14:07:46','2025-05-20 14:07:46','[\"products\\/product-6.jpg\",\"products\\/product-21.jpg\",\"products\\/product-25.jpg\",\"products\\/product-54.jpg\"]'),(430,10,NULL,NULL,29,2,'Very enthusiastic support! Excellent code is written. It\'s a true pleasure working with.','published','2025-05-20 14:07:46','2025-05-20 14:07:46','[\"products\\/product-18.jpg\",\"products\\/product-56.jpg\",\"products\\/product-87.jpg\"]'),(432,5,NULL,NULL,54,2,'It\'s not my first experience here on Codecanyon and I can honestly tell you all that Botble puts a LOT of effort into the support. They answer so fast, they helped me tons of times. REALLY by far THE BEST EXPERIENCE on Codecanyon. Those guys at Botble are so good that they deserve 5 stars. I recommend them, I trust them and I can\'t wait to see what they will sell in a near future. Thank you Botble :)','published','2025-05-20 14:07:46','2025-05-20 14:07:46','[\"products\\/product-29.jpg\",\"products\\/product-57.jpg\",\"products\\/product-92.jpg\"]'),(434,4,NULL,NULL,31,2,'Second or third time that I buy a Botble product, happy with the products and support. You guys do a good job :)','published','2025-05-20 14:07:46','2025-05-20 14:07:46','[\"products\\/product-54.jpg\"]'),(435,5,NULL,NULL,15,5,'Amazing code, amazing support. Overall, im really confident in Botble and im happy I made the right choice! Thank you so much guys for coding this masterpiece','published','2025-05-20 14:07:46','2025-05-20 14:07:46','[\"products\\/product-23.jpg\",\"products\\/product-36.jpg\",\"products\\/product-39.jpg\",\"products\\/product-48.jpg\"]'),(436,9,NULL,NULL,63,3,'Great E-commerce system. And much more : Wonderful Customer Support.','published','2025-05-20 14:07:46','2025-05-20 14:07:46','[\"products\\/product-10.jpg\"]'),(437,10,NULL,NULL,1,3,'This web app is really good in design, code quality & features. Besides, the customer support provided by the Botble team was really fast & helpful. You guys are awesome!','published','2025-05-20 14:07:46','2025-05-20 14:07:46','[\"products\\/product-22.jpg\"]'),(438,8,NULL,NULL,59,4,'Good app, good backup service and support. Good documentation.','published','2025-05-20 14:07:46','2025-05-20 14:07:46','[\"products\\/product-44.jpg\",\"products\\/product-93.jpg\"]'),(439,6,NULL,NULL,7,5,'This script is well coded and is super fast. The support is pretty quick. Very patient and helpful team. I strongly recommend it and they deserve more than 5 stars.','published','2025-05-20 14:07:46','2025-05-20 14:07:46','[\"products\\/product-79.jpg\"]'),(440,6,NULL,NULL,64,3,'Amazing code, amazing support. Overall, im really confident in Botble and im happy I made the right choice! Thank you so much guys for coding this masterpiece','published','2025-05-20 14:07:46','2025-05-20 14:07:46','[\"products\\/product-67.jpg\"]'),(441,8,NULL,NULL,44,1,'Ok good product. I have some issues in customizations. But its not correct to blame the developer. The product is good. Good luck for your business.','published','2025-05-20 14:07:46','2025-05-20 14:07:46','[\"products\\/product-17.jpg\"]'),(442,9,NULL,NULL,7,3,'Best ecommerce CMS online store!','published','2025-05-20 14:07:46','2025-05-20 14:07:46','[\"products\\/product-5.jpg\",\"products\\/product-61.jpg\",\"products\\/product-67.jpg\"]'),(448,9,NULL,NULL,39,2,'As a developer I reviewed this script. This is really awesome ecommerce script. I have convinced when I noticed that it\'s built on fully WordPress concept.','published','2025-05-20 14:07:46','2025-05-20 14:07:46','[\"products\\/product-69.jpg\"]'),(453,2,NULL,NULL,20,4,'The best store template! Excellent coding! Very good support! Thank you so much for all the help, I really appreciated.','published','2025-05-20 14:07:46','2025-05-20 14:07:46','[\"products\\/product-87.jpg\",\"products\\/product-88.jpg\",\"products\\/product-92.jpg\"]'),(455,10,NULL,NULL,21,4,'The best store template! Excellent coding! Very good support! Thank you so much for all the help, I really appreciated.','published','2025-05-20 14:07:46','2025-05-20 14:07:46','[\"products\\/product-52.jpg\"]'),(456,7,NULL,NULL,26,4,'It\'s not my first experience here on Codecanyon and I can honestly tell you all that Botble puts a LOT of effort into the support. They answer so fast, they helped me tons of times. REALLY by far THE BEST EXPERIENCE on Codecanyon. Those guys at Botble are so good that they deserve 5 stars. I recommend them, I trust them and I can\'t wait to see what they will sell in a near future. Thank you Botble :)','published','2025-05-20 14:07:46','2025-05-20 14:07:46','[\"products\\/product-8.jpg\",\"products\\/product-12.jpg\",\"products\\/product-14.jpg\",\"products\\/product-42.jpg\"]'),(459,7,NULL,NULL,75,4,'Good app, good backup service and support. Good documentation.','published','2025-05-20 14:07:46','2025-05-20 14:07:46','[\"products\\/pla-product-01.jpg\",\"products\\/product-34.jpg\",\"products\\/product-46.jpg\",\"products\\/product-65.jpg\"]'),(460,7,NULL,NULL,1,5,'Ok good product. I have some issues in customizations. But its not correct to blame the developer. The product is good. Good luck for your business.','published','2025-05-20 14:07:46','2025-05-20 14:07:46','[\"products\\/product-2.jpg\",\"products\\/product-42.jpg\"]'),(461,6,NULL,NULL,43,4,'The best store template! Excellent coding! Very good support! Thank you so much for all the help, I really appreciated.','published','2025-05-20 14:07:46','2025-05-20 14:07:46','[\"products\\/pla-product-01.jpg\",\"products\\/product-30.jpg\",\"products\\/product-67.jpg\"]'),(464,5,NULL,NULL,55,1,'The best store template! Excellent coding! Very good support! Thank you so much for all the help, I really appreciated.','published','2025-05-20 14:07:46','2025-05-20 14:07:46','[\"products\\/product-6.jpg\",\"products\\/product-11.jpg\",\"products\\/product-36.jpg\",\"products\\/product-75.jpg\"]'),(466,7,NULL,NULL,65,1,'Very enthusiastic support! Excellent code is written. It\'s a true pleasure working with.','published','2025-05-20 14:07:46','2025-05-20 14:07:46','[\"products\\/product-16.jpg\",\"products\\/product-25.jpg\",\"products\\/product-40.jpg\",\"products\\/product-56.jpg\"]'),(467,1,NULL,NULL,70,1,'We have received brilliant service support and will be expanding the features with the developer. Nice product!','published','2025-05-20 14:07:46','2025-05-20 14:07:46','[\"products\\/product-58.jpg\",\"products\\/product-80.jpg\",\"products\\/product-83.jpg\"]'),(470,6,NULL,NULL,18,2,'Good app, good backup service and support. Good documentation.','published','2025-05-20 14:07:46','2025-05-20 14:07:46','[\"products\\/product-28.jpg\",\"products\\/product-42.jpg\",\"products\\/product-83.jpg\"]'),(474,1,NULL,NULL,49,4,'As a developer I reviewed this script. This is really awesome ecommerce script. I have convinced when I noticed that it\'s built on fully WordPress concept.','published','2025-05-20 14:07:46','2025-05-20 14:07:46','[\"products\\/product-26.jpg\"]'),(475,1,NULL,NULL,74,3,'The best ecommerce CMS! Excellent coding! best support service! Thank you so much..... I really like your hard work.','published','2025-05-20 14:07:46','2025-05-20 14:07:46','[\"products\\/product-5.jpg\",\"products\\/product-12.jpg\",\"products\\/product-34.jpg\",\"products\\/product-61.jpg\"]'),(477,9,NULL,NULL,27,2,'Cool template. Excellent code quality. The support responds very quickly, which is very rare on themeforest and codecanyon.net, I buy a lot of templates, and everyone will have a response from technical support for two or three days. Thanks to tech support. I recommend to buy.','published','2025-05-20 14:07:46','2025-05-20 14:07:46','[\"products\\/product-32.jpg\",\"products\\/product-41.jpg\"]'),(478,4,NULL,NULL,30,3,'This web app is really good in design, code quality & features. Besides, the customer support provided by the Botble team was really fast & helpful. You guys are awesome!','published','2025-05-20 14:07:46','2025-05-20 14:07:46','[\"products\\/product-50.jpg\"]'),(479,2,NULL,NULL,14,5,'Good app, good backup service and support. Good documentation.','published','2025-05-20 14:07:46','2025-05-20 14:07:46','[\"products\\/pla-product-01.jpg\"]'),(480,5,NULL,NULL,67,2,'Solution is too robust for our purpose so we didn\'t use it at the end. But I appreciate customer support during initial configuration.','published','2025-05-20 14:07:46','2025-05-20 14:07:46','[\"products\\/product-52.jpg\"]'),(481,9,NULL,NULL,33,3,'I Love this Script. I also found how to add other fees. Now I just wait the BIG update for the Marketplace with the Bulk Import. Just do not forget to make it to be Multi-language for us the Botble Fans.','published','2025-05-20 14:07:46','2025-05-20 14:07:46','[\"products\\/pla-product-04.jpg\",\"products\\/product-14.jpg\"]'),(487,6,NULL,NULL,5,1,'The script is the best of its class, fast, easy to implement and work with , and the most important thing is the great support team , Recommend with no doubt.','published','2025-05-20 14:07:46','2025-05-20 14:07:46','[\"products\\/product-4.jpg\"]'),(488,8,NULL,NULL,61,4,'The best ecommerce CMS! Excellent coding! best support service! Thank you so much..... I really like your hard work.','published','2025-05-20 14:07:46','2025-05-20 14:07:46','[\"products\\/product-22.jpg\",\"products\\/product-70.jpg\"]'),(489,8,NULL,NULL,74,1,'The best store template! Excellent coding! Very good support! Thank you so much for all the help, I really appreciated.','published','2025-05-20 14:07:46','2025-05-20 14:07:46','[\"products\\/product-2.jpg\",\"products\\/product-18.jpg\",\"products\\/product-39.jpg\",\"products\\/product-89.jpg\"]'),(490,6,NULL,NULL,12,4,'Cool template. Excellent code quality. The support responds very quickly, which is very rare on themeforest and codecanyon.net, I buy a lot of templates, and everyone will have a response from technical support for two or three days. Thanks to tech support. I recommend to buy.','published','2025-05-20 14:07:46','2025-05-20 14:07:46','[\"products\\/pla-product-03.jpg\",\"products\\/product-23.jpg\",\"products\\/product-34.jpg\"]'),(492,4,NULL,NULL,58,3,'Second or third time that I buy a Botble product, happy with the products and support. You guys do a good job :)','published','2025-05-20 14:07:46','2025-05-20 14:07:46','[\"products\\/product-7.jpg\"]'),(493,9,NULL,NULL,75,2,'Solution is too robust for our purpose so we didn\'t use it at the end. But I appreciate customer support during initial configuration.','published','2025-05-20 14:07:46','2025-05-20 14:07:46','[\"products\\/product-33.jpg\",\"products\\/product-54.jpg\"]'),(496,1,NULL,NULL,39,3,'Great E-commerce system. And much more : Wonderful Customer Support.','published','2025-05-20 14:07:46','2025-05-20 14:07:46','[\"products\\/product-9.jpg\",\"products\\/product-17.jpg\",\"products\\/product-32.jpg\",\"products\\/product-57.jpg\"]'),(499,8,NULL,NULL,8,5,'Great system, great support, good job Botble. I\'m looking forward to more great functional plugins.','published','2025-05-20 14:07:46','2025-05-20 14:07:46','[\"products\\/product-43.jpg\",\"products\\/product-44.jpg\",\"products\\/product-70.jpg\",\"products\\/product-74.jpg\"]'),(500,3,NULL,NULL,53,1,'Cool template. Excellent code quality. The support responds very quickly, which is very rare on themeforest and codecanyon.net, I buy a lot of templates, and everyone will have a response from technical support for two or three days. Thanks to tech support. I recommend to buy.','published','2025-05-20 14:07:46','2025-05-20 14:07:46','[\"products\\/product-32.jpg\",\"products\\/product-73.jpg\",\"products\\/product-79.jpg\",\"products\\/product-90.jpg\"]'),(501,10,NULL,NULL,69,3,'Cool template. Excellent code quality. The support responds very quickly, which is very rare on themeforest and codecanyon.net, I buy a lot of templates, and everyone will have a response from technical support for two or three days. Thanks to tech support. I recommend to buy.','published','2025-05-20 14:07:46','2025-05-20 14:07:46','[\"products\\/product-55.jpg\",\"products\\/product-65.jpg\",\"products\\/product-84.jpg\",\"products\\/product-85.jpg\"]'),(502,2,NULL,NULL,9,5,'This web app is really good in design, code quality & features. Besides, the customer support provided by the Botble team was really fast & helpful. You guys are awesome!','published','2025-05-20 14:07:46','2025-05-20 14:07:46','[\"products\\/product-70.jpg\",\"products\\/product-82.jpg\",\"products\\/product-89.jpg\"]'),(503,1,NULL,NULL,21,4,'Best ecommerce CMS online store!','published','2025-05-20 14:07:46','2025-05-20 14:07:46','[\"products\\/product-32.jpg\",\"products\\/product-54.jpg\"]'),(504,3,NULL,NULL,14,3,'Second or third time that I buy a Botble product, happy with the products and support. You guys do a good job :)','published','2025-05-20 14:07:46','2025-05-20 14:07:46','[\"products\\/pla-product-04.jpg\",\"products\\/product-23.jpg\",\"products\\/product-59.jpg\"]'),(507,7,NULL,NULL,9,1,'Customer Support are grade (A*), however the code is a way too over engineered for it\'s purpose.','published','2025-05-20 14:07:46','2025-05-20 14:07:46','[\"products\\/product-4.jpg\",\"products\\/product-42.jpg\"]'),(510,2,NULL,NULL,5,1,'I Love this Script. I also found how to add other fees. Now I just wait the BIG update for the Marketplace with the Bulk Import. Just do not forget to make it to be Multi-language for us the Botble Fans.','published','2025-05-20 14:07:46','2025-05-20 14:07:46','[\"products\\/product-34.jpg\",\"products\\/product-61.jpg\",\"products\\/product-68.jpg\"]'),(511,10,NULL,NULL,31,4,'Solution is too robust for our purpose so we didn\'t use it at the end. But I appreciate customer support during initial configuration.','published','2025-05-20 14:07:46','2025-05-20 14:07:46','[\"products\\/product-1.jpg\",\"products\\/product-13.jpg\",\"products\\/product-52.jpg\"]'),(515,1,NULL,NULL,43,2,'I Love this Script. I also found how to add other fees. Now I just wait the BIG update for the Marketplace with the Bulk Import. Just do not forget to make it to be Multi-language for us the Botble Fans.','published','2025-05-20 14:07:46','2025-05-20 14:07:46','[\"products\\/pla-product-04.jpg\",\"products\\/product-22.jpg\",\"products\\/product-23.jpg\",\"products\\/product-57.jpg\"]'),(522,1,NULL,NULL,73,2,'This script is well coded and is super fast. The support is pretty quick. Very patient and helpful team. I strongly recommend it and they deserve more than 5 stars.','published','2025-05-20 14:07:46','2025-05-20 14:07:46','[\"products\\/pla-product-03.jpg\",\"products\\/product-25.jpg\",\"products\\/product-47.jpg\"]'),(523,2,NULL,NULL,21,4,'Amazing code, amazing support. Overall, im really confident in Botble and im happy I made the right choice! Thank you so much guys for coding this masterpiece','published','2025-05-20 14:07:46','2025-05-20 14:07:46','[\"products\\/product-9.jpg\"]'),(534,6,NULL,NULL,44,2,'As a developer I reviewed this script. This is really awesome ecommerce script. I have convinced when I noticed that it\'s built on fully WordPress concept.','published','2025-05-20 14:07:46','2025-05-20 14:07:46','[\"products\\/product-49.jpg\"]'),(538,2,NULL,NULL,47,5,'Best ecommerce CMS online store!','published','2025-05-20 14:07:46','2025-05-20 14:07:46','[\"products\\/product-65.jpg\"]'),(541,5,NULL,NULL,12,5,'The script is the best of its class, fast, easy to implement and work with , and the most important thing is the great support team , Recommend with no doubt.','published','2025-05-20 14:07:46','2025-05-20 14:07:46','[\"products\\/product-28.jpg\",\"products\\/product-83.jpg\",\"products\\/product-95.jpg\"]'),(542,1,NULL,NULL,26,1,'Great E-commerce system. And much more : Wonderful Customer Support.','published','2025-05-20 14:07:46','2025-05-20 14:07:46','[\"products\\/product-1.jpg\",\"products\\/product-14.jpg\",\"products\\/product-23.jpg\"]'),(545,3,NULL,NULL,42,1,'Great E-commerce system. And much more : Wonderful Customer Support.','published','2025-05-20 14:07:46','2025-05-20 14:07:46','[\"products\\/product-44.jpg\",\"products\\/product-54.jpg\",\"products\\/product-65.jpg\",\"products\\/product-81.jpg\"]'),(546,3,NULL,NULL,24,5,'This web app is really good in design, code quality & features. Besides, the customer support provided by the Botble team was really fast & helpful. You guys are awesome!','published','2025-05-20 14:07:46','2025-05-20 14:07:46','[\"products\\/product-53.jpg\",\"products\\/product-61.jpg\",\"products\\/product-73.jpg\",\"products\\/product-77.jpg\"]'),(554,1,NULL,NULL,40,3,'Very enthusiastic support! Excellent code is written. It\'s a true pleasure working with.','published','2025-05-20 14:07:46','2025-05-20 14:07:46','[\"products\\/product-62.jpg\",\"products\\/product-88.jpg\"]'),(556,10,NULL,NULL,35,1,'Best ecommerce CMS online store!','published','2025-05-20 14:07:46','2025-05-20 14:07:46','[\"products\\/product-12.jpg\",\"products\\/product-67.jpg\",\"products\\/product-76.jpg\"]'),(560,7,NULL,NULL,15,4,'We have received brilliant service support and will be expanding the features with the developer. Nice product!','published','2025-05-20 14:07:46','2025-05-20 14:07:46','[\"products\\/product-44.jpg\",\"products\\/product-92.jpg\"]'),(564,4,NULL,NULL,71,5,'Cool template. Excellent code quality. The support responds very quickly, which is very rare on themeforest and codecanyon.net, I buy a lot of templates, and everyone will have a response from technical support for two or three days. Thanks to tech support. I recommend to buy.','published','2025-05-20 14:07:46','2025-05-20 14:07:46','[\"products\\/product-25.jpg\",\"products\\/product-74.jpg\"]'),(565,10,NULL,NULL,72,2,'Cool template. Excellent code quality. The support responds very quickly, which is very rare on themeforest and codecanyon.net, I buy a lot of templates, and everyone will have a response from technical support for two or three days. Thanks to tech support. I recommend to buy.','published','2025-05-20 14:07:46','2025-05-20 14:07:46','[\"products\\/product-36.jpg\",\"products\\/product-72.jpg\",\"products\\/product-92.jpg\"]'),(566,2,NULL,NULL,63,4,'Perfect +++++++++ i love it really also i get to fast ticket answers... Thanks Lot BOTBLE Teams','published','2025-05-20 14:07:46','2025-05-20 14:07:46','[\"products\\/product-14.jpg\"]'),(569,2,NULL,NULL,11,2,'This script is well coded and is super fast. The support is pretty quick. Very patient and helpful team. I strongly recommend it and they deserve more than 5 stars.','published','2025-05-20 14:07:46','2025-05-20 14:07:46','[\"products\\/product-8.jpg\",\"products\\/product-37.jpg\"]'),(570,6,NULL,NULL,32,3,'Perfect +++++++++ i love it really also i get to fast ticket answers... Thanks Lot BOTBLE Teams','published','2025-05-20 14:07:46','2025-05-20 14:07:46','[\"products\\/product-3.jpg\"]'),(572,5,NULL,NULL,36,1,'Ok good product. I have some issues in customizations. But its not correct to blame the developer. The product is good. Good luck for your business.','published','2025-05-20 14:07:46','2025-05-20 14:07:46','[\"products\\/product-7.jpg\",\"products\\/product-24.jpg\",\"products\\/product-38.jpg\",\"products\\/product-72.jpg\"]'),(574,3,NULL,NULL,5,3,'The script is the best of its class, fast, easy to implement and work with , and the most important thing is the great support team , Recommend with no doubt.','published','2025-05-20 14:07:46','2025-05-20 14:07:46','[\"products\\/product-65.jpg\",\"products\\/product-82.jpg\",\"products\\/product-86.jpg\"]'),(575,3,NULL,NULL,36,2,'This web app is really good in design, code quality & features. Besides, the customer support provided by the Botble team was really fast & helpful. You guys are awesome!','published','2025-05-20 14:07:46','2025-05-20 14:07:46','[\"products\\/product-46.jpg\",\"products\\/product-62.jpg\",\"products\\/product-93.jpg\"]'),(576,3,NULL,NULL,10,5,'Clean & perfect source code','published','2025-05-20 14:07:46','2025-05-20 14:07:46','[\"products\\/product-32.jpg\",\"products\\/product-44.jpg\",\"products\\/product-73.jpg\"]'),(577,1,NULL,NULL,27,4,'As a developer I reviewed this script. This is really awesome ecommerce script. I have convinced when I noticed that it\'s built on fully WordPress concept.','published','2025-05-20 14:07:46','2025-05-20 14:07:46','[\"products\\/product-28.jpg\",\"products\\/product-30.jpg\",\"products\\/product-59.jpg\"]'),(579,3,NULL,NULL,63,2,'We have received brilliant service support and will be expanding the features with the developer. Nice product!','published','2025-05-20 14:07:46','2025-05-20 14:07:46','[\"products\\/product-6.jpg\",\"products\\/product-27.jpg\",\"products\\/product-67.jpg\",\"products\\/product-92.jpg\"]'),(580,1,NULL,NULL,54,3,'As a developer I reviewed this script. This is really awesome ecommerce script. I have convinced when I noticed that it\'s built on fully WordPress concept.','published','2025-05-20 14:07:46','2025-05-20 14:07:46','[\"products\\/pla-product-01.jpg\",\"products\\/pla-product-03.jpg\",\"products\\/product-16.jpg\"]'),(583,1,NULL,NULL,56,2,'Good app, good backup service and support. Good documentation.','published','2025-05-20 14:07:46','2025-05-20 14:07:46','[\"products\\/product-26.jpg\",\"products\\/product-48.jpg\"]'),(587,4,NULL,NULL,3,5,'Solution is too robust for our purpose so we didn\'t use it at the end. But I appreciate customer support during initial configuration.','published','2025-05-20 14:07:46','2025-05-20 14:07:46','[\"products\\/product-1.jpg\",\"products\\/product-15.jpg\"]'),(591,6,NULL,NULL,60,1,'It\'s not my first experience here on Codecanyon and I can honestly tell you all that Botble puts a LOT of effort into the support. They answer so fast, they helped me tons of times. REALLY by far THE BEST EXPERIENCE on Codecanyon. Those guys at Botble are so good that they deserve 5 stars. I recommend them, I trust them and I can\'t wait to see what they will sell in a near future. Thank you Botble :)','published','2025-05-20 14:07:46','2025-05-20 14:07:46','[\"products\\/product-84.jpg\"]'),(595,6,NULL,NULL,63,2,'As a developer I reviewed this script. This is really awesome ecommerce script. I have convinced when I noticed that it\'s built on fully WordPress concept.','published','2025-05-20 14:07:46','2025-05-20 14:07:46','[\"products\\/product-38.jpg\",\"products\\/product-55.jpg\",\"products\\/product-77.jpg\"]'),(598,5,NULL,NULL,25,3,'The code is good, in general, if you like it, can you give it 5 stars?','published','2025-05-20 14:07:46','2025-05-20 14:07:46','[\"products\\/product-12.jpg\",\"products\\/product-51.jpg\"]'),(601,5,NULL,NULL,32,2,'As a developer I reviewed this script. This is really awesome ecommerce script. I have convinced when I noticed that it\'s built on fully WordPress concept.','published','2025-05-20 14:07:46','2025-05-20 14:07:46','[\"products\\/product-11.jpg\",\"products\\/product-81.jpg\"]'),(603,5,NULL,NULL,71,3,'We have received brilliant service support and will be expanding the features with the developer. Nice product!','published','2025-05-20 14:07:46','2025-05-20 14:07:46','[\"products\\/product-16.jpg\",\"products\\/product-70.jpg\",\"products\\/product-94.jpg\"]'),(607,2,NULL,NULL,69,5,'Best ecommerce CMS online store!','published','2025-05-20 14:07:46','2025-05-20 14:07:46','[\"products\\/pla-product-03.jpg\"]'),(609,5,NULL,NULL,53,3,'It\'s not my first experience here on Codecanyon and I can honestly tell you all that Botble puts a LOT of effort into the support. They answer so fast, they helped me tons of times. REALLY by far THE BEST EXPERIENCE on Codecanyon. Those guys at Botble are so good that they deserve 5 stars. I recommend them, I trust them and I can\'t wait to see what they will sell in a near future. Thank you Botble :)','published','2025-05-20 14:07:46','2025-05-20 14:07:46','[\"products\\/pla-product-04.jpg\"]'),(613,7,NULL,NULL,34,3,'Ok good product. I have some issues in customizations. But its not correct to blame the developer. The product is good. Good luck for your business.','published','2025-05-20 14:07:46','2025-05-20 14:07:46','[\"products\\/product-10.jpg\",\"products\\/product-61.jpg\"]'),(617,7,NULL,NULL,39,5,'We have received brilliant service support and will be expanding the features with the developer. Nice product!','published','2025-05-20 14:07:46','2025-05-20 14:07:46','[\"products\\/product-1.jpg\",\"products\\/product-14.jpg\",\"products\\/product-80.jpg\"]'),(618,9,NULL,NULL,11,3,'Those guys now what they are doing, the release such a good product that it\'s a pleasure to work with ! Even when I was stuck on the project, I created a ticket and the next day it was replied by the team. GOOD JOB guys. I love working with them :)','published','2025-05-20 14:07:46','2025-05-20 14:07:46','[\"products\\/product-13.jpg\",\"products\\/product-91.jpg\"]'),(619,10,NULL,NULL,5,4,'As a developer I reviewed this script. This is really awesome ecommerce script. I have convinced when I noticed that it\'s built on fully WordPress concept.','published','2025-05-20 14:07:46','2025-05-20 14:07:46','[\"products\\/product-69.jpg\",\"products\\/product-79.jpg\"]'),(620,7,NULL,NULL,7,2,'These guys are amazing! Responses immediately, amazing support and help... I immediately feel at ease after Purchasing..','published','2025-05-20 14:07:46','2025-05-20 14:07:46','[\"products\\/product-13.jpg\",\"products\\/product-75.jpg\"]'),(626,3,NULL,NULL,68,2,'Perfect +++++++++ i love it really also i get to fast ticket answers... Thanks Lot BOTBLE Teams','published','2025-05-20 14:07:46','2025-05-20 14:07:46','[\"products\\/product-18.jpg\",\"products\\/product-65.jpg\"]'),(632,9,NULL,NULL,43,1,'Cool template. Excellent code quality. The support responds very quickly, which is very rare on themeforest and codecanyon.net, I buy a lot of templates, and everyone will have a response from technical support for two or three days. Thanks to tech support. I recommend to buy.','published','2025-05-20 14:07:46','2025-05-20 14:07:46','[\"products\\/product-21.jpg\",\"products\\/product-77.jpg\",\"products\\/product-84.jpg\"]'),(640,7,NULL,NULL,10,1,'This script is well coded and is super fast. The support is pretty quick. Very patient and helpful team. I strongly recommend it and they deserve more than 5 stars.','published','2025-05-20 14:07:46','2025-05-20 14:07:46','[\"products\\/product-41.jpg\",\"products\\/product-89.jpg\",\"products\\/product-95.jpg\"]'),(642,2,NULL,NULL,24,3,'Great E-commerce system. And much more : Wonderful Customer Support.','published','2025-05-20 14:07:46','2025-05-20 14:07:46','[\"products\\/product-50.jpg\",\"products\\/product-59.jpg\",\"products\\/product-89.jpg\"]'),(645,4,NULL,NULL,73,2,'Very enthusiastic support! Excellent code is written. It\'s a true pleasure working with.','published','2025-05-20 14:07:46','2025-05-20 14:07:46','[\"products\\/product-40.jpg\",\"products\\/product-66.jpg\",\"products\\/product-78.jpg\",\"products\\/product-80.jpg\"]'),(648,6,NULL,NULL,9,2,'Great E-commerce system. And much more : Wonderful Customer Support.','published','2025-05-20 14:07:46','2025-05-20 14:07:46','[\"products\\/product-30.jpg\",\"products\\/product-32.jpg\"]'),(649,10,NULL,NULL,57,5,'Clean & perfect source code','published','2025-05-20 14:07:46','2025-05-20 14:07:46','[\"products\\/product-35.jpg\",\"products\\/product-57.jpg\"]'),(650,3,NULL,NULL,58,2,'Great system, great support, good job Botble. I\'m looking forward to more great functional plugins.','published','2025-05-20 14:07:46','2025-05-20 14:07:46','[\"products\\/product-6.jpg\",\"products\\/product-83.jpg\"]'),(656,3,NULL,NULL,6,1,'Second or third time that I buy a Botble product, happy with the products and support. You guys do a good job :)','published','2025-05-20 14:07:46','2025-05-20 14:07:46','[\"products\\/product-55.jpg\",\"products\\/product-62.jpg\",\"products\\/product-76.jpg\"]'),(658,7,NULL,NULL,72,1,'The code is good, in general, if you like it, can you give it 5 stars?','published','2025-05-20 14:07:46','2025-05-20 14:07:46','[\"products\\/product-1.jpg\",\"products\\/product-14.jpg\",\"products\\/product-59.jpg\",\"products\\/product-86.jpg\"]'),(659,2,NULL,NULL,26,2,'This script is well coded and is super fast. The support is pretty quick. Very patient and helpful team. I strongly recommend it and they deserve more than 5 stars.','published','2025-05-20 14:07:46','2025-05-20 14:07:46','[\"products\\/product-35.jpg\",\"products\\/product-73.jpg\",\"products\\/product-78.jpg\"]'),(664,2,NULL,NULL,58,2,'Great E-commerce system. And much more : Wonderful Customer Support.','published','2025-05-20 14:07:46','2025-05-20 14:07:46','[\"products\\/product-94.jpg\"]'),(668,1,NULL,NULL,15,1,'Second or third time that I buy a Botble product, happy with the products and support. You guys do a good job :)','published','2025-05-20 14:07:46','2025-05-20 14:07:46','[\"products\\/pla-product-04.jpg\"]'),(671,1,NULL,NULL,11,5,'As a developer I reviewed this script. This is really awesome ecommerce script. I have convinced when I noticed that it\'s built on fully WordPress concept.','published','2025-05-20 14:07:46','2025-05-20 14:07:46','[\"products\\/product-49.jpg\"]'),(676,1,NULL,NULL,31,3,'The best store template! Excellent coding! Very good support! Thank you so much for all the help, I really appreciated.','published','2025-05-20 14:07:46','2025-05-20 14:07:46','[\"products\\/product-64.jpg\",\"products\\/product-69.jpg\",\"products\\/product-88.jpg\",\"products\\/product-92.jpg\"]'),(680,9,NULL,NULL,47,5,'The code is good, in general, if you like it, can you give it 5 stars?','published','2025-05-20 14:07:46','2025-05-20 14:07:46','[\"products\\/product-31.jpg\",\"products\\/product-32.jpg\",\"products\\/product-35.jpg\",\"products\\/product-66.jpg\"]'),(685,3,NULL,NULL,19,4,'Perfect +++++++++ i love it really also i get to fast ticket answers... Thanks Lot BOTBLE Teams','published','2025-05-20 14:07:46','2025-05-20 14:07:46','[\"products\\/product-31.jpg\",\"products\\/product-70.jpg\",\"products\\/product-85.jpg\"]'),(688,10,NULL,NULL,34,3,'These guys are amazing! Responses immediately, amazing support and help... I immediately feel at ease after Purchasing..','published','2025-05-20 14:07:46','2025-05-20 14:07:46','[\"products\\/product-19.jpg\",\"products\\/product-83.jpg\"]'),(693,2,NULL,NULL,71,4,'The best store template! Excellent coding! Very good support! Thank you so much for all the help, I really appreciated.','published','2025-05-20 14:07:46','2025-05-20 14:07:46','[\"products\\/product-8.jpg\",\"products\\/product-30.jpg\",\"products\\/product-81.jpg\",\"products\\/product-91.jpg\"]'),(696,5,NULL,NULL,49,3,'These guys are amazing! Responses immediately, amazing support and help... I immediately feel at ease after Purchasing..','published','2025-05-20 14:07:46','2025-05-20 14:07:46','[\"products\\/product-18.jpg\",\"products\\/product-20.jpg\"]'),(699,8,NULL,NULL,21,2,'Customer Support are grade (A*), however the code is a way too over engineered for it\'s purpose.','published','2025-05-20 14:07:46','2025-05-20 14:07:46','[\"products\\/product-23.jpg\",\"products\\/product-39.jpg\",\"products\\/product-57.jpg\"]'),(700,9,NULL,NULL,58,4,'The script is the best of its class, fast, easy to implement and work with , and the most important thing is the great support team , Recommend with no doubt.','published','2025-05-20 14:07:46','2025-05-20 14:07:46','[\"products\\/product-4.jpg\",\"products\\/product-7.jpg\",\"products\\/product-9.jpg\",\"products\\/product-73.jpg\"]'),(701,4,NULL,NULL,33,3,'Second or third time that I buy a Botble product, happy with the products and support. You guys do a good job :)','published','2025-05-20 14:07:46','2025-05-20 14:07:46','[\"products\\/product-27.jpg\",\"products\\/product-53.jpg\",\"products\\/product-85.jpg\",\"products\\/product-87.jpg\"]'),(705,2,NULL,NULL,49,3,'For me the best eCommerce script on Envato at this moment: modern, clean code, a lot of great features. The customer support is great too: I always get an answer within hours!','published','2025-05-20 14:07:46','2025-05-20 14:07:46','[\"products\\/product-45.jpg\",\"products\\/product-67.jpg\",\"products\\/product-95.jpg\"]'),(708,2,NULL,NULL,51,1,'Second or third time that I buy a Botble product, happy with the products and support. You guys do a good job :)','published','2025-05-20 14:07:46','2025-05-20 14:07:46','[\"products\\/product-11.jpg\",\"products\\/product-50.jpg\"]'),(711,6,NULL,NULL,25,1,'Solution is too robust for our purpose so we didn\'t use it at the end. But I appreciate customer support during initial configuration.','published','2025-05-20 14:07:46','2025-05-20 14:07:46','[\"products\\/product-51.jpg\",\"products\\/product-74.jpg\"]'),(716,10,NULL,NULL,7,5,'Those guys now what they are doing, the release such a good product that it\'s a pleasure to work with ! Even when I was stuck on the project, I created a ticket and the next day it was replied by the team. GOOD JOB guys. I love working with them :)','published','2025-05-20 14:07:46','2025-05-20 14:07:46','[\"products\\/product-63.jpg\",\"products\\/product-81.jpg\"]'),(719,2,NULL,NULL,73,4,'The script is the best of its class, fast, easy to implement and work with , and the most important thing is the great support team , Recommend with no doubt.','published','2025-05-20 14:07:46','2025-05-20 14:07:46','[\"products\\/product-4.jpg\"]'),(721,9,NULL,NULL,54,2,'Customer Support are grade (A*), however the code is a way too over engineered for it\'s purpose.','published','2025-05-20 14:07:46','2025-05-20 14:07:46','[\"products\\/product-7.jpg\",\"products\\/product-24.jpg\",\"products\\/product-46.jpg\"]'),(723,8,NULL,NULL,65,2,'Perfect +++++++++ i love it really also i get to fast ticket answers... Thanks Lot BOTBLE Teams','published','2025-05-20 14:07:46','2025-05-20 14:07:46','[\"products\\/product-25.jpg\",\"products\\/product-44.jpg\"]'),(725,3,NULL,NULL,64,4,'Clean & perfect source code','published','2025-05-20 14:07:46','2025-05-20 14:07:46','[\"products\\/product-5.jpg\",\"products\\/product-25.jpg\",\"products\\/product-76.jpg\"]'),(726,4,NULL,NULL,5,4,'I Love this Script. I also found how to add other fees. Now I just wait the BIG update for the Marketplace with the Bulk Import. Just do not forget to make it to be Multi-language for us the Botble Fans.','published','2025-05-20 14:07:46','2025-05-20 14:07:46','[\"products\\/product-9.jpg\",\"products\\/product-12.jpg\",\"products\\/product-47.jpg\"]'),(733,2,NULL,NULL,38,5,'Clean & perfect source code','published','2025-05-20 14:07:46','2025-05-20 14:07:46','[\"products\\/product-17.jpg\"]'),(738,6,NULL,NULL,33,4,'The code is good, in general, if you like it, can you give it 5 stars?','published','2025-05-20 14:07:46','2025-05-20 14:07:46','[\"products\\/product-28.jpg\"]'),(740,7,NULL,NULL,70,4,'The best ecommerce CMS! Excellent coding! best support service! Thank you so much..... I really like your hard work.','published','2025-05-20 14:07:46','2025-05-20 14:07:46','[\"products\\/product-31.jpg\",\"products\\/product-66.jpg\",\"products\\/product-90.jpg\"]'),(742,7,NULL,NULL,36,2,'These guys are amazing! Responses immediately, amazing support and help... I immediately feel at ease after Purchasing..','published','2025-05-20 14:07:46','2025-05-20 14:07:46','[\"products\\/product-25.jpg\"]'),(744,6,NULL,NULL,27,5,'Perfect +++++++++ i love it really also i get to fast ticket answers... Thanks Lot BOTBLE Teams','published','2025-05-20 14:07:46','2025-05-20 14:07:46','[\"products\\/product-86.jpg\"]'),(747,5,NULL,NULL,3,4,'Perfect +++++++++ i love it really also i get to fast ticket answers... Thanks Lot BOTBLE Teams','published','2025-05-20 14:07:46','2025-05-20 14:07:46','[\"products\\/product-73.jpg\"]'),(749,5,NULL,NULL,7,5,'Second or third time that I buy a Botble product, happy with the products and support. You guys do a good job :)','published','2025-05-20 14:07:46','2025-05-20 14:07:46','[\"products\\/product-65.jpg\"]'),(754,1,NULL,NULL,47,3,'It\'s not my first experience here on Codecanyon and I can honestly tell you all that Botble puts a LOT of effort into the support. They answer so fast, they helped me tons of times. REALLY by far THE BEST EXPERIENCE on Codecanyon. Those guys at Botble are so good that they deserve 5 stars. I recommend them, I trust them and I can\'t wait to see what they will sell in a near future. Thank you Botble :)','published','2025-05-20 14:07:46','2025-05-20 14:07:46','[\"products\\/product-56.jpg\"]'),(760,9,NULL,NULL,66,1,'The best store template! Excellent coding! Very good support! Thank you so much for all the help, I really appreciated.','published','2025-05-20 14:07:46','2025-05-20 14:07:46','[\"products\\/pla-product-04.jpg\",\"products\\/product-82.jpg\",\"products\\/product-86.jpg\"]'),(763,6,NULL,NULL,1,5,'As a developer I reviewed this script. This is really awesome ecommerce script. I have convinced when I noticed that it\'s built on fully WordPress concept.','published','2025-05-20 14:07:46','2025-05-20 14:07:46','[\"products\\/product-3.jpg\",\"products\\/product-6.jpg\",\"products\\/product-13.jpg\",\"products\\/product-18.jpg\"]'),(767,10,NULL,NULL,56,2,'For me the best eCommerce script on Envato at this moment: modern, clean code, a lot of great features. The customer support is great too: I always get an answer within hours!','published','2025-05-20 14:07:46','2025-05-20 14:07:46','[\"products\\/product-3.jpg\",\"products\\/product-8.jpg\",\"products\\/product-27.jpg\",\"products\\/product-91.jpg\"]'),(772,4,NULL,NULL,27,3,'Great E-commerce system. And much more : Wonderful Customer Support.','published','2025-05-20 14:07:46','2025-05-20 14:07:46','[\"products\\/product-44.jpg\"]'),(773,4,NULL,NULL,41,2,'Great system, great support, good job Botble. I\'m looking forward to more great functional plugins.','published','2025-05-20 14:07:46','2025-05-20 14:07:46','[\"products\\/product-42.jpg\",\"products\\/product-47.jpg\",\"products\\/product-85.jpg\"]'),(774,7,NULL,NULL,11,2,'Best ecommerce CMS online store!','published','2025-05-20 14:07:46','2025-05-20 14:07:46','[\"products\\/pla-product-01.jpg\",\"products\\/product-7.jpg\",\"products\\/product-30.jpg\",\"products\\/product-34.jpg\"]'),(778,1,NULL,NULL,22,1,'Great system, great support, good job Botble. I\'m looking forward to more great functional plugins.','published','2025-05-20 14:07:46','2025-05-20 14:07:46','[\"products\\/product-7.jpg\",\"products\\/product-58.jpg\",\"products\\/product-88.jpg\"]'),(781,8,NULL,NULL,3,2,'The script is the best of its class, fast, easy to implement and work with , and the most important thing is the great support team , Recommend with no doubt.','published','2025-05-20 14:07:46','2025-05-20 14:07:46','[\"products\\/product-75.jpg\",\"products\\/product-78.jpg\",\"products\\/product-89.jpg\"]'),(783,7,NULL,NULL,19,3,'These guys are amazing! Responses immediately, amazing support and help... I immediately feel at ease after Purchasing..','published','2025-05-20 14:07:46','2025-05-20 14:07:46','[\"products\\/product-1.jpg\",\"products\\/product-72.jpg\"]'),(786,6,NULL,NULL,21,1,'I Love this Script. I also found how to add other fees. Now I just wait the BIG update for the Marketplace with the Bulk Import. Just do not forget to make it to be Multi-language for us the Botble Fans.','published','2025-05-20 14:07:46','2025-05-20 14:07:46','[\"products\\/product-45.jpg\"]'),(787,4,NULL,NULL,51,5,'Clean & perfect source code','published','2025-05-20 14:07:46','2025-05-20 14:07:46','[\"products\\/product-18.jpg\",\"products\\/product-33.jpg\",\"products\\/product-75.jpg\",\"products\\/product-83.jpg\"]'),(789,1,NULL,NULL,14,5,'Good app, good backup service and support. Good documentation.','published','2025-05-20 14:07:46','2025-05-20 14:07:46','[\"products\\/product-38.jpg\"]'),(790,7,NULL,NULL,56,4,'The best store template! Excellent coding! Very good support! Thank you so much for all the help, I really appreciated.','published','2025-05-20 14:07:46','2025-05-20 14:07:46','[\"products\\/product-22.jpg\",\"products\\/product-28.jpg\",\"products\\/product-76.jpg\",\"products\\/product-85.jpg\"]'),(804,8,NULL,NULL,51,5,'I Love this Script. I also found how to add other fees. Now I just wait the BIG update for the Marketplace with the Bulk Import. Just do not forget to make it to be Multi-language for us the Botble Fans.','published','2025-05-20 14:07:46','2025-05-20 14:07:46','[\"products\\/product-7.jpg\",\"products\\/product-20.jpg\",\"products\\/product-54.jpg\",\"products\\/product-80.jpg\"]'),(807,3,NULL,NULL,12,3,'Perfect +++++++++ i love it really also i get to fast ticket answers... Thanks Lot BOTBLE Teams','published','2025-05-20 14:07:46','2025-05-20 14:07:46','[\"products\\/product-50.jpg\",\"products\\/product-76.jpg\",\"products\\/product-95.jpg\"]'),(811,1,NULL,NULL,16,4,'We have received brilliant service support and will be expanding the features with the developer. Nice product!','published','2025-05-20 14:07:46','2025-05-20 14:07:46','[\"products\\/pla-product-04.jpg\",\"products\\/product-34.jpg\",\"products\\/product-79.jpg\"]'),(817,1,NULL,NULL,34,4,'This web app is really good in design, code quality & features. Besides, the customer support provided by the Botble team was really fast & helpful. You guys are awesome!','published','2025-05-20 14:07:46','2025-05-20 14:07:46','[\"products\\/product-92.jpg\"]'),(830,7,NULL,NULL,20,1,'I Love this Script. I also found how to add other fees. Now I just wait the BIG update for the Marketplace with the Bulk Import. Just do not forget to make it to be Multi-language for us the Botble Fans.','published','2025-05-20 14:07:46','2025-05-20 14:07:46','[\"products\\/product-51.jpg\",\"products\\/product-52.jpg\",\"products\\/product-59.jpg\"]'),(839,3,NULL,NULL,28,2,'It\'s not my first experience here on Codecanyon and I can honestly tell you all that Botble puts a LOT of effort into the support. They answer so fast, they helped me tons of times. REALLY by far THE BEST EXPERIENCE on Codecanyon. Those guys at Botble are so good that they deserve 5 stars. I recommend them, I trust them and I can\'t wait to see what they will sell in a near future. Thank you Botble :)','published','2025-05-20 14:07:46','2025-05-20 14:07:46','[\"products\\/product-86.jpg\"]'),(840,9,NULL,NULL,8,5,'It\'s not my first experience here on Codecanyon and I can honestly tell you all that Botble puts a LOT of effort into the support. They answer so fast, they helped me tons of times. REALLY by far THE BEST EXPERIENCE on Codecanyon. Those guys at Botble are so good that they deserve 5 stars. I recommend them, I trust them and I can\'t wait to see what they will sell in a near future. Thank you Botble :)','published','2025-05-20 14:07:46','2025-05-20 14:07:46','[\"products\\/product-32.jpg\",\"products\\/product-71.jpg\"]'),(844,2,NULL,NULL,55,4,'Best ecommerce CMS online store!','published','2025-05-20 14:07:46','2025-05-20 14:07:46','[\"products\\/product-15.jpg\",\"products\\/product-31.jpg\",\"products\\/product-49.jpg\",\"products\\/product-88.jpg\"]'),(849,9,NULL,NULL,10,4,'Solution is too robust for our purpose so we didn\'t use it at the end. But I appreciate customer support during initial configuration.','published','2025-05-20 14:07:46','2025-05-20 14:07:46','[\"products\\/product-12.jpg\",\"products\\/product-65.jpg\"]'),(851,4,NULL,NULL,62,3,'The script is the best of its class, fast, easy to implement and work with , and the most important thing is the great support team , Recommend with no doubt.','published','2025-05-20 14:07:46','2025-05-20 14:07:46','[\"products\\/product-70.jpg\",\"products\\/product-76.jpg\",\"products\\/product-83.jpg\",\"products\\/product-95.jpg\"]'),(854,7,NULL,NULL,38,5,'Customer Support are grade (A*), however the code is a way too over engineered for it\'s purpose.','published','2025-05-20 14:07:46','2025-05-20 14:07:46','[\"products\\/pla-product-02.jpg\"]'),(856,1,NULL,NULL,72,3,'The best store template! Excellent coding! Very good support! Thank you so much for all the help, I really appreciated.','published','2025-05-20 14:07:46','2025-05-20 14:07:46','[\"products\\/product-17.jpg\",\"products\\/product-28.jpg\",\"products\\/product-58.jpg\",\"products\\/product-90.jpg\"]'),(857,9,NULL,NULL,19,4,'Clean & perfect source code','published','2025-05-20 14:07:46','2025-05-20 14:07:46','[\"products\\/product-36.jpg\",\"products\\/product-68.jpg\",\"products\\/product-85.jpg\"]'),(859,4,NULL,NULL,23,4,'Second or third time that I buy a Botble product, happy with the products and support. You guys do a good job :)','published','2025-05-20 14:07:46','2025-05-20 14:07:46','[\"products\\/pla-product-01.jpg\",\"products\\/product-28.jpg\"]'),(862,6,NULL,NULL,15,1,'Those guys now what they are doing, the release such a good product that it\'s a pleasure to work with ! Even when I was stuck on the project, I created a ticket and the next day it was replied by the team. GOOD JOB guys. I love working with them :)','published','2025-05-20 14:07:46','2025-05-20 14:07:46','[\"products\\/product-45.jpg\"]'),(863,4,NULL,NULL,69,3,'This web app is really good in design, code quality & features. Besides, the customer support provided by the Botble team was really fast & helpful. You guys are awesome!','published','2025-05-20 14:07:46','2025-05-20 14:07:46','[\"products\\/product-5.jpg\",\"products\\/product-41.jpg\"]'),(865,2,NULL,NULL,42,4,'This web app is really good in design, code quality & features. Besides, the customer support provided by the Botble team was really fast & helpful. You guys are awesome!','published','2025-05-20 14:07:46','2025-05-20 14:07:46','[\"products\\/pla-product-03.jpg\"]'),(869,2,NULL,NULL,13,5,'Second or third time that I buy a Botble product, happy with the products and support. You guys do a good job :)','published','2025-05-20 14:07:46','2025-05-20 14:07:46','[\"products\\/product-57.jpg\",\"products\\/product-71.jpg\",\"products\\/product-74.jpg\"]'),(870,5,NULL,NULL,42,3,'The script is the best of its class, fast, easy to implement and work with , and the most important thing is the great support team , Recommend with no doubt.','published','2025-05-20 14:07:46','2025-05-20 14:07:46','[\"products\\/product-14.jpg\"]'),(871,3,NULL,NULL,65,4,'Best ecommerce CMS online store!','published','2025-05-20 14:07:46','2025-05-20 14:07:46','[\"products\\/product-27.jpg\",\"products\\/product-61.jpg\",\"products\\/product-92.jpg\"]'),(872,1,NULL,NULL,44,3,'As a developer I reviewed this script. This is really awesome ecommerce script. I have convinced when I noticed that it\'s built on fully WordPress concept.','published','2025-05-20 14:07:46','2025-05-20 14:07:46','[\"products\\/product-41.jpg\",\"products\\/product-72.jpg\",\"products\\/product-76.jpg\"]'),(873,9,NULL,NULL,69,5,'Solution is too robust for our purpose so we didn\'t use it at the end. But I appreciate customer support during initial configuration.','published','2025-05-20 14:07:46','2025-05-20 14:07:46','[\"products\\/product-20.jpg\",\"products\\/product-25.jpg\"]'),(877,6,NULL,NULL,45,4,'Great E-commerce system. And much more : Wonderful Customer Support.','published','2025-05-20 14:07:46','2025-05-20 14:07:46','[\"products\\/product-64.jpg\"]'),(880,10,NULL,NULL,66,1,'We have received brilliant service support and will be expanding the features with the developer. Nice product!','published','2025-05-20 14:07:46','2025-05-20 14:07:46','[\"products\\/product-58.jpg\"]'),(885,10,NULL,NULL,18,3,'Great system, great support, good job Botble. I\'m looking forward to more great functional plugins.','published','2025-05-20 14:07:46','2025-05-20 14:07:46','[\"products\\/product-65.jpg\",\"products\\/product-86.jpg\"]'),(891,2,NULL,NULL,16,2,'Clean & perfect source code','published','2025-05-20 14:07:46','2025-05-20 14:07:46','[\"products\\/product-17.jpg\",\"products\\/product-75.jpg\",\"products\\/product-85.jpg\"]'),(897,8,NULL,NULL,2,5,'The best ecommerce CMS! Excellent coding! best support service! Thank you so much..... I really like your hard work.','published','2025-05-20 14:07:46','2025-05-20 14:07:46','[\"products\\/product-94.jpg\"]'),(902,10,NULL,NULL,6,1,'Second or third time that I buy a Botble product, happy with the products and support. You guys do a good job :)','published','2025-05-20 14:07:46','2025-05-20 14:07:46','[\"products\\/product-12.jpg\",\"products\\/product-37.jpg\",\"products\\/product-47.jpg\"]'),(903,9,NULL,NULL,57,3,'Clean & perfect source code','published','2025-05-20 14:07:46','2025-05-20 14:07:46','[\"products\\/pla-product-02.jpg\",\"products\\/product-25.jpg\",\"products\\/product-84.jpg\"]'),(909,4,NULL,NULL,74,1,'The script is the best of its class, fast, easy to implement and work with , and the most important thing is the great support team , Recommend with no doubt.','published','2025-05-20 14:07:46','2025-05-20 14:07:46','[\"products\\/product-54.jpg\"]'),(910,4,NULL,NULL,61,4,'Good app, good backup service and support. Good documentation.','published','2025-05-20 14:07:46','2025-05-20 14:07:46','[\"products\\/product-69.jpg\",\"products\\/product-70.jpg\",\"products\\/product-72.jpg\"]'),(912,10,NULL,NULL,24,3,'Solution is too robust for our purpose so we didn\'t use it at the end. But I appreciate customer support during initial configuration.','published','2025-05-20 14:07:46','2025-05-20 14:07:46','[\"products\\/product-69.jpg\"]'),(914,1,NULL,NULL,36,3,'We have received brilliant service support and will be expanding the features with the developer. Nice product!','published','2025-05-20 14:07:46','2025-05-20 14:07:46','[\"products\\/product-1.jpg\",\"products\\/product-5.jpg\",\"products\\/product-50.jpg\",\"products\\/product-83.jpg\"]'),(918,1,NULL,NULL,7,5,'I Love this Script. I also found how to add other fees. Now I just wait the BIG update for the Marketplace with the Bulk Import. Just do not forget to make it to be Multi-language for us the Botble Fans.','published','2025-05-20 14:07:46','2025-05-20 14:07:46','[\"products\\/product-37.jpg\"]'),(923,6,NULL,NULL,39,5,'As a developer I reviewed this script. This is really awesome ecommerce script. I have convinced when I noticed that it\'s built on fully WordPress concept.','published','2025-05-20 14:07:46','2025-05-20 14:07:46','[\"products\\/product-77.jpg\"]'),(924,6,NULL,NULL,24,1,'Clean & perfect source code','published','2025-05-20 14:07:46','2025-05-20 14:07:46','[\"products\\/product-35.jpg\"]'),(925,6,NULL,NULL,71,1,'I Love this Script. I also found how to add other fees. Now I just wait the BIG update for the Marketplace with the Bulk Import. Just do not forget to make it to be Multi-language for us the Botble Fans.','published','2025-05-20 14:07:46','2025-05-20 14:07:46','[\"products\\/product-8.jpg\",\"products\\/product-69.jpg\",\"products\\/product-72.jpg\",\"products\\/product-82.jpg\"]'),(926,8,NULL,NULL,66,1,'The script is the best of its class, fast, easy to implement and work with , and the most important thing is the great support team , Recommend with no doubt.','published','2025-05-20 14:07:46','2025-05-20 14:07:46','[\"products\\/product-3.jpg\",\"products\\/product-37.jpg\",\"products\\/product-64.jpg\",\"products\\/product-69.jpg\"]'),(929,8,NULL,NULL,19,2,'Cool template. Excellent code quality. The support responds very quickly, which is very rare on themeforest and codecanyon.net, I buy a lot of templates, and everyone will have a response from technical support for two or three days. Thanks to tech support. I recommend to buy.','published','2025-05-20 14:07:46','2025-05-20 14:07:46','[\"products\\/product-25.jpg\",\"products\\/product-32.jpg\",\"products\\/product-81.jpg\"]'),(937,1,NULL,NULL,23,4,'As a developer I reviewed this script. This is really awesome ecommerce script. I have convinced when I noticed that it\'s built on fully WordPress concept.','published','2025-05-20 14:07:46','2025-05-20 14:07:46','[\"products\\/product-3.jpg\"]'),(938,7,NULL,NULL,55,2,'Those guys now what they are doing, the release such a good product that it\'s a pleasure to work with ! Even when I was stuck on the project, I created a ticket and the next day it was replied by the team. GOOD JOB guys. I love working with them :)','published','2025-05-20 14:07:46','2025-05-20 14:07:46','[\"products\\/product-13.jpg\",\"products\\/product-74.jpg\"]'),(948,6,NULL,NULL,75,2,'The best store template! Excellent coding! Very good support! Thank you so much for all the help, I really appreciated.','published','2025-05-20 14:07:46','2025-05-20 14:07:46','[\"products\\/product-24.jpg\",\"products\\/product-33.jpg\",\"products\\/product-52.jpg\",\"products\\/product-58.jpg\"]'),(949,10,NULL,NULL,75,4,'Great system, great support, good job Botble. I\'m looking forward to more great functional plugins.','published','2025-05-20 14:07:46','2025-05-20 14:07:46','[\"products\\/product-29.jpg\",\"products\\/product-37.jpg\"]'),(954,1,NULL,NULL,45,1,'Perfect +++++++++ i love it really also i get to fast ticket answers... Thanks Lot BOTBLE Teams','published','2025-05-20 14:07:46','2025-05-20 14:07:46','[\"products\\/product-23.jpg\",\"products\\/product-31.jpg\",\"products\\/product-56.jpg\"]'),(963,2,NULL,NULL,22,2,'Best ecommerce CMS online store!','published','2025-05-20 14:07:46','2025-05-20 14:07:46','[\"products\\/product-60.jpg\",\"products\\/product-83.jpg\"]'),(974,2,NULL,NULL,19,3,'The script is the best of its class, fast, easy to implement and work with , and the most important thing is the great support team , Recommend with no doubt.','published','2025-05-20 14:07:46','2025-05-20 14:07:46','[\"products\\/product-13.jpg\",\"products\\/product-42.jpg\",\"products\\/product-75.jpg\"]'),(977,5,NULL,NULL,30,1,'Those guys now what they are doing, the release such a good product that it\'s a pleasure to work with ! Even when I was stuck on the project, I created a ticket and the next day it was replied by the team. GOOD JOB guys. I love working with them :)','published','2025-05-20 14:07:46','2025-05-20 14:07:46','[\"products\\/product-4.jpg\",\"products\\/product-51.jpg\"]'),(979,6,NULL,NULL,23,1,'Good app, good backup service and support. Good documentation.','published','2025-05-20 14:07:46','2025-05-20 14:07:46','[\"products\\/pla-product-01.jpg\",\"products\\/product-39.jpg\",\"products\\/product-63.jpg\"]'),(981,4,NULL,NULL,15,3,'Perfect +++++++++ i love it really also i get to fast ticket answers... Thanks Lot BOTBLE Teams','published','2025-05-20 14:07:46','2025-05-20 14:07:46','[\"products\\/pla-product-02.jpg\",\"products\\/product-9.jpg\",\"products\\/product-36.jpg\",\"products\\/product-86.jpg\"]'),(986,3,NULL,NULL,62,1,'Cool template. Excellent code quality. The support responds very quickly, which is very rare on themeforest and codecanyon.net, I buy a lot of templates, and everyone will have a response from technical support for two or three days. Thanks to tech support. I recommend to buy.','published','2025-05-20 14:07:46','2025-05-20 14:07:46','[\"products\\/product-20.jpg\",\"products\\/product-53.jpg\",\"products\\/product-78.jpg\",\"products\\/product-90.jpg\"]'),(988,8,NULL,NULL,12,3,'Solution is too robust for our purpose so we didn\'t use it at the end. But I appreciate customer support during initial configuration.','published','2025-05-20 14:07:46','2025-05-20 14:07:46','[\"products\\/pla-product-01.jpg\",\"products\\/product-29.jpg\"]'),(994,5,NULL,NULL,74,4,'Great E-commerce system. And much more : Wonderful Customer Support.','published','2025-05-20 14:07:46','2025-05-20 14:07:46','[\"products\\/product-26.jpg\",\"products\\/product-47.jpg\",\"products\\/product-51.jpg\",\"products\\/product-58.jpg\"]'),(997,8,NULL,NULL,42,3,'The code is good, in general, if you like it, can you give it 5 stars?','published','2025-05-20 14:07:46','2025-05-20 14:07:46','[\"products\\/product-39.jpg\",\"products\\/product-62.jpg\",\"products\\/product-91.jpg\"]'),(1001,8,NULL,NULL,297,5,'Great table !','published','2025-05-27 13:36:06','2025-05-27 13:37:02',NULL),(1002,10,NULL,NULL,299,3,'useful !','published','2025-05-27 13:37:57','2025-05-27 13:38:52',NULL),(1003,3,NULL,NULL,267,5,'Qualité top !','published','2025-05-27 13:39:58','2025-05-27 13:41:42',NULL);
/*!40000 ALTER TABLE `ec_reviews` ENABLE KEYS */;
UNLOCK TABLES;

--
-- Table structure for table `ec_shared_wishlists`
--

DROP TABLE IF EXISTS `ec_shared_wishlists`;
/*!40101 SET @saved_cs_client     = @@character_set_client */;
/*!40101 SET character_set_client = utf8 */;
CREATE TABLE `ec_shared_wishlists` (
  `id` bigint(20) unsigned NOT NULL AUTO_INCREMENT,
  `code` varchar(191) NOT NULL,
  `product_ids` text DEFAULT NULL,
  `created_at` timestamp NULL DEFAULT NULL,
  `updated_at` timestamp NULL DEFAULT NULL,
  PRIMARY KEY (`id`),
  UNIQUE KEY `ec_shared_wishlists_code_unique` (`code`)
) ENGINE=InnoDB DEFAULT CHARSET=utf8mb4 COLLATE=utf8mb4_unicode_ci;
/*!40101 SET character_set_client = @saved_cs_client */;

--
-- Dumping data for table `ec_shared_wishlists`
--

LOCK TABLES `ec_shared_wishlists` WRITE;
/*!40000 ALTER TABLE `ec_shared_wishlists` DISABLE KEYS */;
/*!40000 ALTER TABLE `ec_shared_wishlists` ENABLE KEYS */;
UNLOCK TABLES;

--
-- Table structure for table `ec_shipment_histories`
--

DROP TABLE IF EXISTS `ec_shipment_histories`;
/*!40101 SET @saved_cs_client     = @@character_set_client */;
/*!40101 SET character_set_client = utf8 */;
CREATE TABLE `ec_shipment_histories` (
  `id` bigint(20) unsigned NOT NULL AUTO_INCREMENT,
  `action` varchar(120) NOT NULL,
  `description` varchar(400) DEFAULT NULL,
  `user_id` bigint(20) unsigned DEFAULT NULL,
  `shipment_id` bigint(20) unsigned NOT NULL,
  `order_id` bigint(20) unsigned NOT NULL,
  `created_at` timestamp NULL DEFAULT NULL,
  `updated_at` timestamp NULL DEFAULT NULL,
  `user_type` varchar(191) NOT NULL DEFAULT 'Botble\\ACL\\Models\\User',
  PRIMARY KEY (`id`)
) ENGINE=InnoDB DEFAULT CHARSET=utf8mb4 COLLATE=utf8mb4_unicode_ci;
/*!40101 SET character_set_client = @saved_cs_client */;

--
-- Dumping data for table `ec_shipment_histories`
--

LOCK TABLES `ec_shipment_histories` WRITE;
/*!40000 ALTER TABLE `ec_shipment_histories` DISABLE KEYS */;
/*!40000 ALTER TABLE `ec_shipment_histories` ENABLE KEYS */;
UNLOCK TABLES;

--
-- Table structure for table `ec_shipments`
--

DROP TABLE IF EXISTS `ec_shipments`;
/*!40101 SET @saved_cs_client     = @@character_set_client */;
/*!40101 SET character_set_client = utf8 */;
CREATE TABLE `ec_shipments` (
  `id` bigint(20) unsigned NOT NULL AUTO_INCREMENT,
  `order_id` bigint(20) unsigned NOT NULL,
  `user_id` bigint(20) unsigned DEFAULT NULL,
  `weight` double DEFAULT 0,
  `shipment_id` varchar(120) DEFAULT NULL,
  `rate_id` varchar(120) DEFAULT NULL,
  `note` varchar(120) DEFAULT NULL,
  `status` varchar(120) NOT NULL DEFAULT 'pending',
  `cod_amount` decimal(15,2) DEFAULT 0.00,
  `cod_status` varchar(60) NOT NULL DEFAULT 'pending',
  `cross_checking_status` varchar(60) NOT NULL DEFAULT 'pending',
  `price` decimal(15,2) DEFAULT 0.00,
  `store_id` bigint(20) unsigned DEFAULT NULL,
  `created_at` timestamp NULL DEFAULT NULL,
  `updated_at` timestamp NULL DEFAULT NULL,
  `tracking_id` varchar(191) DEFAULT NULL,
  `shipping_company_name` varchar(191) DEFAULT NULL,
  `tracking_link` varchar(191) DEFAULT NULL,
  `estimate_date_shipped` datetime DEFAULT NULL,
  `date_shipped` datetime DEFAULT NULL,
  `customer_delivered_confirmed_at` timestamp NULL DEFAULT NULL,
  `label_url` text DEFAULT NULL,
  `metadata` mediumtext DEFAULT NULL,
  PRIMARY KEY (`id`)
) ENGINE=InnoDB DEFAULT CHARSET=utf8mb4 COLLATE=utf8mb4_unicode_ci;
/*!40101 SET character_set_client = @saved_cs_client */;

--
-- Dumping data for table `ec_shipments`
--

LOCK TABLES `ec_shipments` WRITE;
/*!40000 ALTER TABLE `ec_shipments` DISABLE KEYS */;
/*!40000 ALTER TABLE `ec_shipments` ENABLE KEYS */;
UNLOCK TABLES;

--
-- Table structure for table `ec_shipping`
--

DROP TABLE IF EXISTS `ec_shipping`;
/*!40101 SET @saved_cs_client     = @@character_set_client */;
/*!40101 SET character_set_client = utf8 */;
CREATE TABLE `ec_shipping` (
  `id` bigint(20) unsigned NOT NULL AUTO_INCREMENT,
  `title` varchar(191) DEFAULT NULL,
  `country` varchar(120) DEFAULT NULL,
  `created_at` timestamp NULL DEFAULT NULL,
  `updated_at` timestamp NULL DEFAULT NULL,
  PRIMARY KEY (`id`)
) ENGINE=InnoDB AUTO_INCREMENT=2 DEFAULT CHARSET=utf8mb4 COLLATE=utf8mb4_unicode_ci;
/*!40101 SET character_set_client = @saved_cs_client */;

--
-- Dumping data for table `ec_shipping`
--

LOCK TABLES `ec_shipping` WRITE;
/*!40000 ALTER TABLE `ec_shipping` DISABLE KEYS */;
INSERT INTO `ec_shipping` VALUES (1,'All',NULL,'2025-05-20 14:07:08','2025-05-20 14:07:08');
/*!40000 ALTER TABLE `ec_shipping` ENABLE KEYS */;
UNLOCK TABLES;

--
-- Table structure for table `ec_shipping_rule_items`
--

DROP TABLE IF EXISTS `ec_shipping_rule_items`;
/*!40101 SET @saved_cs_client     = @@character_set_client */;
/*!40101 SET character_set_client = utf8 */;
CREATE TABLE `ec_shipping_rule_items` (
  `id` bigint(20) unsigned NOT NULL AUTO_INCREMENT,
  `shipping_rule_id` bigint(20) unsigned NOT NULL,
  `country` varchar(120) DEFAULT NULL,
  `state` varchar(120) DEFAULT NULL,
  `city` varchar(120) DEFAULT NULL,
  `zip_code` varchar(20) DEFAULT NULL,
  `adjustment_price` decimal(15,2) DEFAULT 0.00,
  `is_enabled` tinyint(1) NOT NULL DEFAULT 1,
  `created_at` timestamp NULL DEFAULT NULL,
  `updated_at` timestamp NULL DEFAULT NULL,
  PRIMARY KEY (`id`)
) ENGINE=InnoDB DEFAULT CHARSET=utf8mb4 COLLATE=utf8mb4_unicode_ci;
/*!40101 SET character_set_client = @saved_cs_client */;

--
-- Dumping data for table `ec_shipping_rule_items`
--

LOCK TABLES `ec_shipping_rule_items` WRITE;
/*!40000 ALTER TABLE `ec_shipping_rule_items` DISABLE KEYS */;
/*!40000 ALTER TABLE `ec_shipping_rule_items` ENABLE KEYS */;
UNLOCK TABLES;

--
-- Table structure for table `ec_shipping_rules`
--

DROP TABLE IF EXISTS `ec_shipping_rules`;
/*!40101 SET @saved_cs_client     = @@character_set_client */;
/*!40101 SET character_set_client = utf8 */;
CREATE TABLE `ec_shipping_rules` (
  `id` bigint(20) unsigned NOT NULL AUTO_INCREMENT,
  `name` varchar(120) NOT NULL,
  `shipping_id` bigint(20) unsigned NOT NULL,
  `type` varchar(24) DEFAULT 'based_on_price',
  `from` decimal(15,2) DEFAULT 0.00,
  `to` decimal(15,2) DEFAULT 0.00,
  `price` decimal(15,2) DEFAULT 0.00,
  `created_at` timestamp NULL DEFAULT NULL,
  `updated_at` timestamp NULL DEFAULT NULL,
  PRIMARY KEY (`id`)
) ENGINE=InnoDB AUTO_INCREMENT=4 DEFAULT CHARSET=utf8mb4 COLLATE=utf8mb4_unicode_ci;
/*!40101 SET character_set_client = @saved_cs_client */;

--
-- Dumping data for table `ec_shipping_rules`
--

LOCK TABLES `ec_shipping_rules` WRITE;
/*!40000 ALTER TABLE `ec_shipping_rules` DISABLE KEYS */;
INSERT INTO `ec_shipping_rules` VALUES (1,'Free delivery',1,'based_on_price',1000.00,NULL,0.00,'2025-05-20 14:07:08','2025-05-20 14:07:08'),(2,'Flat Rate',1,'based_on_price',0.00,NULL,20.00,'2025-05-20 14:07:08','2025-05-20 14:07:08'),(3,'Local Pickup',1,'based_on_price',0.00,NULL,0.00,'2025-05-20 14:07:08','2025-05-20 14:07:08');
/*!40000 ALTER TABLE `ec_shipping_rules` ENABLE KEYS */;
UNLOCK TABLES;

--
-- Table structure for table `ec_specification_attributes`
--

DROP TABLE IF EXISTS `ec_specification_attributes`;
/*!40101 SET @saved_cs_client     = @@character_set_client */;
/*!40101 SET character_set_client = utf8 */;
CREATE TABLE `ec_specification_attributes` (
  `id` bigint(20) unsigned NOT NULL AUTO_INCREMENT,
  `group_id` bigint(20) unsigned NOT NULL,
  `name` varchar(191) NOT NULL,
  `type` varchar(20) NOT NULL,
  `options` text DEFAULT NULL,
  `default_value` varchar(191) DEFAULT NULL,
  `created_at` timestamp NULL DEFAULT NULL,
  `updated_at` timestamp NULL DEFAULT NULL,
  `author_type` varchar(191) DEFAULT NULL,
  `author_id` bigint(20) unsigned DEFAULT NULL,
  PRIMARY KEY (`id`),
  KEY `ec_specification_attributes_author_type_author_id_index` (`author_type`,`author_id`)
) ENGINE=InnoDB AUTO_INCREMENT=9 DEFAULT CHARSET=utf8mb4 COLLATE=utf8mb4_unicode_ci;
/*!40101 SET character_set_client = @saved_cs_client */;

--
-- Dumping data for table `ec_specification_attributes`
--

LOCK TABLES `ec_specification_attributes` WRITE;
/*!40000 ALTER TABLE `ec_specification_attributes` DISABLE KEYS */;
INSERT INTO `ec_specification_attributes` VALUES (1,1,'Height','text',NULL,NULL,'2025-05-20 14:07:40','2025-05-20 14:07:40',NULL,NULL),(2,1,'Width','text',NULL,NULL,'2025-05-20 14:07:40','2025-05-20 14:07:40',NULL,NULL),(3,1,'Weight','text',NULL,NULL,'2025-05-20 14:07:40','2025-05-20 14:07:40',NULL,NULL),(4,2,'Power','text',NULL,NULL,'2025-05-20 14:07:40','2025-05-20 14:07:40',NULL,NULL),(5,2,'Speed','text',NULL,NULL,'2025-05-20 14:07:40','2025-05-20 14:07:40',NULL,NULL),(6,3,'Battery Life','text',NULL,NULL,'2025-05-20 14:07:40','2025-05-20 14:07:40',NULL,NULL),(7,4,'Screen Size','text',NULL,NULL,'2025-05-20 14:07:40','2025-05-20 14:07:40',NULL,NULL),(8,4,'Resolution','select','[\"1920x1080\",\"2560x1440\",\"3840x2160\"]',NULL,'2025-05-20 14:07:40','2025-05-20 14:07:40',NULL,NULL);
/*!40000 ALTER TABLE `ec_specification_attributes` ENABLE KEYS */;
UNLOCK TABLES;

--
-- Table structure for table `ec_specification_attributes_translations`
--

DROP TABLE IF EXISTS `ec_specification_attributes_translations`;
/*!40101 SET @saved_cs_client     = @@character_set_client */;
/*!40101 SET character_set_client = utf8 */;
CREATE TABLE `ec_specification_attributes_translations` (
  `lang_code` varchar(20) NOT NULL,
  `ec_specification_attributes_id` bigint(20) unsigned NOT NULL,
  `name` varchar(191) DEFAULT NULL,
  `options` text DEFAULT NULL,
  `default_value` varchar(191) DEFAULT NULL,
  PRIMARY KEY (`lang_code`,`ec_specification_attributes_id`)
) ENGINE=InnoDB DEFAULT CHARSET=utf8mb4 COLLATE=utf8mb4_unicode_ci;
/*!40101 SET character_set_client = @saved_cs_client */;

--
-- Dumping data for table `ec_specification_attributes_translations`
--

LOCK TABLES `ec_specification_attributes_translations` WRITE;
/*!40000 ALTER TABLE `ec_specification_attributes_translations` DISABLE KEYS */;
/*!40000 ALTER TABLE `ec_specification_attributes_translations` ENABLE KEYS */;
UNLOCK TABLES;

--
-- Table structure for table `ec_specification_groups`
--

DROP TABLE IF EXISTS `ec_specification_groups`;
/*!40101 SET @saved_cs_client     = @@character_set_client */;
/*!40101 SET character_set_client = utf8 */;
CREATE TABLE `ec_specification_groups` (
  `id` bigint(20) unsigned NOT NULL AUTO_INCREMENT,
  `name` varchar(191) NOT NULL,
  `description` varchar(400) DEFAULT NULL,
  `created_at` timestamp NULL DEFAULT NULL,
  `updated_at` timestamp NULL DEFAULT NULL,
  `author_type` varchar(191) DEFAULT NULL,
  `author_id` bigint(20) unsigned DEFAULT NULL,
  PRIMARY KEY (`id`),
  KEY `ec_specification_groups_author_type_author_id_index` (`author_type`,`author_id`)
) ENGINE=InnoDB AUTO_INCREMENT=5 DEFAULT CHARSET=utf8mb4 COLLATE=utf8mb4_unicode_ci;
/*!40101 SET character_set_client = @saved_cs_client */;

--
-- Dumping data for table `ec_specification_groups`
--

LOCK TABLES `ec_specification_groups` WRITE;
/*!40000 ALTER TABLE `ec_specification_groups` DISABLE KEYS */;
INSERT INTO `ec_specification_groups` VALUES (1,'Dimensions',NULL,'2025-05-20 14:07:40','2025-05-20 14:07:40',NULL,NULL),(2,'Performance',NULL,'2025-05-20 14:07:40','2025-05-20 14:07:40',NULL,NULL),(3,'Battery',NULL,'2025-05-20 14:07:40','2025-05-20 14:07:40',NULL,NULL),(4,'Display',NULL,'2025-05-20 14:07:40','2025-05-20 14:07:40',NULL,NULL);
/*!40000 ALTER TABLE `ec_specification_groups` ENABLE KEYS */;
UNLOCK TABLES;

--
-- Table structure for table `ec_specification_table_group`
--

DROP TABLE IF EXISTS `ec_specification_table_group`;
/*!40101 SET @saved_cs_client     = @@character_set_client */;
/*!40101 SET character_set_client = utf8 */;
CREATE TABLE `ec_specification_table_group` (
  `table_id` bigint(20) unsigned NOT NULL,
  `group_id` bigint(20) unsigned NOT NULL,
  `order` tinyint(4) NOT NULL DEFAULT 0,
  PRIMARY KEY (`table_id`,`group_id`)
) ENGINE=InnoDB DEFAULT CHARSET=utf8mb4 COLLATE=utf8mb4_unicode_ci;
/*!40101 SET character_set_client = @saved_cs_client */;

--
-- Dumping data for table `ec_specification_table_group`
--

LOCK TABLES `ec_specification_table_group` WRITE;
/*!40000 ALTER TABLE `ec_specification_table_group` DISABLE KEYS */;
INSERT INTO `ec_specification_table_group` VALUES (1,1,0),(1,2,0),(2,3,0),(2,4,0);
/*!40000 ALTER TABLE `ec_specification_table_group` ENABLE KEYS */;
UNLOCK TABLES;

--
-- Table structure for table `ec_specification_tables`
--

DROP TABLE IF EXISTS `ec_specification_tables`;
/*!40101 SET @saved_cs_client     = @@character_set_client */;
/*!40101 SET character_set_client = utf8 */;
CREATE TABLE `ec_specification_tables` (
  `id` bigint(20) unsigned NOT NULL AUTO_INCREMENT,
  `name` varchar(191) NOT NULL,
  `description` varchar(400) DEFAULT NULL,
  `created_at` timestamp NULL DEFAULT NULL,
  `updated_at` timestamp NULL DEFAULT NULL,
  `author_type` varchar(191) DEFAULT NULL,
  `author_id` bigint(20) unsigned DEFAULT NULL,
  PRIMARY KEY (`id`),
  KEY `ec_specification_tables_author_type_author_id_index` (`author_type`,`author_id`)
) ENGINE=InnoDB AUTO_INCREMENT=3 DEFAULT CHARSET=utf8mb4 COLLATE=utf8mb4_unicode_ci;
/*!40101 SET character_set_client = @saved_cs_client */;

--
-- Dumping data for table `ec_specification_tables`
--

LOCK TABLES `ec_specification_tables` WRITE;
/*!40000 ALTER TABLE `ec_specification_tables` DISABLE KEYS */;
INSERT INTO `ec_specification_tables` VALUES (1,'General Specification',NULL,'2025-05-20 14:07:40','2025-05-20 14:07:40',NULL,NULL),(2,'Technical Specification',NULL,'2025-05-20 14:07:40','2025-05-20 14:07:40',NULL,NULL);
/*!40000 ALTER TABLE `ec_specification_tables` ENABLE KEYS */;
UNLOCK TABLES;

--
-- Table structure for table `ec_store_locators`
--

DROP TABLE IF EXISTS `ec_store_locators`;
/*!40101 SET @saved_cs_client     = @@character_set_client */;
/*!40101 SET character_set_client = utf8 */;
CREATE TABLE `ec_store_locators` (
  `id` bigint(20) unsigned NOT NULL AUTO_INCREMENT,
  `name` varchar(60) NOT NULL,
  `email` varchar(60) DEFAULT NULL,
  `phone` varchar(20) NOT NULL,
  `address` varchar(191) NOT NULL,
  `country` varchar(120) DEFAULT NULL,
  `state` varchar(120) DEFAULT NULL,
  `city` varchar(120) DEFAULT NULL,
  `is_primary` tinyint(1) DEFAULT 0,
  `is_shipping_location` tinyint(1) DEFAULT 1,
  `created_at` timestamp NULL DEFAULT NULL,
  `updated_at` timestamp NULL DEFAULT NULL,
  `zip_code` varchar(20) DEFAULT NULL,
  PRIMARY KEY (`id`)
) ENGINE=InnoDB DEFAULT CHARSET=utf8mb4 COLLATE=utf8mb4_unicode_ci;
/*!40101 SET character_set_client = @saved_cs_client */;

--
-- Dumping data for table `ec_store_locators`
--

LOCK TABLES `ec_store_locators` WRITE;
/*!40000 ALTER TABLE `ec_store_locators` DISABLE KEYS */;
/*!40000 ALTER TABLE `ec_store_locators` ENABLE KEYS */;
UNLOCK TABLES;

--
-- Table structure for table `ec_tax_products`
--

DROP TABLE IF EXISTS `ec_tax_products`;
/*!40101 SET @saved_cs_client     = @@character_set_client */;
/*!40101 SET character_set_client = utf8 */;
CREATE TABLE `ec_tax_products` (
  `tax_id` bigint(20) unsigned NOT NULL,
  `product_id` bigint(20) unsigned NOT NULL,
  PRIMARY KEY (`product_id`,`tax_id`),
  KEY `ec_tax_products_tax_id_index` (`tax_id`),
  KEY `ec_tax_products_product_id_index` (`product_id`)
) ENGINE=InnoDB DEFAULT CHARSET=utf8mb4 COLLATE=utf8mb4_unicode_ci;
/*!40101 SET character_set_client = @saved_cs_client */;

--
-- Dumping data for table `ec_tax_products`
--

LOCK TABLES `ec_tax_products` WRITE;
/*!40000 ALTER TABLE `ec_tax_products` DISABLE KEYS */;
INSERT INTO `ec_tax_products` VALUES (1,1),(1,2),(1,3),(1,4),(1,5),(1,6),(1,7),(1,8),(1,9),(1,10),(1,11),(1,12),(1,13),(1,14),(1,15),(1,16),(1,17),(1,18),(1,19),(1,20),(1,21),(1,22),(1,23),(1,24),(1,25),(1,26),(1,27),(1,28),(1,29),(1,30),(1,31),(1,32),(1,33),(1,34),(1,35),(1,36),(1,38),(1,39),(1,40),(1,41),(1,42),(1,43),(1,44),(1,45),(1,47),(1,49),(1,51),(1,52),(1,53),(1,54),(1,55),(1,56),(1,57),(1,58),(1,59),(1,60),(1,61),(1,62),(1,63),(1,64),(1,65),(1,66),(1,67),(1,68),(1,69),(1,70),(1,71),(1,72),(1,73),(1,74),(1,75),(1,300),(3,301),(1,305);
/*!40000 ALTER TABLE `ec_tax_products` ENABLE KEYS */;
UNLOCK TABLES;

--
-- Table structure for table `ec_tax_rules`
--

DROP TABLE IF EXISTS `ec_tax_rules`;
/*!40101 SET @saved_cs_client     = @@character_set_client */;
/*!40101 SET character_set_client = utf8 */;
CREATE TABLE `ec_tax_rules` (
  `id` bigint(20) unsigned NOT NULL AUTO_INCREMENT,
  `tax_id` bigint(20) unsigned NOT NULL,
  `country` varchar(120) DEFAULT NULL,
  `state` varchar(120) DEFAULT NULL,
  `city` varchar(120) DEFAULT NULL,
  `zip_code` varchar(20) DEFAULT NULL,
  `priority` int(11) DEFAULT NULL,
  `is_enabled` tinyint(1) NOT NULL DEFAULT 1,
  `created_at` timestamp NULL DEFAULT NULL,
  `updated_at` timestamp NULL DEFAULT NULL,
  `percentage` float DEFAULT NULL,
  PRIMARY KEY (`id`)
) ENGINE=InnoDB DEFAULT CHARSET=utf8mb4 COLLATE=utf8mb4_unicode_ci;
/*!40101 SET character_set_client = @saved_cs_client */;

--
-- Dumping data for table `ec_tax_rules`
--

LOCK TABLES `ec_tax_rules` WRITE;
/*!40000 ALTER TABLE `ec_tax_rules` DISABLE KEYS */;
/*!40000 ALTER TABLE `ec_tax_rules` ENABLE KEYS */;
UNLOCK TABLES;

--
-- Table structure for table `ec_taxes`
--

DROP TABLE IF EXISTS `ec_taxes`;
/*!40101 SET @saved_cs_client     = @@character_set_client */;
/*!40101 SET character_set_client = utf8 */;
CREATE TABLE `ec_taxes` (
  `id` bigint(20) unsigned NOT NULL AUTO_INCREMENT,
  `title` varchar(191) DEFAULT NULL,
  `percentage` float DEFAULT NULL,
  `priority` int(11) DEFAULT NULL,
  `status` varchar(60) NOT NULL DEFAULT 'published',
  `created_at` timestamp NULL DEFAULT NULL,
  `updated_at` timestamp NULL DEFAULT NULL,
  PRIMARY KEY (`id`)
) ENGINE=InnoDB AUTO_INCREMENT=4 DEFAULT CHARSET=utf8mb4 COLLATE=utf8mb4_unicode_ci;
/*!40101 SET character_set_client = @saved_cs_client */;

--
-- Dumping data for table `ec_taxes`
--

LOCK TABLES `ec_taxes` WRITE;
/*!40000 ALTER TABLE `ec_taxes` DISABLE KEYS */;
INSERT INTO `ec_taxes` VALUES (1,'VAT',10,1,'published','2025-05-20 14:07:12','2025-05-20 14:07:12'),(2,'None',0,2,'published','2025-05-20 14:07:12','2025-05-20 14:07:12'),(3,'Import Tax',15,3,'published','2025-05-20 14:07:12','2025-05-20 14:07:12');
/*!40000 ALTER TABLE `ec_taxes` ENABLE KEYS */;
UNLOCK TABLES;

--
-- Table structure for table `ec_wish_lists`
--

DROP TABLE IF EXISTS `ec_wish_lists`;
/*!40101 SET @saved_cs_client     = @@character_set_client */;
/*!40101 SET character_set_client = utf8 */;
CREATE TABLE `ec_wish_lists` (
  `customer_id` bigint(20) unsigned NOT NULL,
  `product_id` bigint(20) unsigned NOT NULL,
  `created_at` timestamp NULL DEFAULT NULL,
  `updated_at` timestamp NULL DEFAULT NULL,
  PRIMARY KEY (`customer_id`,`product_id`),
  KEY `wishlist_relation_index` (`product_id`,`customer_id`)
) ENGINE=InnoDB DEFAULT CHARSET=utf8mb4 COLLATE=utf8mb4_unicode_ci;
/*!40101 SET character_set_client = @saved_cs_client */;

--
-- Dumping data for table `ec_wish_lists`
--

LOCK TABLES `ec_wish_lists` WRITE;
/*!40000 ALTER TABLE `ec_wish_lists` DISABLE KEYS */;
/*!40000 ALTER TABLE `ec_wish_lists` ENABLE KEYS */;
UNLOCK TABLES;

--
-- Table structure for table `failed_jobs`
--

DROP TABLE IF EXISTS `failed_jobs`;
/*!40101 SET @saved_cs_client     = @@character_set_client */;
/*!40101 SET character_set_client = utf8 */;
CREATE TABLE `failed_jobs` (
  `id` bigint(20) unsigned NOT NULL AUTO_INCREMENT,
  `uuid` varchar(191) NOT NULL,
  `connection` text NOT NULL,
  `queue` text NOT NULL,
  `payload` longtext NOT NULL,
  `exception` longtext NOT NULL,
  `failed_at` timestamp NOT NULL DEFAULT current_timestamp(),
  PRIMARY KEY (`id`),
  UNIQUE KEY `failed_jobs_uuid_unique` (`uuid`)
) ENGINE=InnoDB DEFAULT CHARSET=utf8mb4 COLLATE=utf8mb4_unicode_ci;
/*!40101 SET character_set_client = @saved_cs_client */;

--
-- Dumping data for table `failed_jobs`
--

LOCK TABLES `failed_jobs` WRITE;
/*!40000 ALTER TABLE `failed_jobs` DISABLE KEYS */;
/*!40000 ALTER TABLE `failed_jobs` ENABLE KEYS */;
UNLOCK TABLES;

--
-- Table structure for table `faq_categories`
--

DROP TABLE IF EXISTS `faq_categories`;
/*!40101 SET @saved_cs_client     = @@character_set_client */;
/*!40101 SET character_set_client = utf8 */;
CREATE TABLE `faq_categories` (
  `id` bigint(20) unsigned NOT NULL AUTO_INCREMENT,
  `name` varchar(120) NOT NULL,
  `order` tinyint(4) NOT NULL DEFAULT 0,
  `status` varchar(60) NOT NULL DEFAULT 'published',
  `created_at` timestamp NULL DEFAULT NULL,
  `updated_at` timestamp NULL DEFAULT NULL,
  `description` varchar(400) DEFAULT NULL,
  PRIMARY KEY (`id`)
) ENGINE=InnoDB AUTO_INCREMENT=4 DEFAULT CHARSET=utf8mb4 COLLATE=utf8mb4_unicode_ci;
/*!40101 SET character_set_client = @saved_cs_client */;

--
-- Dumping data for table `faq_categories`
--

LOCK TABLES `faq_categories` WRITE;
/*!40000 ALTER TABLE `faq_categories` DISABLE KEYS */;
INSERT INTO `faq_categories` VALUES (1,'Ordering Process',0,'published','2025-05-20 14:07:12','2025-05-20 14:07:12',NULL),(2,'Product Returns',1,'published','2025-05-20 14:07:12','2025-05-20 14:07:12',NULL),(3,'Product Availability',2,'published','2025-05-20 14:07:12','2025-05-20 14:07:12',NULL);
/*!40000 ALTER TABLE `faq_categories` ENABLE KEYS */;
UNLOCK TABLES;

--
-- Table structure for table `faq_categories_translations`
--

DROP TABLE IF EXISTS `faq_categories_translations`;
/*!40101 SET @saved_cs_client     = @@character_set_client */;
/*!40101 SET character_set_client = utf8 */;
CREATE TABLE `faq_categories_translations` (
  `lang_code` varchar(20) NOT NULL,
  `faq_categories_id` bigint(20) unsigned NOT NULL,
  `name` varchar(120) DEFAULT NULL,
  PRIMARY KEY (`lang_code`,`faq_categories_id`)
) ENGINE=InnoDB DEFAULT CHARSET=utf8mb4 COLLATE=utf8mb4_unicode_ci;
/*!40101 SET character_set_client = @saved_cs_client */;

--
-- Dumping data for table `faq_categories_translations`
--

LOCK TABLES `faq_categories_translations` WRITE;
/*!40000 ALTER TABLE `faq_categories_translations` DISABLE KEYS */;
/*!40000 ALTER TABLE `faq_categories_translations` ENABLE KEYS */;
UNLOCK TABLES;

--
-- Table structure for table `faqs`
--

DROP TABLE IF EXISTS `faqs`;
/*!40101 SET @saved_cs_client     = @@character_set_client */;
/*!40101 SET character_set_client = utf8 */;
CREATE TABLE `faqs` (
  `id` bigint(20) unsigned NOT NULL AUTO_INCREMENT,
  `question` text NOT NULL,
  `answer` text NOT NULL,
  `category_id` bigint(20) unsigned NOT NULL,
  `status` varchar(60) NOT NULL DEFAULT 'published',
  `created_at` timestamp NULL DEFAULT NULL,
  `updated_at` timestamp NULL DEFAULT NULL,
  PRIMARY KEY (`id`)
) ENGINE=InnoDB AUTO_INCREMENT=13 DEFAULT CHARSET=utf8mb4 COLLATE=utf8mb4_unicode_ci;
/*!40101 SET character_set_client = @saved_cs_client */;

--
-- Dumping data for table `faqs`
--

LOCK TABLES `faqs` WRITE;
/*!40000 ALTER TABLE `faqs` DISABLE KEYS */;
INSERT INTO `faqs` VALUES (1,'How do I place an order?','To place an order, navigate to the product page, select the desired options, and click the \"Add to Cart\" button.',2,'published','2025-05-20 14:07:12','2025-05-20 14:07:12'),(2,'What are the shipping options?','We offer standard and expedited shipping options. Shipping costs and delivery times vary based on your location and chosen shipping method.',1,'published','2025-05-20 14:07:12','2025-05-20 14:07:12'),(3,'How can I return a product?','If you are not satisfied with your purchase, you can initiate a return within 30 days of receiving the product. Contact our customer service for further instructions.',2,'published','2025-05-20 14:07:12','2025-05-20 14:07:12'),(4,'What payment methods do you accept?','We accept major credit cards, PayPal, and other secure payment methods.',2,'published','2025-05-20 14:07:12','2025-05-20 14:07:12'),(5,'How can I update my account information?','Log in to your account and go to the \"Account Settings\" page to update your information, including your password and shipping address.',2,'published','2025-05-20 14:07:12','2025-05-20 14:07:12'),(6,'Are there any ongoing promotions or discounts?','Check our \"Promotions\" page for information on current discounts, special offers, and ongoing promotions.',2,'published','2025-05-20 14:07:12','2025-05-20 14:07:12'),(7,'Is the product in stock?','Product availability is indicated on each product page. If a product is out of stock, you may choose to be notified when it becomes available.',2,'published','2025-05-20 14:07:12','2025-05-20 14:07:12'),(8,'How is my personal information secured?','We take the security and privacy of your information seriously. Our website uses encryption technology to protect your personal data.',1,'published','2025-05-20 14:07:12','2025-05-20 14:07:12'),(9,'How do I get technical support?','For technical issues or assistance, contact our customer support team through the \"Contact Us\" page, and we will help you resolve any problems.',3,'published','2025-05-20 14:07:12','2025-05-20 14:07:12'),(10,'Do you offer international shipping?','Yes, we offer international shipping to many countries. Shipping costs and delivery times vary based on the destination.',3,'published','2025-05-20 14:07:12','2025-05-20 14:07:12'),(11,'Can I purchase a gift card?','Yes, we offer gift cards of varying denominations. Gift cards can be purchased on our website and make for a great gift for friends and family.',3,'published','2025-05-20 14:07:12','2025-05-20 14:07:12'),(12,'What is the warranty on your products?','Our products come with a standard warranty. Check the product documentation or contact our customer service for details on specific product warranties.',2,'published','2025-05-20 14:07:12','2025-05-20 14:07:12');
/*!40000 ALTER TABLE `faqs` ENABLE KEYS */;
UNLOCK TABLES;

--
-- Table structure for table `faqs_translations`
--

DROP TABLE IF EXISTS `faqs_translations`;
/*!40101 SET @saved_cs_client     = @@character_set_client */;
/*!40101 SET character_set_client = utf8 */;
CREATE TABLE `faqs_translations` (
  `lang_code` varchar(20) NOT NULL,
  `faqs_id` bigint(20) unsigned NOT NULL,
  `question` text DEFAULT NULL,
  `answer` text DEFAULT NULL,
  PRIMARY KEY (`lang_code`,`faqs_id`)
) ENGINE=InnoDB DEFAULT CHARSET=utf8mb4 COLLATE=utf8mb4_unicode_ci;
/*!40101 SET character_set_client = @saved_cs_client */;

--
-- Dumping data for table `faqs_translations`
--

LOCK TABLES `faqs_translations` WRITE;
/*!40000 ALTER TABLE `faqs_translations` DISABLE KEYS */;
/*!40000 ALTER TABLE `faqs_translations` ENABLE KEYS */;
UNLOCK TABLES;

--
-- Table structure for table `galleries`
--

DROP TABLE IF EXISTS `galleries`;
/*!40101 SET @saved_cs_client     = @@character_set_client */;
/*!40101 SET character_set_client = utf8 */;
CREATE TABLE `galleries` (
  `id` bigint(20) unsigned NOT NULL AUTO_INCREMENT,
  `name` varchar(120) NOT NULL,
  `description` longtext NOT NULL,
  `is_featured` tinyint(3) unsigned NOT NULL DEFAULT 0,
  `order` tinyint(3) unsigned NOT NULL DEFAULT 0,
  `image` varchar(191) DEFAULT NULL,
  `user_id` bigint(20) unsigned DEFAULT NULL,
  `status` varchar(60) NOT NULL DEFAULT 'published',
  `created_at` timestamp NULL DEFAULT NULL,
  `updated_at` timestamp NULL DEFAULT NULL,
  PRIMARY KEY (`id`),
  KEY `galleries_user_id_index` (`user_id`)
) ENGINE=InnoDB AUTO_INCREMENT=7 DEFAULT CHARSET=utf8mb4 COLLATE=utf8mb4_unicode_ci;
/*!40101 SET character_set_client = @saved_cs_client */;

--
-- Dumping data for table `galleries`
--

LOCK TABLES `galleries` WRITE;
/*!40000 ALTER TABLE `galleries` DISABLE KEYS */;
INSERT INTO `galleries` VALUES (1,'Perfect','Explicabo et voluptatem a et libero magni ut. Est quia sit harum ducimus. Sit facilis modi nesciunt adipisci nihil nostrum.',1,0,'galleries/1.jpg',1,'published','2025-05-20 14:07:50','2025-05-20 14:07:50'),(2,'New Day','Aliquid ratione eos vel ratione quia. At et ipsum aut velit consequatur eum nemo. Ab et dignissimos quia debitis.',1,0,'galleries/2.jpg',1,'published','2025-05-20 14:07:50','2025-05-20 14:07:50'),(3,'Happy Day','Sit corporis consequatur corrupti officiis consectetur ab. Et sed et distinctio ratione porro. Labore itaque in sint iste.',1,0,'galleries/3.jpg',1,'published','2025-05-20 14:07:50','2025-05-20 14:07:50'),(4,'Nature','In sed delectus vel nihil aliquid. Possimus facilis ea praesentium repellendus qui corporis ea. Excepturi dicta nemo et quae.',1,0,'galleries/4.jpg',1,'published','2025-05-20 14:07:50','2025-05-20 14:07:50'),(5,'Morning','Provident sed consequuntur impedit. Et consectetur labore voluptate. Fuga illum maiores iure occaecati accusantium reiciendis.',1,0,'galleries/5.jpg',1,'published','2025-05-20 14:07:50','2025-05-20 14:07:50'),(6,'Photography','Fuga minus rem eaque ullam ut. Ullam et fugit sit dolorem labore maiores. Natus dolorem reprehenderit quam et.',1,0,'galleries/6.jpg',1,'published','2025-05-20 14:07:50','2025-05-20 14:07:50');
/*!40000 ALTER TABLE `galleries` ENABLE KEYS */;
UNLOCK TABLES;

--
-- Table structure for table `galleries_translations`
--

DROP TABLE IF EXISTS `galleries_translations`;
/*!40101 SET @saved_cs_client     = @@character_set_client */;
/*!40101 SET character_set_client = utf8 */;
CREATE TABLE `galleries_translations` (
  `lang_code` varchar(20) NOT NULL,
  `galleries_id` bigint(20) unsigned NOT NULL,
  `name` varchar(191) DEFAULT NULL,
  `description` longtext DEFAULT NULL,
  PRIMARY KEY (`lang_code`,`galleries_id`)
) ENGINE=InnoDB DEFAULT CHARSET=utf8mb4 COLLATE=utf8mb4_unicode_ci;
/*!40101 SET character_set_client = @saved_cs_client */;

--
-- Dumping data for table `galleries_translations`
--

LOCK TABLES `galleries_translations` WRITE;
/*!40000 ALTER TABLE `galleries_translations` DISABLE KEYS */;
/*!40000 ALTER TABLE `galleries_translations` ENABLE KEYS */;
UNLOCK TABLES;

--
-- Table structure for table `gallery_meta`
--

DROP TABLE IF EXISTS `gallery_meta`;
/*!40101 SET @saved_cs_client     = @@character_set_client */;
/*!40101 SET character_set_client = utf8 */;
CREATE TABLE `gallery_meta` (
  `id` bigint(20) unsigned NOT NULL AUTO_INCREMENT,
  `images` text DEFAULT NULL,
  `reference_id` bigint(20) unsigned NOT NULL,
  `reference_type` varchar(120) NOT NULL,
  `created_at` timestamp NULL DEFAULT NULL,
  `updated_at` timestamp NULL DEFAULT NULL,
  PRIMARY KEY (`id`),
  KEY `gallery_meta_reference_id_index` (`reference_id`)
) ENGINE=InnoDB AUTO_INCREMENT=9 DEFAULT CHARSET=utf8mb4 COLLATE=utf8mb4_unicode_ci;
/*!40101 SET character_set_client = @saved_cs_client */;

--
-- Dumping data for table `gallery_meta`
--

LOCK TABLES `gallery_meta` WRITE;
/*!40000 ALTER TABLE `gallery_meta` DISABLE KEYS */;
INSERT INTO `gallery_meta` VALUES (1,'[{\"img\":\"galleries\\/1.jpg\",\"description\":\"Qui et nobis aperiam officia. Ea temporibus consequuntur ab eos incidunt aperiam ipsam ducimus.\"},{\"img\":\"galleries\\/2.jpg\",\"description\":\"Quis rerum eius molestiae et quia. Animi distinctio quis vitae ipsam. Rem totam cumque qui qui ut et. Blanditiis voluptas omnis facilis.\"},{\"img\":\"galleries\\/3.jpg\",\"description\":\"At dolorum dignissimos velit voluptatem. Similique delectus voluptatem officiis natus voluptatem.\"},{\"img\":\"galleries\\/4.jpg\",\"description\":\"Quia aut labore iste placeat adipisci. Doloribus ex consequatur consectetur nemo. Earum est a vero quo. Sit architecto recusandae et laborum minima.\"},{\"img\":\"galleries\\/5.jpg\",\"description\":\"Voluptatem omnis voluptatum earum ullam cum. Rerum placeat id qui debitis veritatis. Tenetur excepturi corrupti suscipit reprehenderit sed.\"},{\"img\":\"galleries\\/6.jpg\",\"description\":\"Velit esse quia praesentium sed id. Non iusto libero qui molestiae.\"}]',1,'Botble\\Gallery\\Models\\Gallery','2025-05-20 14:07:50','2025-05-20 14:07:50'),(2,'[{\"img\":\"galleries\\/1.jpg\",\"description\":\"Qui et nobis aperiam officia. Ea temporibus consequuntur ab eos incidunt aperiam ipsam ducimus.\"},{\"img\":\"galleries\\/2.jpg\",\"description\":\"Quis rerum eius molestiae et quia. Animi distinctio quis vitae ipsam. Rem totam cumque qui qui ut et. Blanditiis voluptas omnis facilis.\"},{\"img\":\"galleries\\/3.jpg\",\"description\":\"At dolorum dignissimos velit voluptatem. Similique delectus voluptatem officiis natus voluptatem.\"},{\"img\":\"galleries\\/4.jpg\",\"description\":\"Quia aut labore iste placeat adipisci. Doloribus ex consequatur consectetur nemo. Earum est a vero quo. Sit architecto recusandae et laborum minima.\"},{\"img\":\"galleries\\/5.jpg\",\"description\":\"Voluptatem omnis voluptatum earum ullam cum. Rerum placeat id qui debitis veritatis. Tenetur excepturi corrupti suscipit reprehenderit sed.\"},{\"img\":\"galleries\\/6.jpg\",\"description\":\"Velit esse quia praesentium sed id. Non iusto libero qui molestiae.\"}]',2,'Botble\\Gallery\\Models\\Gallery','2025-05-20 14:07:50','2025-05-20 14:07:50'),(3,'[{\"img\":\"galleries\\/1.jpg\",\"description\":\"Qui et nobis aperiam officia. Ea temporibus consequuntur ab eos incidunt aperiam ipsam ducimus.\"},{\"img\":\"galleries\\/2.jpg\",\"description\":\"Quis rerum eius molestiae et quia. Animi distinctio quis vitae ipsam. Rem totam cumque qui qui ut et. Blanditiis voluptas omnis facilis.\"},{\"img\":\"galleries\\/3.jpg\",\"description\":\"At dolorum dignissimos velit voluptatem. Similique delectus voluptatem officiis natus voluptatem.\"},{\"img\":\"galleries\\/4.jpg\",\"description\":\"Quia aut labore iste placeat adipisci. Doloribus ex consequatur consectetur nemo. Earum est a vero quo. Sit architecto recusandae et laborum minima.\"},{\"img\":\"galleries\\/5.jpg\",\"description\":\"Voluptatem omnis voluptatum earum ullam cum. Rerum placeat id qui debitis veritatis. Tenetur excepturi corrupti suscipit reprehenderit sed.\"},{\"img\":\"galleries\\/6.jpg\",\"description\":\"Velit esse quia praesentium sed id. Non iusto libero qui molestiae.\"}]',3,'Botble\\Gallery\\Models\\Gallery','2025-05-20 14:07:50','2025-05-20 14:07:50'),(4,'[{\"img\":\"galleries\\/1.jpg\",\"description\":\"Qui et nobis aperiam officia. Ea temporibus consequuntur ab eos incidunt aperiam ipsam ducimus.\"},{\"img\":\"galleries\\/2.jpg\",\"description\":\"Quis rerum eius molestiae et quia. Animi distinctio quis vitae ipsam. Rem totam cumque qui qui ut et. Blanditiis voluptas omnis facilis.\"},{\"img\":\"galleries\\/3.jpg\",\"description\":\"At dolorum dignissimos velit voluptatem. Similique delectus voluptatem officiis natus voluptatem.\"},{\"img\":\"galleries\\/4.jpg\",\"description\":\"Quia aut labore iste placeat adipisci. Doloribus ex consequatur consectetur nemo. Earum est a vero quo. Sit architecto recusandae et laborum minima.\"},{\"img\":\"galleries\\/5.jpg\",\"description\":\"Voluptatem omnis voluptatum earum ullam cum. Rerum placeat id qui debitis veritatis. Tenetur excepturi corrupti suscipit reprehenderit sed.\"},{\"img\":\"galleries\\/6.jpg\",\"description\":\"Velit esse quia praesentium sed id. Non iusto libero qui molestiae.\"}]',4,'Botble\\Gallery\\Models\\Gallery','2025-05-20 14:07:50','2025-05-20 14:07:50'),(5,'[{\"img\":\"galleries\\/1.jpg\",\"description\":\"Qui et nobis aperiam officia. Ea temporibus consequuntur ab eos incidunt aperiam ipsam ducimus.\"},{\"img\":\"galleries\\/2.jpg\",\"description\":\"Quis rerum eius molestiae et quia. Animi distinctio quis vitae ipsam. Rem totam cumque qui qui ut et. Blanditiis voluptas omnis facilis.\"},{\"img\":\"galleries\\/3.jpg\",\"description\":\"At dolorum dignissimos velit voluptatem. Similique delectus voluptatem officiis natus voluptatem.\"},{\"img\":\"galleries\\/4.jpg\",\"description\":\"Quia aut labore iste placeat adipisci. Doloribus ex consequatur consectetur nemo. Earum est a vero quo. Sit architecto recusandae et laborum minima.\"},{\"img\":\"galleries\\/5.jpg\",\"description\":\"Voluptatem omnis voluptatum earum ullam cum. Rerum placeat id qui debitis veritatis. Tenetur excepturi corrupti suscipit reprehenderit sed.\"},{\"img\":\"galleries\\/6.jpg\",\"description\":\"Velit esse quia praesentium sed id. Non iusto libero qui molestiae.\"}]',5,'Botble\\Gallery\\Models\\Gallery','2025-05-20 14:07:50','2025-05-20 14:07:50'),(6,'[{\"img\":\"galleries\\/1.jpg\",\"description\":\"Qui et nobis aperiam officia. Ea temporibus consequuntur ab eos incidunt aperiam ipsam ducimus.\"},{\"img\":\"galleries\\/2.jpg\",\"description\":\"Quis rerum eius molestiae et quia. Animi distinctio quis vitae ipsam. Rem totam cumque qui qui ut et. Blanditiis voluptas omnis facilis.\"},{\"img\":\"galleries\\/3.jpg\",\"description\":\"At dolorum dignissimos velit voluptatem. Similique delectus voluptatem officiis natus voluptatem.\"},{\"img\":\"galleries\\/4.jpg\",\"description\":\"Quia aut labore iste placeat adipisci. Doloribus ex consequatur consectetur nemo. Earum est a vero quo. Sit architecto recusandae et laborum minima.\"},{\"img\":\"galleries\\/5.jpg\",\"description\":\"Voluptatem omnis voluptatum earum ullam cum. Rerum placeat id qui debitis veritatis. Tenetur excepturi corrupti suscipit reprehenderit sed.\"},{\"img\":\"galleries\\/6.jpg\",\"description\":\"Velit esse quia praesentium sed id. Non iusto libero qui molestiae.\"}]',6,'Botble\\Gallery\\Models\\Gallery','2025-05-20 14:07:50','2025-05-20 14:07:50'),(8,NULL,1,'Botble\\Page\\Models\\Page','2025-05-21 13:03:21','2025-05-21 13:03:21');
/*!40000 ALTER TABLE `gallery_meta` ENABLE KEYS */;
UNLOCK TABLES;

--
-- Table structure for table `gallery_meta_translations`
--

DROP TABLE IF EXISTS `gallery_meta_translations`;
/*!40101 SET @saved_cs_client     = @@character_set_client */;
/*!40101 SET character_set_client = utf8 */;
CREATE TABLE `gallery_meta_translations` (
  `lang_code` varchar(20) NOT NULL,
  `gallery_meta_id` bigint(20) unsigned NOT NULL,
  `images` text DEFAULT NULL,
  PRIMARY KEY (`lang_code`,`gallery_meta_id`)
) ENGINE=InnoDB DEFAULT CHARSET=utf8mb4 COLLATE=utf8mb4_unicode_ci;
/*!40101 SET character_set_client = @saved_cs_client */;

--
-- Dumping data for table `gallery_meta_translations`
--

LOCK TABLES `gallery_meta_translations` WRITE;
/*!40000 ALTER TABLE `gallery_meta_translations` DISABLE KEYS */;
/*!40000 ALTER TABLE `gallery_meta_translations` ENABLE KEYS */;
UNLOCK TABLES;

--
-- Table structure for table `jobs`
--

DROP TABLE IF EXISTS `jobs`;
/*!40101 SET @saved_cs_client     = @@character_set_client */;
/*!40101 SET character_set_client = utf8 */;
CREATE TABLE `jobs` (
  `id` bigint(20) unsigned NOT NULL AUTO_INCREMENT,
  `queue` varchar(191) NOT NULL,
  `payload` longtext NOT NULL,
  `attempts` tinyint(3) unsigned NOT NULL,
  `reserved_at` int(10) unsigned DEFAULT NULL,
  `available_at` int(10) unsigned NOT NULL,
  `created_at` int(10) unsigned NOT NULL,
  PRIMARY KEY (`id`),
  KEY `jobs_queue_index` (`queue`)
) ENGINE=InnoDB DEFAULT CHARSET=utf8mb4 COLLATE=utf8mb4_unicode_ci;
/*!40101 SET character_set_client = @saved_cs_client */;

--
-- Dumping data for table `jobs`
--

LOCK TABLES `jobs` WRITE;
/*!40000 ALTER TABLE `jobs` DISABLE KEYS */;
/*!40000 ALTER TABLE `jobs` ENABLE KEYS */;
UNLOCK TABLES;

--
-- Table structure for table `language_meta`
--

DROP TABLE IF EXISTS `language_meta`;
/*!40101 SET @saved_cs_client     = @@character_set_client */;
/*!40101 SET character_set_client = utf8 */;
CREATE TABLE `language_meta` (
  `lang_meta_id` bigint(20) unsigned NOT NULL AUTO_INCREMENT,
  `lang_meta_code` varchar(20) DEFAULT NULL,
  `lang_meta_origin` varchar(32) NOT NULL,
  `reference_id` bigint(20) unsigned NOT NULL,
  `reference_type` varchar(120) NOT NULL,
  PRIMARY KEY (`lang_meta_id`),
  KEY `language_meta_reference_id_index` (`reference_id`),
  KEY `meta_code_index` (`lang_meta_code`),
  KEY `meta_origin_index` (`lang_meta_origin`),
  KEY `meta_reference_type_index` (`reference_type`)
) ENGINE=InnoDB AUTO_INCREMENT=14 DEFAULT CHARSET=utf8mb4 COLLATE=utf8mb4_unicode_ci;
/*!40101 SET character_set_client = @saved_cs_client */;

--
-- Dumping data for table `language_meta`
--

LOCK TABLES `language_meta` WRITE;
/*!40000 ALTER TABLE `language_meta` DISABLE KEYS */;
INSERT INTO `language_meta` VALUES (1,'en_US','db26ec00c7d1e8f65c55eba615da869b',1,'Botble\\SimpleSlider\\Models\\SimpleSlider'),(2,'en_US','4b979b9e50b76279b2dc2bdc6179da11',2,'Botble\\SimpleSlider\\Models\\SimpleSlider'),(3,'en_US','b6210390218471b4eed0e35521e9d6ec',3,'Botble\\SimpleSlider\\Models\\SimpleSlider'),(4,'en_US','6b804c2317082856e4d79833069ceb70',4,'Botble\\SimpleSlider\\Models\\SimpleSlider'),(5,'en_US','a7b500a49135eff20c55dcb4f53e661a',5,'Botble\\SimpleSlider\\Models\\SimpleSlider'),(6,'en_US','ed3f3e46c3aa5aec436639adec355b9b',1,'Botble\\Menu\\Models\\MenuLocation'),(7,'en_US','60e89ec447577e6f89eb71835ae5fb18',1,'Botble\\Menu\\Models\\Menu'),(8,'en_US','79976e75c81b04338c182d9e8cec1a5c',2,'Botble\\Menu\\Models\\MenuLocation'),(9,'en_US','2c6180b96804ecabcd9dc6c5817c6a23',2,'Botble\\Menu\\Models\\Menu'),(10,'en_US','16d0bec8b6d0624cbaf97de773511f47',3,'Botble\\Menu\\Models\\MenuLocation'),(11,'en_US','9ae99813cefdc3f40209634089fc9777',3,'Botble\\Menu\\Models\\Menu'),(12,'en_US','e3920a783c76b9ef030145bf01c9f0b9',4,'Botble\\Menu\\Models\\MenuLocation'),(13,'en_US','87a81c8bd1284468f90a9befd1240859',4,'Botble\\Menu\\Models\\Menu');
/*!40000 ALTER TABLE `language_meta` ENABLE KEYS */;
UNLOCK TABLES;

--
-- Table structure for table `languages`
--

DROP TABLE IF EXISTS `languages`;
/*!40101 SET @saved_cs_client     = @@character_set_client */;
/*!40101 SET character_set_client = utf8 */;
CREATE TABLE `languages` (
  `lang_id` bigint(20) unsigned NOT NULL AUTO_INCREMENT,
  `lang_name` varchar(120) NOT NULL,
  `lang_locale` varchar(20) NOT NULL,
  `lang_code` varchar(20) NOT NULL,
  `lang_flag` varchar(20) DEFAULT NULL,
  `lang_is_default` tinyint(3) unsigned NOT NULL DEFAULT 0,
  `lang_order` int(11) NOT NULL DEFAULT 0,
  `lang_is_rtl` tinyint(3) unsigned NOT NULL DEFAULT 0,
  PRIMARY KEY (`lang_id`),
  KEY `lang_locale_index` (`lang_locale`),
  KEY `lang_code_index` (`lang_code`),
  KEY `lang_is_default_index` (`lang_is_default`)
) ENGINE=InnoDB AUTO_INCREMENT=2 DEFAULT CHARSET=utf8mb4 COLLATE=utf8mb4_unicode_ci;
/*!40101 SET character_set_client = @saved_cs_client */;

--
-- Dumping data for table `languages`
--

LOCK TABLES `languages` WRITE;
/*!40000 ALTER TABLE `languages` DISABLE KEYS */;
INSERT INTO `languages` VALUES (1,'English','en','en_US','us',1,0,0);
/*!40000 ALTER TABLE `languages` ENABLE KEYS */;
UNLOCK TABLES;

--
-- Table structure for table `media_files`
--

DROP TABLE IF EXISTS `media_files`;
/*!40101 SET @saved_cs_client     = @@character_set_client */;
/*!40101 SET character_set_client = utf8 */;
CREATE TABLE `media_files` (
  `id` bigint(20) unsigned NOT NULL AUTO_INCREMENT,
  `user_id` bigint(20) unsigned NOT NULL,
  `name` varchar(191) NOT NULL,
  `alt` varchar(191) DEFAULT NULL,
  `folder_id` bigint(20) unsigned NOT NULL DEFAULT 0,
  `mime_type` varchar(120) NOT NULL,
  `size` int(11) NOT NULL,
  `url` varchar(191) NOT NULL,
  `options` text DEFAULT NULL,
  `created_at` timestamp NULL DEFAULT NULL,
  `updated_at` timestamp NULL DEFAULT NULL,
  `deleted_at` timestamp NULL DEFAULT NULL,
  `visibility` varchar(191) NOT NULL DEFAULT 'public',
  PRIMARY KEY (`id`),
  KEY `media_files_user_id_index` (`user_id`),
  KEY `media_files_index` (`folder_id`,`user_id`,`created_at`)
) ENGINE=InnoDB AUTO_INCREMENT=311 DEFAULT CHARSET=utf8mb4 COLLATE=utf8mb4_unicode_ci;
/*!40101 SET character_set_client = @saved_cs_client */;

--
-- Dumping data for table `media_files`
--

LOCK TABLES `media_files` WRITE;
/*!40000 ALTER TABLE `media_files` DISABLE KEYS */;
INSERT INTO `media_files` VALUES (1,0,'f-app','f-app',1,'image/jpeg',617,'general/f-app.jpg','[]','2025-05-20 14:06:46','2025-05-20 14:06:46',NULL,'public'),(2,0,'f-brand-icon-01','f-brand-icon-01',1,'image/png',448,'general/f-brand-icon-01.png','[]','2025-05-20 14:06:46','2025-05-20 14:06:46',NULL,'public'),(3,0,'f-google','f-google',1,'image/jpeg',617,'general/f-google.jpg','[]','2025-05-20 14:06:46','2025-05-20 14:06:46',NULL,'public'),(4,0,'favicon','favicon',1,'image/png',15233,'general/favicon.png','[]','2025-05-20 14:06:46','2025-05-20 14:06:46',NULL,'public'),(5,0,'logo-white','logo-white',1,'image/png',860,'general/logo-white.png','[]','2025-05-20 14:06:47','2025-05-20 14:06:47',NULL,'public'),(6,0,'logo','logo',1,'image/png',934,'general/logo.png','[]','2025-05-20 14:06:47','2025-05-20 14:06:47',NULL,'public'),(7,0,'newsletter-popup','newsletter-popup',1,'image/png',28834,'general/newsletter-popup.png','[]','2025-05-20 14:06:47','2025-05-20 14:06:47',NULL,'public'),(8,0,'1','1',2,'image/jpeg',3319,'blog/1.jpg','[]','2025-05-20 14:06:47','2025-05-20 14:06:47',NULL,'public'),(9,0,'10','10',2,'image/jpeg',3319,'blog/10.jpg','[]','2025-05-20 14:06:48','2025-05-20 14:06:48',NULL,'public'),(10,0,'11','11',2,'image/jpeg',3319,'blog/11.jpg','[]','2025-05-20 14:06:48','2025-05-20 14:06:48',NULL,'public'),(11,0,'2','2',2,'image/jpeg',3319,'blog/2.jpg','[]','2025-05-20 14:06:48','2025-05-20 14:06:48',NULL,'public'),(12,0,'3','3',2,'image/jpeg',3319,'blog/3.jpg','[]','2025-05-20 14:06:48','2025-05-20 14:06:48',NULL,'public'),(13,0,'4','4',2,'image/jpeg',3319,'blog/4.jpg','[]','2025-05-20 14:06:48','2025-05-20 14:06:48',NULL,'public'),(14,0,'5','5',2,'image/jpeg',3319,'blog/5.jpg','[]','2025-05-20 14:06:48','2025-05-20 14:06:48',NULL,'public'),(15,0,'6','6',2,'image/jpeg',3319,'blog/6.jpg','[]','2025-05-20 14:06:48','2025-05-20 14:06:48',NULL,'public'),(16,0,'7','7',2,'image/jpeg',3319,'blog/7.jpg','[]','2025-05-20 14:06:48','2025-05-20 14:06:48',NULL,'public'),(17,0,'8','8',2,'image/jpeg',3319,'blog/8.jpg','[]','2025-05-20 14:06:49','2025-05-20 14:06:49',NULL,'public'),(18,0,'9','9',2,'image/jpeg',3319,'blog/9.jpg','[]','2025-05-20 14:06:49','2025-05-20 14:06:49',NULL,'public'),(19,0,'blog-in-01','blog-in-01',2,'image/jpeg',9623,'blog/blog-in-01.jpg','[]','2025-05-20 14:06:49','2025-05-20 14:06:49',NULL,'public'),(20,0,'blog-in-02','blog-in-02',2,'image/jpeg',9623,'blog/blog-in-02.jpg','[]','2025-05-20 14:06:49','2025-05-20 14:06:49',NULL,'public'),(21,0,'blog-in-03','blog-in-03',2,'image/jpeg',9623,'blog/blog-in-03.jpg','[]','2025-05-20 14:06:49','2025-05-20 14:06:49',NULL,'public'),(22,0,'blog-in-04','blog-in-04',2,'image/jpeg',9623,'blog/blog-in-04.jpg','[]','2025-05-20 14:06:50','2025-05-20 14:06:50',NULL,'public'),(23,0,'blog-in-05','blog-in-05',2,'image/jpeg',9623,'blog/blog-in-05.jpg','[]','2025-05-20 14:06:50','2025-05-20 14:06:50',NULL,'public'),(24,0,'blog-in-06','blog-in-06',2,'image/jpeg',9623,'blog/blog-in-06.jpg','[]','2025-05-20 14:06:50','2025-05-20 14:06:50',NULL,'public'),(25,0,'blog-sm-1','blog-sm-1',2,'image/jpeg',9623,'blog/blog-sm-1.jpg','[]','2025-05-20 14:06:50','2025-05-20 14:06:50',NULL,'public'),(26,0,'blog-sm-2','blog-sm-2',2,'image/jpeg',9623,'blog/blog-sm-2.jpg','[]','2025-05-20 14:06:50','2025-05-20 14:06:50',NULL,'public'),(27,0,'blog-sm-3','blog-sm-3',2,'image/jpeg',9623,'blog/blog-sm-3.jpg','[]','2025-05-20 14:06:51','2025-05-20 14:06:51',NULL,'public'),(28,0,'blog-sm-4','blog-sm-4',2,'image/jpeg',9623,'blog/blog-sm-4.jpg','[]','2025-05-20 14:06:51','2025-05-20 14:06:51',NULL,'public'),(29,0,'comment-1','comment-1',2,'image/jpeg',9803,'blog/comment-1.jpg','[]','2025-05-20 14:06:51','2025-05-20 14:06:51',NULL,'public'),(30,0,'comment-2','comment-2',2,'image/jpeg',9803,'blog/comment-2.jpg','[]','2025-05-20 14:06:51','2025-05-20 14:06:51',NULL,'public'),(31,0,'location-1','location-1',3,'image/png',5309,'shop/location-1.png','[]','2025-05-20 14:06:52','2025-05-20 14:06:52',NULL,'public'),(32,0,'location-2','location-2',3,'image/png',5309,'shop/location-2.png','[]','2025-05-20 14:06:52','2025-05-20 14:06:52',NULL,'public'),(33,0,'location-3','location-3',3,'image/png',5309,'shop/location-3.png','[]','2025-05-20 14:06:52','2025-05-20 14:06:52',NULL,'public'),(34,0,'location-4','location-4',3,'image/png',5309,'shop/location-4.png','[]','2025-05-20 14:06:52','2025-05-20 14:06:52',NULL,'public'),(35,0,'login_bg','login_bg',3,'image/jpeg',5443,'shop/login-bg.jpg','[]','2025-05-20 14:06:53','2025-05-20 14:06:53',NULL,'public'),(36,0,'reviewer-01','reviewer-01',3,'image/png',1070,'shop/reviewer-01.png','[]','2025-05-20 14:06:53','2025-05-20 14:06:53',NULL,'public'),(37,0,'reviewer-02','reviewer-02',3,'image/png',1070,'shop/reviewer-02.png','[]','2025-05-20 14:06:53','2025-05-20 14:06:53',NULL,'public'),(38,0,'reviewer-03','reviewer-03',3,'image/png',1070,'shop/reviewer-03.png','[]','2025-05-20 14:06:53','2025-05-20 14:06:53',NULL,'public'),(39,0,'s-thumb-01','s-thumb-01',3,'image/jpeg',2813,'shop/s-thumb-01.jpg','[]','2025-05-20 14:06:53','2025-05-20 14:06:53',NULL,'public'),(40,0,'s-thumb-02','s-thumb-02',3,'image/jpeg',2813,'shop/s-thumb-02.jpg','[]','2025-05-20 14:06:53','2025-05-20 14:06:53',NULL,'public'),(41,0,'s-thumb-03','s-thumb-03',3,'image/jpeg',2813,'shop/s-thumb-03.jpg','[]','2025-05-20 14:06:53','2025-05-20 14:06:53',NULL,'public'),(42,0,'s-thumb-04','s-thumb-04',3,'image/jpeg',2813,'shop/s-thumb-04.jpg','[]','2025-05-20 14:06:54','2025-05-20 14:06:54',NULL,'public'),(43,0,'s-thumb-05','s-thumb-05',3,'image/jpeg',2813,'shop/s-thumb-05.jpg','[]','2025-05-20 14:06:54','2025-05-20 14:06:54',NULL,'public'),(44,0,'s-thumb-06','s-thumb-06',3,'image/jpeg',2813,'shop/s-thumb-06.jpg','[]','2025-05-20 14:06:54','2025-05-20 14:06:54',NULL,'public'),(45,0,'sign_bg','sign_bg',3,'image/jpeg',5443,'shop/sign-bg.jpg','[]','2025-05-20 14:06:54','2025-05-20 14:06:54',NULL,'public'),(46,0,'track_bg','track_bg',3,'image/jpeg',6224,'shop/track-bg.jpg','[]','2025-05-20 14:06:54','2025-05-20 14:06:54',NULL,'public'),(47,0,'w-product-01','w-product-01',3,'image/jpeg',5528,'shop/w-product-01.jpg','[]','2025-05-20 14:06:54','2025-05-20 14:06:54',NULL,'public'),(48,0,'w-product-02','w-product-02',3,'image/jpeg',5528,'shop/w-product-02.jpg','[]','2025-05-20 14:06:54','2025-05-20 14:06:54',NULL,'public'),(49,0,'w-product-03','w-product-03',3,'image/jpeg',5528,'shop/w-product-03.jpg','[]','2025-05-20 14:06:55','2025-05-20 14:06:55',NULL,'public'),(50,0,'w-product-04','w-product-04',3,'image/jpeg',5528,'shop/w-product-04.jpg','[]','2025-05-20 14:06:55','2025-05-20 14:06:55',NULL,'public'),(51,0,'w-product-05','w-product-05',3,'image/jpeg',5528,'shop/w-product-05.jpg','[]','2025-05-20 14:06:55','2025-05-20 14:06:55',NULL,'public'),(52,0,'about-banner-1','about-banner-1',4,'image/jpeg',8335,'banners/about-banner-1.jpg','[]','2025-05-20 14:06:55','2025-05-20 14:06:55',NULL,'public'),(53,0,'about-banner-2','about-banner-2',4,'image/jpeg',8335,'banners/about-banner-2.jpg','[]','2025-05-20 14:06:56','2025-05-20 14:06:56',NULL,'public'),(54,0,'about-img-1','about-img-1',4,'image/jpeg',8914,'banners/about-img-1.jpg','[]','2025-05-20 14:06:56','2025-05-20 14:06:56',NULL,'public'),(55,0,'about-img-2','about-img-2',4,'image/jpeg',8914,'banners/about-img-2.jpg','[]','2025-05-20 14:06:56','2025-05-20 14:06:56',NULL,'public'),(56,0,'about-img-3','about-img-3',4,'image/png',6373,'banners/about-img-3.png','[]','2025-05-20 14:06:56','2025-05-20 14:06:56',NULL,'public'),(57,0,'banner-03-01','banner-03-01',4,'image/jpeg',6612,'banners/banner-03-01.jpg','[]','2025-05-20 14:06:56','2025-05-20 14:06:56',NULL,'public'),(58,0,'banner-03-02','banner-03-02',4,'image/jpeg',5283,'banners/banner-03-02.jpg','[]','2025-05-20 14:06:56','2025-05-20 14:06:56',NULL,'public'),(59,0,'banner-03-03','banner-03-03',4,'image/jpeg',5077,'banners/banner-03-03.jpg','[]','2025-05-20 14:06:57','2025-05-20 14:06:57',NULL,'public'),(60,0,'banner-2-01','banner-2-01',4,'image/jpeg',5452,'banners/banner-2-01.jpg','[]','2025-05-20 14:06:57','2025-05-20 14:06:57',NULL,'public'),(61,0,'banner-2-02','banner-2-02',4,'image/jpeg',5452,'banners/banner-2-02.jpg','[]','2025-05-20 14:06:57','2025-05-20 14:06:57',NULL,'public'),(62,0,'banner-2-03','banner-2-03',4,'image/jpeg',12296,'banners/banner-2-03.jpg','[]','2025-05-20 14:06:57','2025-05-20 14:06:57',NULL,'public'),(63,0,'banner-2-04','banner-2-04',4,'image/jpeg',7318,'banners/banner-2-04.jpg','[]','2025-05-20 14:06:57','2025-05-20 14:06:57',NULL,'public'),(64,0,'banner-bg-05','banner-bg-05',4,'image/jpeg',23672,'banners/banner-bg-05.jpg','[]','2025-05-20 14:06:58','2025-05-20 14:06:58',NULL,'public'),(65,0,'banner-offer-01','banner-offer-01',4,'image/jpeg',10330,'banners/banner-offer-01.jpg','[]','2025-05-20 14:06:58','2025-05-20 14:06:58',NULL,'public'),(66,0,'banner-offer-02','banner-offer-02',4,'image/jpeg',9086,'banners/banner-offer-02.jpg','[]','2025-05-20 14:06:58','2025-05-20 14:06:58',NULL,'public'),(67,0,'breadcrumb-01','breadcrumb-01',4,'image/jpeg',5276,'banners/breadcrumb-01.jpg','[]','2025-05-20 14:06:58','2025-05-20 14:06:58',NULL,'public'),(68,0,'coming-soon','coming-soon',4,'image/jpeg',27345,'banners/coming-soon.jpg','[]','2025-05-20 14:06:59','2025-05-20 14:06:59',NULL,'public'),(69,0,'login-bg','login-bg',4,'image/jpeg',5443,'banners/login-bg.jpg','[]','2025-05-20 14:06:59','2025-05-20 14:06:59',NULL,'public'),(70,0,'product-shape-01','product-shape-01',4,'image/png',3220,'banners/product-shape-01.png','[]','2025-05-20 14:06:59','2025-05-20 14:06:59',NULL,'public'),(71,0,'product-shape-02','product-shape-02',4,'image/png',2285,'banners/product-shape-02.png','[]','2025-05-20 14:06:59','2025-05-20 14:06:59',NULL,'public'),(72,0,'sign-bg','sign-bg',4,'image/jpeg',5443,'banners/sign-bg.jpg','[]','2025-05-20 14:06:59','2025-05-20 14:06:59',NULL,'public'),(73,0,'thumb-01','thumb-01',4,'image/jpeg',16230,'banners/thumb-01.jpg','[]','2025-05-20 14:06:59','2025-05-20 14:06:59',NULL,'public'),(74,0,'thumb-02','thumb-02',4,'image/jpeg',7655,'banners/thumb-02.jpg','[]','2025-05-20 14:07:00','2025-05-20 14:07:00',NULL,'public'),(75,0,'thumb-03','thumb-03',4,'image/jpeg',7655,'banners/thumb-03.jpg','[]','2025-05-20 14:07:00','2025-05-20 14:07:00',NULL,'public'),(76,0,'thumb-04','thumb-04',4,'image/jpeg',16230,'banners/thumb-04.jpg','[]','2025-05-20 14:07:00','2025-05-20 14:07:00',NULL,'public'),(77,0,'track-bg','track-bg',4,'image/jpeg',6224,'banners/track-bg.jpg','[]','2025-05-20 14:07:00','2025-05-20 14:07:00',NULL,'public'),(78,0,'box','box',5,'image/png',949,'icons/box.png','[]','2025-05-20 14:07:00','2025-05-20 14:07:00',NULL,'public'),(79,0,'car','car',5,'image/png',855,'icons/car.png','[]','2025-05-20 14:07:00','2025-05-20 14:07:00',NULL,'public'),(80,0,'cat-icon-01','cat-icon-01',5,'image/png',146,'icons/cat-icon-01.png','[]','2025-05-20 14:07:01','2025-05-20 14:07:01',NULL,'public'),(81,0,'cat-icon-02','cat-icon-02',5,'image/png',164,'icons/cat-icon-02.png','[]','2025-05-20 14:07:01','2025-05-20 14:07:01',NULL,'public'),(82,0,'cat-icon-03','cat-icon-03',5,'image/png',164,'icons/cat-icon-03.png','[]','2025-05-20 14:07:01','2025-05-20 14:07:01',NULL,'public'),(83,0,'cat-icon-04','cat-icon-04',5,'image/png',160,'icons/cat-icon-04.png','[]','2025-05-20 14:07:01','2025-05-20 14:07:01',NULL,'public'),(84,0,'cat-icon-05','cat-icon-05',5,'image/png',151,'icons/cat-icon-05.png','[]','2025-05-20 14:07:01','2025-05-20 14:07:01',NULL,'public'),(85,0,'cat-icon-06','cat-icon-06',5,'image/png',1665,'icons/cat-icon-06.png','[]','2025-05-20 14:07:01','2025-05-20 14:07:01',NULL,'public'),(86,0,'error','error',5,'image/png',3971,'icons/error.png','[]','2025-05-20 14:07:01','2025-05-20 14:07:01',NULL,'public'),(87,0,'hours','hours',5,'image/png',1034,'icons/hours.png','[]','2025-05-20 14:07:01','2025-05-20 14:07:01',NULL,'public'),(88,0,'lang-flag','lang-flag',5,'image/png',1602,'icons/lang-flag.png','[]','2025-05-20 14:07:02','2025-05-20 14:07:02',NULL,'public'),(89,0,'payment','payment',5,'image/png',800,'icons/payment.png','[]','2025-05-20 14:07:02','2025-05-20 14:07:02',NULL,'public'),(90,0,'product-det-1','product-det-1',5,'image/png',974,'icons/product-det-1.png','[]','2025-05-20 14:07:02','2025-05-20 14:07:02',NULL,'public'),(91,0,'product-det-2','product-det-2',5,'image/png',1080,'icons/product-det-2.png','[]','2025-05-20 14:07:02','2025-05-20 14:07:02',NULL,'public'),(92,0,'product-det-3','product-det-3',5,'image/png',735,'icons/product-det-3.png','[]','2025-05-20 14:07:02','2025-05-20 14:07:02',NULL,'public'),(93,0,'product-det-4','product-det-4',5,'image/png',1202,'icons/product-det-4.png','[]','2025-05-20 14:07:02','2025-05-20 14:07:02',NULL,'public'),(94,0,'title-shape-02','title-shape-02',5,'image/jpeg',737,'icons/title-shape-02.jpg','[]','2025-05-20 14:07:02','2025-05-20 14:07:02',NULL,'public'),(95,0,'track-1','track-1',5,'image/png',339,'icons/track-1.png','[]','2025-05-20 14:07:02','2025-05-20 14:07:02',NULL,'public'),(96,0,'banner-1','banner-1',6,'image/jpeg',9766,'sliders/banner-1.jpg','[]','2025-05-20 14:07:03','2025-05-20 14:07:03',NULL,'public'),(97,0,'banner-2','banner-2',6,'image/jpeg',9766,'sliders/banner-2.jpg','[]','2025-05-20 14:07:03','2025-05-20 14:07:03',NULL,'public'),(98,0,'banner-3','banner-3',6,'image/jpeg',9766,'sliders/banner-3.jpg','[]','2025-05-20 14:07:03','2025-05-20 14:07:03',NULL,'public'),(99,0,'banner-slider-01','banner-slider-01',6,'image/jpeg',4081,'sliders/banner-slider-01.jpg','[]','2025-05-20 14:07:03','2025-05-20 14:07:03',NULL,'public'),(100,0,'banner-slider-02','banner-slider-02',6,'image/jpeg',4081,'sliders/banner-slider-02.jpg','[]','2025-05-20 14:07:03','2025-05-20 14:07:03',NULL,'public'),(101,0,'fasion-tag-01','fasion-tag-01',6,'image/png',2647,'sliders/fasion-tag-01.png','[]','2025-05-20 14:07:04','2025-05-20 14:07:04',NULL,'public'),(102,0,'fasion-tag-02','fasion-tag-02',6,'image/png',2675,'sliders/fasion-tag-02.png','[]','2025-05-20 14:07:04','2025-05-20 14:07:04',NULL,'public'),(103,0,'fasion-tag-03','fasion-tag-03',6,'image/png',2675,'sliders/fasion-tag-03.png','[]','2025-05-20 14:07:04','2025-05-20 14:07:04',NULL,'public'),(104,0,'slider-01','slider-01',6,'image/png',13507,'sliders/slider-01.png','[]','2025-05-20 14:07:04','2025-05-20 14:07:04',NULL,'public'),(105,0,'slider-02','slider-02',6,'image/png',13507,'sliders/slider-02.png','[]','2025-05-20 14:07:04','2025-05-20 14:07:04',NULL,'public'),(106,0,'slider-03','slider-03',6,'image/png',13507,'sliders/slider-03.png','[]','2025-05-20 14:07:04','2025-05-20 14:07:04',NULL,'public'),(107,0,'slider-04','slider-04',6,'image/png',11780,'sliders/slider-04.png','[]','2025-05-20 14:07:05','2025-05-20 14:07:05',NULL,'public'),(108,0,'slider-05-banner-1','slider-05-banner-1',6,'image/jpeg',3724,'sliders/slider-05-banner-1.jpg','[]','2025-05-20 14:07:05','2025-05-20 14:07:05',NULL,'public'),(109,0,'slider-05-banner-2','slider-05-banner-2',6,'image/jpeg',3724,'sliders/slider-05-banner-2.jpg','[]','2025-05-20 14:07:05','2025-05-20 14:07:05',NULL,'public'),(110,0,'slider-05-bg-1','slider-05-bg-1',6,'image/jpeg',11103,'sliders/slider-05-bg-1.jpg','[]','2025-05-20 14:07:05','2025-05-20 14:07:05',NULL,'public'),(111,0,'slider-05-bg-2','slider-05-bg-2',6,'image/jpeg',11103,'sliders/slider-05-bg-2.jpg','[]','2025-05-20 14:07:05','2025-05-20 14:07:05',NULL,'public'),(112,0,'slider-05-bg-3','slider-05-bg-3',6,'image/jpeg',11103,'sliders/slider-05-bg-3.jpg','[]','2025-05-20 14:07:06','2025-05-20 14:07:06',NULL,'public'),(113,0,'slider-05-bg-4','slider-05-bg-4',6,'image/jpeg',11103,'sliders/slider-05-bg-4.jpg','[]','2025-05-20 14:07:06','2025-05-20 14:07:06',NULL,'public'),(114,0,'slider-05','slider-05',6,'image/png',11780,'sliders/slider-05.png','[]','2025-05-20 14:07:06','2025-05-20 14:07:06',NULL,'public'),(115,0,'slider-06','slider-06',6,'image/png',11780,'sliders/slider-06.png','[]','2025-05-20 14:07:06','2025-05-20 14:07:06',NULL,'public'),(116,0,'slider-bg-04','slider-bg-04',6,'image/png',7941,'sliders/slider-bg-04.png','[]','2025-05-20 14:07:06','2025-05-20 14:07:06',NULL,'public'),(117,0,'slider-bg-05','slider-bg-05',6,'image/png',7941,'sliders/slider-bg-05.png','[]','2025-05-20 14:07:07','2025-05-20 14:07:07',NULL,'public'),(118,0,'slider-bg-06','slider-bg-06',6,'image/png',7941,'sliders/slider-bg-06.png','[]','2025-05-20 14:07:07','2025-05-20 14:07:07',NULL,'public'),(119,0,'video-bg-01','video-bg-01',6,'image/jpeg',14217,'sliders/video-bg-01.jpg','[]','2025-05-20 14:07:07','2025-05-20 14:07:07',NULL,'public'),(120,0,'brand-01','brand-01',7,'image/png',630,'brands/brand-01.png','[]','2025-05-20 14:07:08','2025-05-20 14:07:08',NULL,'public'),(121,0,'brand-02','brand-02',7,'image/png',630,'brands/brand-02.png','[]','2025-05-20 14:07:08','2025-05-20 14:07:08',NULL,'public'),(122,0,'brand-03','brand-03',7,'image/png',630,'brands/brand-03.png','[]','2025-05-20 14:07:08','2025-05-20 14:07:08',NULL,'public'),(123,0,'brand-04','brand-04',7,'image/png',630,'brands/brand-04.png','[]','2025-05-20 14:07:08','2025-05-20 14:07:08',NULL,'public'),(124,0,'brand-05','brand-05',7,'image/png',630,'brands/brand-05.png','[]','2025-05-20 14:07:08','2025-05-20 14:07:08',NULL,'public'),(125,0,'brand-06','brand-06',7,'image/png',630,'brands/brand-06.png','[]','2025-05-20 14:07:09','2025-05-20 14:07:09',NULL,'public'),(126,0,'brand-w-01','brand-w-01',7,'image/png',630,'brands/brand-w-01.png','[]','2025-05-20 14:07:09','2025-05-20 14:07:09',NULL,'public'),(127,0,'brand-w-02','brand-w-02',7,'image/png',630,'brands/brand-w-02.png','[]','2025-05-20 14:07:09','2025-05-20 14:07:09',NULL,'public'),(128,0,'brand-w-03','brand-w-03',7,'image/png',630,'brands/brand-w-03.png','[]','2025-05-20 14:07:09','2025-05-20 14:07:09',NULL,'public'),(129,0,'brand-w-04','brand-w-04',7,'image/png',630,'brands/brand-w-04.png','[]','2025-05-20 14:07:09','2025-05-20 14:07:09',NULL,'public'),(130,0,'brand-w-05','brand-w-05',7,'image/png',630,'brands/brand-w-05.png','[]','2025-05-20 14:07:09','2025-05-20 14:07:09',NULL,'public'),(131,0,'brand-w-06','brand-w-06',7,'image/png',630,'brands/brand-w-06.png','[]','2025-05-20 14:07:09','2025-05-20 14:07:09',NULL,'public'),(132,0,'pla-brand-01','pla-brand-01',7,'image/png',630,'brands/pla-brand-01.png','[]','2025-05-20 14:07:09','2025-05-20 14:07:09',NULL,'public'),(133,0,'pla-brand-02','pla-brand-02',7,'image/png',630,'brands/pla-brand-02.png','[]','2025-05-20 14:07:09','2025-05-20 14:07:09',NULL,'public'),(134,0,'pla-brand-03','pla-brand-03',7,'image/png',630,'brands/pla-brand-03.png','[]','2025-05-20 14:07:10','2025-05-20 14:07:10',NULL,'public'),(135,0,'pla-brand-04','pla-brand-04',7,'image/png',630,'brands/pla-brand-04.png','[]','2025-05-20 14:07:10','2025-05-20 14:07:10',NULL,'public'),(136,0,'pla-brand-05','pla-brand-05',7,'image/png',630,'brands/pla-brand-05.png','[]','2025-05-20 14:07:10','2025-05-20 14:07:10',NULL,'public'),(137,0,'pla-brand-06','pla-brand-06',7,'image/png',630,'brands/pla-brand-06.png','[]','2025-05-20 14:07:10','2025-05-20 14:07:10',NULL,'public'),(138,0,'feature-icon-01','feature-icon-01',8,'image/png',2082,'features/feature-icon-01.png','[]','2025-05-20 14:07:10','2025-05-20 14:07:10',NULL,'public'),(139,0,'feature-icon-02','feature-icon-02',8,'image/png',1941,'features/feature-icon-02.png','[]','2025-05-20 14:07:10','2025-05-20 14:07:10',NULL,'public'),(140,0,'feature-icon-03','feature-icon-03',8,'image/png',2535,'features/feature-icon-03.png','[]','2025-05-20 14:07:10','2025-05-20 14:07:10',NULL,'public'),(141,0,'feature-icon-04','feature-icon-04',8,'image/png',1158,'features/feature-icon-04.png','[]','2025-05-20 14:07:11','2025-05-20 14:07:11',NULL,'public'),(142,0,'feature-icon-05','feature-icon-05',8,'image/png',1887,'features/feature-icon-05.png','[]','2025-05-20 14:07:11','2025-05-20 14:07:11',NULL,'public'),(143,0,'feature-icon-06','feature-icon-06',8,'image/png',1666,'features/feature-icon-06.png','[]','2025-05-20 14:07:11','2025-05-20 14:07:11',NULL,'public'),(144,0,'pla-product-01','pla-product-01',9,'image/jpeg',9803,'products/pla-product-01.jpg','[]','2025-05-20 14:07:12','2025-05-20 14:07:12',NULL,'public'),(145,0,'pla-product-02','pla-product-02',9,'image/jpeg',9803,'products/pla-product-02.jpg','[]','2025-05-20 14:07:12','2025-05-20 14:07:12',NULL,'public'),(146,0,'pla-product-03','pla-product-03',9,'image/jpeg',9803,'products/pla-product-03.jpg','[]','2025-05-20 14:07:12','2025-05-20 14:07:12',NULL,'public'),(147,0,'pla-product-04','pla-product-04',9,'image/jpeg',9803,'products/pla-product-04.jpg','[]','2025-05-20 14:07:13','2025-05-20 14:07:13',NULL,'public'),(148,0,'product-1','product-1',9,'image/jpeg',9803,'products/product-1.jpg','[]','2025-05-20 14:07:13','2025-05-20 14:07:13',NULL,'public'),(149,0,'product-10','product-10',9,'image/jpeg',9803,'products/product-10.jpg','[]','2025-05-20 14:07:13','2025-05-20 14:07:13',NULL,'public'),(150,0,'product-11','product-11',9,'image/jpeg',9803,'products/product-11.jpg','[]','2025-05-20 14:07:13','2025-05-20 14:07:13',NULL,'public'),(151,0,'product-12','product-12',9,'image/jpeg',9803,'products/product-12.jpg','[]','2025-05-20 14:07:13','2025-05-20 14:07:13',NULL,'public'),(152,0,'product-13','product-13',9,'image/jpeg',9803,'products/product-13.jpg','[]','2025-05-20 14:07:14','2025-05-20 14:07:14',NULL,'public'),(153,0,'product-14','product-14',9,'image/jpeg',9803,'products/product-14.jpg','[]','2025-05-20 14:07:14','2025-05-20 14:07:14',NULL,'public'),(154,0,'product-15','product-15',9,'image/jpeg',9803,'products/product-15.jpg','[]','2025-05-20 14:07:14','2025-05-20 14:07:14',NULL,'public'),(155,0,'product-16','product-16',9,'image/jpeg',9803,'products/product-16.jpg','[]','2025-05-20 14:07:14','2025-05-20 14:07:14',NULL,'public'),(156,0,'product-17','product-17',9,'image/jpeg',9803,'products/product-17.jpg','[]','2025-05-20 14:07:14','2025-05-20 14:07:14',NULL,'public'),(157,0,'product-18','product-18',9,'image/jpeg',9803,'products/product-18.jpg','[]','2025-05-20 14:07:14','2025-05-20 14:07:14',NULL,'public'),(158,0,'product-19','product-19',9,'image/jpeg',9803,'products/product-19.jpg','[]','2025-05-20 14:07:15','2025-05-20 14:07:15',NULL,'public'),(159,0,'product-2','product-2',9,'image/jpeg',9803,'products/product-2.jpg','[]','2025-05-20 14:07:15','2025-05-20 14:07:15',NULL,'public'),(160,0,'product-20','product-20',9,'image/jpeg',9803,'products/product-20.jpg','[]','2025-05-20 14:07:15','2025-05-20 14:07:15',NULL,'public'),(161,0,'product-21','product-21',9,'image/jpeg',9803,'products/product-21.jpg','[]','2025-05-20 14:07:15','2025-05-20 14:07:15',NULL,'public'),(162,0,'product-22','product-22',9,'image/jpeg',9803,'products/product-22.jpg','[]','2025-05-20 14:07:15','2025-05-20 14:07:15',NULL,'public'),(163,0,'product-23','product-23',9,'image/jpeg',9803,'products/product-23.jpg','[]','2025-05-20 14:07:16','2025-05-20 14:07:16',NULL,'public'),(164,0,'product-24','product-24',9,'image/jpeg',9803,'products/product-24.jpg','[]','2025-05-20 14:07:16','2025-05-20 14:07:16',NULL,'public'),(165,0,'product-25','product-25',9,'image/jpeg',9803,'products/product-25.jpg','[]','2025-05-20 14:07:16','2025-05-20 14:07:16',NULL,'public'),(166,0,'product-26','product-26',9,'image/jpeg',9803,'products/product-26.jpg','[]','2025-05-20 14:07:16','2025-05-20 14:07:16',NULL,'public'),(167,0,'product-27','product-27',9,'image/jpeg',9803,'products/product-27.jpg','[]','2025-05-20 14:07:16','2025-05-20 14:07:16',NULL,'public'),(168,0,'product-28','product-28',9,'image/jpeg',9803,'products/product-28.jpg','[]','2025-05-20 14:07:17','2025-05-20 14:07:17',NULL,'public'),(169,0,'product-29','product-29',9,'image/jpeg',9803,'products/product-29.jpg','[]','2025-05-20 14:07:17','2025-05-20 14:07:17',NULL,'public'),(170,0,'product-3','product-3',9,'image/jpeg',9803,'products/product-3.jpg','[]','2025-05-20 14:07:17','2025-05-20 14:07:17',NULL,'public'),(171,0,'product-30','product-30',9,'image/jpeg',9803,'products/product-30.jpg','[]','2025-05-20 14:07:17','2025-05-20 14:07:17',NULL,'public'),(172,0,'product-31','product-31',9,'image/jpeg',9803,'products/product-31.jpg','[]','2025-05-20 14:07:17','2025-05-20 14:07:17',NULL,'public'),(173,0,'product-32','product-32',9,'image/jpeg',9803,'products/product-32.jpg','[]','2025-05-20 14:07:18','2025-05-20 14:07:18',NULL,'public'),(174,0,'product-33','product-33',9,'image/jpeg',9803,'products/product-33.jpg','[]','2025-05-20 14:07:18','2025-05-20 14:07:18',NULL,'public'),(175,0,'product-34','product-34',9,'image/jpeg',9803,'products/product-34.jpg','[]','2025-05-20 14:07:18','2025-05-20 14:07:18',NULL,'public'),(176,0,'product-35','product-35',9,'image/jpeg',9803,'products/product-35.jpg','[]','2025-05-20 14:07:18','2025-05-20 14:07:18',NULL,'public'),(177,0,'product-36','product-36',9,'image/jpeg',9803,'products/product-36.jpg','[]','2025-05-20 14:07:18','2025-05-20 14:07:18',NULL,'public'),(178,0,'product-37','product-37',9,'image/jpeg',9803,'products/product-37.jpg','[]','2025-05-20 14:07:19','2025-05-20 14:07:19',NULL,'public'),(179,0,'product-38','product-38',9,'image/jpeg',9803,'products/product-38.jpg','[]','2025-05-20 14:07:19','2025-05-20 14:07:19',NULL,'public'),(180,0,'product-39','product-39',9,'image/jpeg',9803,'products/product-39.jpg','[]','2025-05-20 14:07:19','2025-05-20 14:07:19',NULL,'public'),(181,0,'product-4','product-4',9,'image/jpeg',9803,'products/product-4.jpg','[]','2025-05-20 14:07:19','2025-05-20 14:07:19',NULL,'public'),(182,0,'product-40','product-40',9,'image/jpeg',9803,'products/product-40.jpg','[]','2025-05-20 14:07:19','2025-05-20 14:07:19',NULL,'public'),(183,0,'product-41','product-41',9,'image/jpeg',9803,'products/product-41.jpg','[]','2025-05-20 14:07:19','2025-05-20 14:07:19',NULL,'public'),(184,0,'product-42','product-42',9,'image/jpeg',9803,'products/product-42.jpg','[]','2025-05-20 14:07:20','2025-05-20 14:07:20',NULL,'public'),(185,0,'product-43','product-43',9,'image/jpeg',9803,'products/product-43.jpg','[]','2025-05-20 14:07:20','2025-05-20 14:07:20',NULL,'public'),(186,0,'product-44','product-44',9,'image/jpeg',9803,'products/product-44.jpg','[]','2025-05-20 14:07:20','2025-05-20 14:07:20',NULL,'public'),(187,0,'product-45','product-45',9,'image/jpeg',9803,'products/product-45.jpg','[]','2025-05-20 14:07:20','2025-05-20 14:07:20',NULL,'public'),(188,0,'product-46','product-46',9,'image/jpeg',9803,'products/product-46.jpg','[]','2025-05-20 14:07:20','2025-05-20 14:07:20',NULL,'public'),(189,0,'product-47','product-47',9,'image/jpeg',9803,'products/product-47.jpg','[]','2025-05-20 14:07:21','2025-05-20 14:07:21',NULL,'public'),(190,0,'product-48','product-48',9,'image/jpeg',9803,'products/product-48.jpg','[]','2025-05-20 14:07:21','2025-05-20 14:07:21',NULL,'public'),(191,0,'product-49','product-49',9,'image/jpeg',9803,'products/product-49.jpg','[]','2025-05-20 14:07:21','2025-05-20 14:07:21',NULL,'public'),(192,0,'product-5','product-5',9,'image/jpeg',9803,'products/product-5.jpg','[]','2025-05-20 14:07:21','2025-05-20 14:07:21',NULL,'public'),(193,0,'product-50','product-50',9,'image/jpeg',9803,'products/product-50.jpg','[]','2025-05-20 14:07:21','2025-05-20 14:07:21',NULL,'public'),(194,0,'product-51','product-51',9,'image/jpeg',9803,'products/product-51.jpg','[]','2025-05-20 14:07:22','2025-05-20 14:07:22',NULL,'public'),(195,0,'product-52','product-52',9,'image/jpeg',9803,'products/product-52.jpg','[]','2025-05-20 14:07:22','2025-05-20 14:07:22',NULL,'public'),(196,0,'product-53','product-53',9,'image/jpeg',9803,'products/product-53.jpg','[]','2025-05-20 14:07:22','2025-05-20 14:07:22',NULL,'public'),(197,0,'product-54','product-54',9,'image/jpeg',9803,'products/product-54.jpg','[]','2025-05-20 14:07:22','2025-05-20 14:07:22',NULL,'public'),(198,0,'product-55','product-55',9,'image/jpeg',9803,'products/product-55.jpg','[]','2025-05-20 14:07:22','2025-05-20 14:07:22',NULL,'public'),(199,0,'product-56','product-56',9,'image/jpeg',9803,'products/product-56.jpg','[]','2025-05-20 14:07:23','2025-05-20 14:07:23',NULL,'public'),(200,0,'product-57','product-57',9,'image/jpeg',9803,'products/product-57.jpg','[]','2025-05-20 14:07:23','2025-05-20 14:07:23',NULL,'public'),(201,0,'product-58','product-58',9,'image/jpeg',9803,'products/product-58.jpg','[]','2025-05-20 14:07:23','2025-05-20 14:07:23',NULL,'public'),(202,0,'product-59','product-59',9,'image/jpeg',9803,'products/product-59.jpg','[]','2025-05-20 14:07:23','2025-05-20 14:07:23',NULL,'public'),(203,0,'product-6','product-6',9,'image/jpeg',9803,'products/product-6.jpg','[]','2025-05-20 14:07:23','2025-05-20 14:07:23',NULL,'public'),(204,0,'product-60','product-60',9,'image/jpeg',9803,'products/product-60.jpg','[]','2025-05-20 14:07:24','2025-05-20 14:07:24',NULL,'public'),(205,0,'product-61','product-61',9,'image/jpeg',9803,'products/product-61.jpg','[]','2025-05-20 14:07:24','2025-05-20 14:07:24',NULL,'public'),(206,0,'product-62','product-62',9,'image/jpeg',9803,'products/product-62.jpg','[]','2025-05-20 14:07:24','2025-05-20 14:07:24',NULL,'public'),(207,0,'product-63','product-63',9,'image/jpeg',9803,'products/product-63.jpg','[]','2025-05-20 14:07:24','2025-05-20 14:07:24',NULL,'public'),(208,0,'product-64','product-64',9,'image/jpeg',9803,'products/product-64.jpg','[]','2025-05-20 14:07:24','2025-05-20 14:07:24',NULL,'public'),(209,0,'product-65','product-65',9,'image/jpeg',9803,'products/product-65.jpg','[]','2025-05-20 14:07:25','2025-05-20 14:07:25',NULL,'public'),(210,0,'product-66','product-66',9,'image/jpeg',9803,'products/product-66.jpg','[]','2025-05-20 14:07:25','2025-05-20 14:07:25',NULL,'public'),(211,0,'product-67','product-67',9,'image/jpeg',9803,'products/product-67.jpg','[]','2025-05-20 14:07:25','2025-05-20 14:07:25',NULL,'public'),(212,0,'product-68','product-68',9,'image/jpeg',9803,'products/product-68.jpg','[]','2025-05-20 14:07:25','2025-05-20 14:07:25',NULL,'public'),(213,0,'product-69','product-69',9,'image/jpeg',9803,'products/product-69.jpg','[]','2025-05-20 14:07:25','2025-05-20 14:07:25',NULL,'public'),(214,0,'product-7','product-7',9,'image/jpeg',9803,'products/product-7.jpg','[]','2025-05-20 14:07:25','2025-05-20 14:07:25',NULL,'public'),(215,0,'product-70','product-70',9,'image/jpeg',9803,'products/product-70.jpg','[]','2025-05-20 14:07:26','2025-05-20 14:07:26',NULL,'public'),(216,0,'product-71','product-71',9,'image/jpeg',9803,'products/product-71.jpg','[]','2025-05-20 14:07:26','2025-05-20 14:07:26',NULL,'public'),(217,0,'product-72','product-72',9,'image/jpeg',9803,'products/product-72.jpg','[]','2025-05-20 14:07:26','2025-05-20 14:07:26',NULL,'public'),(218,0,'product-73','product-73',9,'image/jpeg',9803,'products/product-73.jpg','[]','2025-05-20 14:07:26','2025-05-20 14:07:26',NULL,'public'),(219,0,'product-74','product-74',9,'image/jpeg',9803,'products/product-74.jpg','[]','2025-05-20 14:07:26','2025-05-20 14:07:26',NULL,'public'),(220,0,'product-75','product-75',9,'image/jpeg',9803,'products/product-75.jpg','[]','2025-05-20 14:07:27','2025-05-20 14:07:27',NULL,'public'),(221,0,'product-76','product-76',9,'image/jpeg',9803,'products/product-76.jpg','[]','2025-05-20 14:07:27','2025-05-20 14:07:27',NULL,'public'),(222,0,'product-77','product-77',9,'image/jpeg',9803,'products/product-77.jpg','[]','2025-05-20 14:07:27','2025-05-20 14:07:27',NULL,'public'),(223,0,'product-78','product-78',9,'image/jpeg',9803,'products/product-78.jpg','[]','2025-05-20 14:07:27','2025-05-20 14:07:27',NULL,'public'),(224,0,'product-79','product-79',9,'image/jpeg',9803,'products/product-79.jpg','[]','2025-05-20 14:07:27','2025-05-20 14:07:27',NULL,'public'),(225,0,'product-8','product-8',9,'image/jpeg',9803,'products/product-8.jpg','[]','2025-05-20 14:07:28','2025-05-20 14:07:28',NULL,'public'),(226,0,'product-80','product-80',9,'image/jpeg',9803,'products/product-80.jpg','[]','2025-05-20 14:07:28','2025-05-20 14:07:28',NULL,'public'),(227,0,'product-81','product-81',9,'image/jpeg',9803,'products/product-81.jpg','[]','2025-05-20 14:07:28','2025-05-20 14:07:28',NULL,'public'),(228,0,'product-82','product-82',9,'image/jpeg',9803,'products/product-82.jpg','[]','2025-05-20 14:07:28','2025-05-20 14:07:28',NULL,'public'),(229,0,'product-83','product-83',9,'image/jpeg',9803,'products/product-83.jpg','[]','2025-05-20 14:07:28','2025-05-20 14:07:28',NULL,'public'),(230,0,'product-84','product-84',9,'image/jpeg',9803,'products/product-84.jpg','[]','2025-05-20 14:07:29','2025-05-20 14:07:29',NULL,'public'),(231,0,'product-85','product-85',9,'image/jpeg',9803,'products/product-85.jpg','[]','2025-05-20 14:07:29','2025-05-20 14:07:29',NULL,'public'),(232,0,'product-86','product-86',9,'image/jpeg',9803,'products/product-86.jpg','[]','2025-05-20 14:07:29','2025-05-20 14:07:29',NULL,'public'),(233,0,'product-87','product-87',9,'image/jpeg',9803,'products/product-87.jpg','[]','2025-05-20 14:07:29','2025-05-20 14:07:29',NULL,'public'),(234,0,'product-88','product-88',9,'image/jpeg',9803,'products/product-88.jpg','[]','2025-05-20 14:07:29','2025-05-20 14:07:29',NULL,'public'),(235,0,'product-89','product-89',9,'image/jpeg',9803,'products/product-89.jpg','[]','2025-05-20 14:07:30','2025-05-20 14:07:30',NULL,'public'),(236,0,'product-9','product-9',9,'image/jpeg',9803,'products/product-9.jpg','[]','2025-05-20 14:07:30','2025-05-20 14:07:30',NULL,'public'),(237,0,'product-90','product-90',9,'image/jpeg',9803,'products/product-90.jpg','[]','2025-05-20 14:07:30','2025-05-20 14:07:30',NULL,'public'),(238,0,'product-91','product-91',9,'image/jpeg',9803,'products/product-91.jpg','[]','2025-05-20 14:07:30','2025-05-20 14:07:30',NULL,'public'),(239,0,'product-92','product-92',9,'image/jpeg',9803,'products/product-92.jpg','[]','2025-05-20 14:07:30','2025-05-20 14:07:30',NULL,'public'),(240,0,'product-93','product-93',9,'image/jpeg',9803,'products/product-93.jpg','[]','2025-05-20 14:07:31','2025-05-20 14:07:31',NULL,'public'),(241,0,'product-94','product-94',9,'image/jpeg',9803,'products/product-94.jpg','[]','2025-05-20 14:07:31','2025-05-20 14:07:31',NULL,'public'),(242,0,'product-95','product-95',9,'image/jpeg',9803,'products/product-95.jpg','[]','2025-05-20 14:07:31','2025-05-20 14:07:31',NULL,'public'),(243,0,'1','1',10,'image/jpeg',9803,'customers/1.jpg','[]','2025-05-20 14:07:42','2025-05-20 14:07:42',NULL,'public'),(244,0,'10','10',10,'image/jpeg',9803,'customers/10.jpg','[]','2025-05-20 14:07:42','2025-05-20 14:07:42',NULL,'public'),(245,0,'2','2',10,'image/jpeg',9803,'customers/2.jpg','[]','2025-05-20 14:07:42','2025-05-20 14:07:42',NULL,'public'),(246,0,'3','3',10,'image/jpeg',9803,'customers/3.jpg','[]','2025-05-20 14:07:42','2025-05-20 14:07:42',NULL,'public'),(247,0,'4','4',10,'image/jpeg',9803,'customers/4.jpg','[]','2025-05-20 14:07:43','2025-05-20 14:07:43',NULL,'public'),(248,0,'5','5',10,'image/jpeg',9803,'customers/5.jpg','[]','2025-05-20 14:07:43','2025-05-20 14:07:43',NULL,'public'),(249,0,'6','6',10,'image/jpeg',9803,'customers/6.jpg','[]','2025-05-20 14:07:43','2025-05-20 14:07:43',NULL,'public'),(250,0,'7','7',10,'image/jpeg',9803,'customers/7.jpg','[]','2025-05-20 14:07:43','2025-05-20 14:07:43',NULL,'public'),(251,0,'8','8',10,'image/jpeg',9803,'customers/8.jpg','[]','2025-05-20 14:07:43','2025-05-20 14:07:43',NULL,'public'),(252,0,'9','9',10,'image/jpeg',9803,'customers/9.jpg','[]','2025-05-20 14:07:44','2025-05-20 14:07:44',NULL,'public'),(253,0,'1','1',11,'image/jpeg',9803,'galleries/1.jpg','[]','2025-05-20 14:07:49','2025-05-20 14:07:49',NULL,'public'),(254,0,'2','2',11,'image/jpeg',9803,'galleries/2.jpg','[]','2025-05-20 14:07:49','2025-05-20 14:07:49',NULL,'public'),(255,0,'3','3',11,'image/jpeg',9803,'galleries/3.jpg','[]','2025-05-20 14:07:49','2025-05-20 14:07:49',NULL,'public'),(256,0,'4','4',11,'image/jpeg',9803,'galleries/4.jpg','[]','2025-05-20 14:07:49','2025-05-20 14:07:49',NULL,'public'),(257,0,'5','5',11,'image/jpeg',9803,'galleries/5.jpg','[]','2025-05-20 14:07:49','2025-05-20 14:07:49',NULL,'public'),(258,0,'6','6',11,'image/jpeg',9803,'galleries/6.jpg','[]','2025-05-20 14:07:50','2025-05-20 14:07:50',NULL,'public'),(266,0,'avatar-1','avatar-1',13,'image/png',674,'testimonials/avatar-1.png','[]','2025-05-20 14:07:51','2025-05-20 14:07:51',NULL,'public'),(267,0,'avatar-2','avatar-2',13,'image/png',674,'testimonials/avatar-2.png','[]','2025-05-20 14:07:51','2025-05-20 14:07:51',NULL,'public'),(268,0,'avatar-3','avatar-3',13,'image/png',674,'testimonials/avatar-3.png','[]','2025-05-20 14:07:51','2025-05-20 14:07:51',NULL,'public'),(269,0,'team-1','team-1',13,'image/jpeg',6202,'testimonials/team-1.jpg','[]','2025-05-20 14:07:51','2025-05-20 14:07:51',NULL,'public'),(270,0,'team-2','team-2',13,'image/jpeg',6202,'testimonials/team-2.jpg','[]','2025-05-20 14:07:52','2025-05-20 14:07:52',NULL,'public'),(271,0,'team-3','team-3',13,'image/jpeg',6202,'testimonials/team-3.jpg','[]','2025-05-20 14:07:52','2025-05-20 14:07:52',NULL,'public'),(272,0,'team-4','team-4',13,'image/jpeg',6202,'testimonials/team-4.jpg','[]','2025-05-20 14:07:52','2025-05-20 14:07:52',NULL,'public'),(273,1,'article','article',0,'image/png',261811,'article.png','[]','2025-05-21 12:39:32','2025-05-21 12:39:32',NULL,'public'),(274,1,'Capture d\'écran 2025-05-21 145505','Capture d\'écran 2025-05-21 145505',0,'image/png',15728,'capture-decran-2025-05-21-145505.png','[]','2025-05-21 12:55:43','2025-05-21 12:55:43',NULL,'public'),(275,1,'home-8495378_1280','home-8495378_1280',0,'image/png',1328555,'home-8495378-1280.png','[]','2025-05-21 13:01:10','2025-05-21 13:01:10',NULL,'public'),(276,1,'OIP (10)','OIP (10)',0,'image/jpeg',25395,'oip-10.jpg','[]','2025-05-21 13:01:16','2025-05-21 13:01:16',NULL,'public'),(277,1,'13309a1b466102e84072852691f9123e','13309a1b466102e84072852691f9123e',0,'image/jpeg',114150,'13309a1b466102e84072852691f9123e.jpg','[]','2025-05-21 13:22:33','2025-05-21 13:22:33',NULL,'public'),(278,1,'OIP (11)','OIP (11)',0,'image/jpeg',210880,'oip-11.jpg','[]','2025-05-21 14:00:25','2025-05-21 14:00:25',NULL,'public'),(279,1,'set-de-3-espejos-circulares-natura-blanco','set-de-3-espejos-circulares-natura-blanco',0,'image/jpeg',41861,'set-de-3-espejos-circulares-natura-blanco.jpg','[]','2025-05-21 14:04:59','2025-05-21 14:04:59',NULL,'public'),(280,1,'lillehem-canape-dangle-modulable-2-places-vissle-beige-metal__1247089_pe922502_s5','lillehem-canape-dangle-modulable-2-places-vissle-beige-metal__1247089_pe922502_s5',0,'image/avif',58984,'lillehem-canape-dangle-modulable-2-places-vissle-beige-metal-1247089-pe922502-s5.avif','[]','2025-05-21 14:12:02','2025-05-21 14:12:02',NULL,'public'),(281,1,'lillehem-canape-dangle-modulable-2-places-vissle-beige-metal__1367776_ph184944_s5','lillehem-canape-dangle-modulable-2-places-vissle-beige-metal__1367776_ph184944_s5',0,'image/avif',79007,'lillehem-canape-dangle-modulable-2-places-vissle-beige-metal-1367776-ph184944-s5.avif','[]','2025-05-21 14:12:12','2025-05-21 14:12:12',NULL,'public'),(282,1,'lillehem-canape-dangle-modulable-2-places-vissle-beige-metal__1247179_pe922572_s5','lillehem-canape-dangle-modulable-2-places-vissle-beige-metal__1247179_pe922572_s5',0,'image/avif',43892,'lillehem-canape-dangle-modulable-2-places-vissle-beige-metal-1247179-pe922572-s5.avif','[]','2025-05-21 14:12:17','2025-05-21 14:12:17',NULL,'public'),(283,1,'rosenmandel-rideaux-assombrissants-2-pieces-jaune-beige-ruflette__1149270_pe887138_s5','rosenmandel-rideaux-assombrissants-2-pieces-jaune-beige-ruflette__1149270_pe887138_s5',0,'image/webp',43974,'rosenmandel-rideaux-assombrissants-2-pieces-jaune-beige-ruflette-1149270-pe887138-s5.webp','[]','2025-05-21 14:26:07','2025-05-21 14:26:07',NULL,'public'),(284,1,'rosenmandel-rideaux-assombrissants-2-pieces-jaune-beige-ruflette__1192424_ph191454_s5','rosenmandel-rideaux-assombrissants-2-pieces-jaune-beige-ruflette__1192424_ph191454_s5',0,'image/avif',61378,'rosenmandel-rideaux-assombrissants-2-pieces-jaune-beige-ruflette-1192424-ph191454-s5.avif','[]','2025-05-21 14:26:14','2025-05-21 14:26:14',NULL,'public'),(285,1,'stursk-horloge-murale-noir__0661138_pe711345_s5','stursk-horloge-murale-noir__0661138_pe711345_s5',0,'image/avif',16940,'stursk-horloge-murale-noir-0661138-pe711345-s5.avif','[]','2025-05-27 11:46:49','2025-05-27 11:46:49',NULL,'public'),(286,1,'stursk-horloge-murale-noir__0661136_pe711343_s5','stursk-horloge-murale-noir__0661136_pe711343_s5',0,'image/avif',20916,'stursk-horloge-murale-noir-0661136-pe711343-s5.avif','[]','2025-05-27 11:47:03','2025-05-27 11:47:03',NULL,'public'),(287,1,'stursk-horloge-murale-noir__1019406_ph168502_s5','stursk-horloge-murale-noir__1019406_ph168502_s5',0,'image/avif',83642,'stursk-horloge-murale-noir-1019406-ph168502-s5.avif','[]','2025-05-27 11:47:16','2025-05-27 11:47:16',NULL,'public'),(288,1,'sundsoe-table-2-chaises-pliantes-exterieur-orange-vif-orange-vif__1386975_pe964071_s5','sundsoe-table-2-chaises-pliantes-exterieur-orange-vif-orange-vif__1386975_pe964071_s5',0,'image/avif',159640,'sundsoe-table-2-chaises-pliantes-exterieur-orange-vif-orange-vif-1386975-pe964071-s5.avif','[]','2025-05-27 11:53:28','2025-05-27 11:53:28',NULL,'public'),(289,1,'sundsoe-table-2-chaises-pliantes-exterieur-orange-vif-orange-vif__1386976_pe964073_s5','sundsoe-table-2-chaises-pliantes-exterieur-orange-vif-orange-vif__1386976_pe964073_s5',0,'image/avif',253201,'sundsoe-table-2-chaises-pliantes-exterieur-orange-vif-orange-vif-1386976-pe964073-s5.avif','[]','2025-05-27 11:53:50','2025-05-27 11:53:50',NULL,'public'),(290,1,'sundsoe-table-2-chaises-pliantes-exterieur-orange-vif-orange-vif__1386972_pe964068_s5','sundsoe-table-2-chaises-pliantes-exterieur-orange-vif-orange-vif__1386972_pe964068_s5',0,'image/avif',171307,'sundsoe-table-2-chaises-pliantes-exterieur-orange-vif-orange-vif-1386972-pe964068-s5.avif','[]','2025-05-27 11:54:11','2025-05-27 11:54:11',NULL,'public'),(291,1,'fejka-plante-artificielle-interieur-exterieur__1034066_pe840177_s5','fejka-plante-artificielle-interieur-exterieur__1034066_pe840177_s5',0,'image/avif',80379,'fejka-plante-artificielle-interieur-exterieur-1034066-pe840177-s5.avif','[]','2025-05-27 11:59:06','2025-05-27 11:59:06',NULL,'public'),(292,1,'fejka-plante-artificielle-interieur-exterieur__1359727_pe954242_s5','fejka-plante-artificielle-interieur-exterieur__1359727_pe954242_s5',0,'image/avif',66380,'fejka-plante-artificielle-interieur-exterieur-1359727-pe954242-s5.avif','[]','2025-05-27 11:59:24','2025-05-27 11:59:24',NULL,'public'),(293,1,'fejka-plante-artificielle-interieur-exterieur__1342027_pe948980_s5','fejka-plante-artificielle-interieur-exterieur__1342027_pe948980_s5',0,'image/avif',89347,'fejka-plante-artificielle-interieur-exterieur-1342027-pe948980-s5.avif','[]','2025-05-27 11:59:38','2025-05-27 11:59:38',NULL,'public'),(294,1,'guldfly-housse-de-coussin-orange-rouge-orange__1157000_pe887431_s5','guldfly-housse-de-coussin-orange-rouge-orange__1157000_pe887431_s5',0,'image/avif',155081,'guldfly-housse-de-coussin-orange-rouge-orange-1157000-pe887431-s5.avif','[]','2025-05-27 12:03:58','2025-05-27 12:03:58',NULL,'public'),(295,1,'guldfly-housse-de-coussin-orange-rouge-orange__1157002_pe887433_s5','guldfly-housse-de-coussin-orange-rouge-orange__1157002_pe887433_s5',0,'image/webp',180190,'guldfly-housse-de-coussin-orange-rouge-orange-1157002-pe887433-s5.webp','[]','2025-05-27 12:04:13','2025-05-27 12:04:13',NULL,'public'),(296,1,'guldfly-housse-de-coussin-orange-rouge-orange__1174365_pe894431_s5','guldfly-housse-de-coussin-orange-rouge-orange__1174365_pe894431_s5',0,'image/avif',101196,'guldfly-housse-de-coussin-orange-rouge-orange-1174365-pe894431-s5.avif','[]','2025-05-27 12:04:19','2025-05-27 12:04:19',NULL,'public'),(297,1,'fejka-plante-artificielle-interieur-exterieur-monstera__0901230_pe687835_s5','fejka-plante-artificielle-interieur-exterieur-monstera__0901230_pe687835_s5',0,'image/avif',35451,'fejka-plante-artificielle-interieur-exterieur-monstera-0901230-pe687835-s5.avif','[]','2025-05-27 14:38:46','2025-05-27 14:38:46',NULL,'public'),(298,1,'fejka-plante-artificielle-interieur-exterieur-monstera__0901232_pe689306_s5','fejka-plante-artificielle-interieur-exterieur-monstera__0901232_pe689306_s5',0,'image/avif',158322,'fejka-plante-artificielle-interieur-exterieur-monstera-0901232-pe689306-s5.avif','[]','2025-05-27 14:38:53','2025-05-27 14:38:53',NULL,'public'),(299,1,'fejka-plante-artificielle-interieur-exterieur-chaine-de-bananes-a-accrocher__1034087_pe840198_s5','fejka-plante-artificielle-interieur-exterieur-chaine-de-bananes-a-accrocher__1034087_pe840198_s5',0,'image/avif',45994,'fejka-plante-artificielle-interieur-exterieur-chaine-de-bananes-a-accrocher-1034087-pe840198-s5.avif','[]','2025-05-27 14:41:04','2025-05-27 14:41:04',NULL,'public'),(300,1,'fejka-plante-artificielle-interieur-exterieur-chaine-de-bananes-a-accrocher__1034088_pe840199_s5','fejka-plante-artificielle-interieur-exterieur-chaine-de-bananes-a-accrocher__1034088_pe840199_s5',0,'image/avif',56974,'fejka-plante-artificielle-interieur-exterieur-chaine-de-bananes-a-accrocher-1034088-pe840199-s5.avif','[]','2025-05-27 14:41:12','2025-05-27 14:41:12',NULL,'public'),(301,1,'fejka-plante-artificielle-interieur-exterieur-cactus__1342000_pe948960_s5','fejka-plante-artificielle-interieur-exterieur-cactus__1342000_pe948960_s5',0,'image/avif',88423,'fejka-plante-artificielle-interieur-exterieur-cactus-1342000-pe948960-s5.avif','[]','2025-05-27 14:43:34','2025-05-27 14:43:34',NULL,'public'),(302,1,'fejka-plante-artificielle-interieur-exterieur-cactus__1368362_pe957730_s5','fejka-plante-artificielle-interieur-exterieur-cactus__1368362_pe957730_s5',0,'image/avif',43493,'fejka-plante-artificielle-interieur-exterieur-cactus-1368362-pe957730-s5.avif','[]','2025-05-27 14:43:40','2025-05-27 14:43:40',NULL,'public'),(303,1,'fejka-plante-artificielle-interieur-exterieur-cactus__1389368_pe965194_s5','fejka-plante-artificielle-interieur-exterieur-cactus__1389368_pe965194_s5',0,'image/avif',31733,'fejka-plante-artificielle-interieur-exterieur-cactus-1389368-pe965194-s5.avif','[]','2025-05-27 14:43:46','2025-05-27 14:43:46',NULL,'public'),(304,1,'fejka-plante-artificielle-orchidee-blanc__0771125_pe755671_s5','fejka-plante-artificielle-orchidee-blanc__0771125_pe755671_s5',0,'image/avif',28995,'fejka-plante-artificielle-orchidee-blanc-0771125-pe755671-s5.avif','[]','2025-05-27 14:48:47','2025-05-27 14:48:47',NULL,'public'),(305,1,'fejka-plante-artificielle-orchidee-blanc__0748887_pe745276_s5','fejka-plante-artificielle-orchidee-blanc__0748887_pe745276_s5',0,'image/avif',38460,'fejka-plante-artificielle-orchidee-blanc-0748887-pe745276-s5.avif','[]','2025-05-27 14:48:53','2025-05-27 14:48:53',NULL,'public'),(306,1,'fejka-plante-artificielle-orchidee-blanc__0771126_pe755670_s5','fejka-plante-artificielle-orchidee-blanc__0771126_pe755670_s5',0,'image/avif',21116,'fejka-plante-artificielle-orchidee-blanc-0771126-pe755670-s5.avif','[]','2025-05-27 14:48:58','2025-05-27 14:48:58',NULL,'public'),(307,1,'fejka-plante-artificielle-interieur-exterieur-areca__1034054_pe840165_s5','fejka-plante-artificielle-interieur-exterieur-areca__1034054_pe840165_s5',0,'image/avif',101569,'fejka-plante-artificielle-interieur-exterieur-areca-1034054-pe840165-s5.avif','[]','2025-05-27 14:50:37','2025-05-27 14:50:37',NULL,'public'),(308,1,'fejka-plante-artificielle-interieur-exterieur-areca__1034055_pe840166_s5','fejka-plante-artificielle-interieur-exterieur-areca__1034055_pe840166_s5',0,'image/avif',56828,'fejka-plante-artificielle-interieur-exterieur-areca-1034055-pe840166-s5.avif','[]','2025-05-27 14:50:45','2025-05-27 14:50:45',NULL,'public'),(309,1,'fejka-plante-artificielle-interieur-exterieur-lavande__1389369_pe965193_s5','fejka-plante-artificielle-interieur-exterieur-lavande__1389369_pe965193_s5',0,'image/avif',91186,'fejka-plante-artificielle-interieur-exterieur-lavande-1389369-pe965193-s5.avif','[]','2025-05-27 14:53:49','2025-05-27 14:53:49',NULL,'public'),(310,1,'fejka-plante-artificielle-interieur-exterieur-lavande__1342007_pe948967_s5','fejka-plante-artificielle-interieur-exterieur-lavande__1342007_pe948967_s5',0,'image/avif',111862,'fejka-plante-artificielle-interieur-exterieur-lavande-1342007-pe948967-s5.avif','[]','2025-05-27 14:53:55','2025-05-27 14:53:55',NULL,'public');
/*!40000 ALTER TABLE `media_files` ENABLE KEYS */;
UNLOCK TABLES;

--
-- Table structure for table `media_folders`
--

DROP TABLE IF EXISTS `media_folders`;
/*!40101 SET @saved_cs_client     = @@character_set_client */;
/*!40101 SET character_set_client = utf8 */;
CREATE TABLE `media_folders` (
  `id` bigint(20) unsigned NOT NULL AUTO_INCREMENT,
  `user_id` bigint(20) unsigned NOT NULL,
  `name` varchar(191) DEFAULT NULL,
  `color` varchar(191) DEFAULT NULL,
  `slug` varchar(191) DEFAULT NULL,
  `parent_id` bigint(20) unsigned NOT NULL DEFAULT 0,
  `created_at` timestamp NULL DEFAULT NULL,
  `updated_at` timestamp NULL DEFAULT NULL,
  `deleted_at` timestamp NULL DEFAULT NULL,
  PRIMARY KEY (`id`),
  KEY `media_folders_user_id_index` (`user_id`),
  KEY `media_folders_index` (`parent_id`,`user_id`,`created_at`)
) ENGINE=InnoDB AUTO_INCREMENT=14 DEFAULT CHARSET=utf8mb4 COLLATE=utf8mb4_unicode_ci;
/*!40101 SET character_set_client = @saved_cs_client */;

--
-- Dumping data for table `media_folders`
--

LOCK TABLES `media_folders` WRITE;
/*!40000 ALTER TABLE `media_folders` DISABLE KEYS */;
INSERT INTO `media_folders` VALUES (1,0,'general',NULL,'general',0,'2025-05-20 14:06:43','2025-05-20 14:06:43',NULL),(2,0,'blog',NULL,'blog',0,'2025-05-20 14:06:47','2025-05-20 14:06:47',NULL),(3,0,'shop',NULL,'shop',0,'2025-05-20 14:06:52','2025-05-20 14:06:52',NULL),(4,0,'banners',NULL,'banners',0,'2025-05-20 14:06:55','2025-05-20 14:06:55',NULL),(5,0,'icons',NULL,'icons',0,'2025-05-20 14:07:00','2025-05-20 14:07:00',NULL),(6,0,'sliders',NULL,'sliders',0,'2025-05-20 14:07:03','2025-05-20 14:07:03',NULL),(7,0,'brands',NULL,'brands',0,'2025-05-20 14:07:08','2025-05-20 14:07:08',NULL),(8,0,'features',NULL,'features',0,'2025-05-20 14:07:10','2025-05-20 14:07:10',NULL),(9,0,'products',NULL,'products',0,'2025-05-20 14:07:12','2025-05-20 14:07:12',NULL),(10,0,'customers',NULL,'customers',0,'2025-05-20 14:07:42','2025-05-20 14:07:42',NULL),(11,0,'galleries',NULL,'galleries',0,'2025-05-20 14:07:49','2025-05-20 14:07:49',NULL),(13,0,'testimonials',NULL,'testimonials',0,'2025-05-20 14:07:51','2025-05-20 14:07:51',NULL);
/*!40000 ALTER TABLE `media_folders` ENABLE KEYS */;
UNLOCK TABLES;

--
-- Table structure for table `media_settings`
--

DROP TABLE IF EXISTS `media_settings`;
/*!40101 SET @saved_cs_client     = @@character_set_client */;
/*!40101 SET character_set_client = utf8 */;
CREATE TABLE `media_settings` (
  `id` bigint(20) unsigned NOT NULL AUTO_INCREMENT,
  `key` varchar(120) NOT NULL,
  `value` text DEFAULT NULL,
  `media_id` bigint(20) unsigned DEFAULT NULL,
  `user_id` bigint(20) unsigned DEFAULT NULL,
  `created_at` timestamp NULL DEFAULT NULL,
  `updated_at` timestamp NULL DEFAULT NULL,
  PRIMARY KEY (`id`)
) ENGINE=InnoDB DEFAULT CHARSET=utf8mb4 COLLATE=utf8mb4_unicode_ci;
/*!40101 SET character_set_client = @saved_cs_client */;

--
-- Dumping data for table `media_settings`
--

LOCK TABLES `media_settings` WRITE;
/*!40000 ALTER TABLE `media_settings` DISABLE KEYS */;
/*!40000 ALTER TABLE `media_settings` ENABLE KEYS */;
UNLOCK TABLES;

--
-- Table structure for table `menu_locations`
--

DROP TABLE IF EXISTS `menu_locations`;
/*!40101 SET @saved_cs_client     = @@character_set_client */;
/*!40101 SET character_set_client = utf8 */;
CREATE TABLE `menu_locations` (
  `id` bigint(20) unsigned NOT NULL AUTO_INCREMENT,
  `menu_id` bigint(20) unsigned NOT NULL,
  `location` varchar(191) NOT NULL,
  `created_at` timestamp NULL DEFAULT NULL,
  `updated_at` timestamp NULL DEFAULT NULL,
  PRIMARY KEY (`id`),
  KEY `menu_locations_menu_id_created_at_index` (`menu_id`,`created_at`)
) ENGINE=InnoDB AUTO_INCREMENT=5 DEFAULT CHARSET=utf8mb4 COLLATE=utf8mb4_unicode_ci;
/*!40101 SET character_set_client = @saved_cs_client */;

--
-- Dumping data for table `menu_locations`
--

LOCK TABLES `menu_locations` WRITE;
/*!40000 ALTER TABLE `menu_locations` DISABLE KEYS */;
INSERT INTO `menu_locations` VALUES (1,1,'main-menu','2025-05-20 14:07:48','2025-05-20 14:07:48'),(2,2,'information','2025-05-20 14:07:48','2025-05-20 14:07:48'),(3,3,'my-account','2025-05-20 14:07:48','2025-05-20 14:07:48'),(4,4,'social-network','2025-05-20 14:07:48','2025-05-20 14:07:48');
/*!40000 ALTER TABLE `menu_locations` ENABLE KEYS */;
UNLOCK TABLES;

--
-- Table structure for table `menu_nodes`
--

DROP TABLE IF EXISTS `menu_nodes`;
/*!40101 SET @saved_cs_client     = @@character_set_client */;
/*!40101 SET character_set_client = utf8 */;
CREATE TABLE `menu_nodes` (
  `id` bigint(20) unsigned NOT NULL AUTO_INCREMENT,
  `menu_id` bigint(20) unsigned NOT NULL,
  `parent_id` bigint(20) unsigned NOT NULL DEFAULT 0,
  `reference_id` bigint(20) unsigned DEFAULT NULL,
  `reference_type` varchar(191) DEFAULT NULL,
  `url` varchar(191) DEFAULT NULL,
  `icon_font` varchar(191) DEFAULT NULL,
  `position` tinyint(3) unsigned NOT NULL DEFAULT 0,
  `title` varchar(191) DEFAULT NULL,
  `css_class` varchar(191) DEFAULT NULL,
  `target` varchar(20) NOT NULL DEFAULT '_self',
  `has_child` tinyint(3) unsigned NOT NULL DEFAULT 0,
  `created_at` timestamp NULL DEFAULT NULL,
  `updated_at` timestamp NULL DEFAULT NULL,
  PRIMARY KEY (`id`),
  KEY `menu_nodes_menu_id_index` (`menu_id`),
  KEY `menu_nodes_parent_id_index` (`parent_id`),
  KEY `reference_id` (`reference_id`),
  KEY `reference_type` (`reference_type`)
) ENGINE=InnoDB AUTO_INCREMENT=40 DEFAULT CHARSET=utf8mb4 COLLATE=utf8mb4_unicode_ci;
/*!40101 SET character_set_client = @saved_cs_client */;

--
-- Dumping data for table `menu_nodes`
--

LOCK TABLES `menu_nodes` WRITE;
/*!40000 ALTER TABLE `menu_nodes` DISABLE KEYS */;
INSERT INTO `menu_nodes` VALUES (1,1,0,NULL,NULL,'/',NULL,0,'Home',NULL,'_self',1,'2025-05-20 14:07:48','2025-05-20 14:07:48'),(2,1,1,1,'Botble\\Page\\Models\\Page','/',NULL,0,'Wooden Home',NULL,'_self',0,'2025-05-20 14:07:48','2025-05-20 14:07:48'),(3,1,1,2,'Botble\\Page\\Models\\Page','/fashion-home',NULL,0,'Fashion Home',NULL,'_self',0,'2025-05-20 14:07:48','2025-05-20 14:07:48'),(4,1,1,3,'Botble\\Page\\Models\\Page','/furniture-home',NULL,0,'Furniture Home',NULL,'_self',0,'2025-05-20 14:07:48','2025-05-20 14:07:48'),(5,1,1,4,'Botble\\Page\\Models\\Page','/cosmetics-home',NULL,0,'Cosmetics Home',NULL,'_self',0,'2025-05-20 14:07:48','2025-05-20 14:07:48'),(6,1,1,5,'Botble\\Page\\Models\\Page','/food-grocery-home',NULL,0,'Food Grocery',NULL,'_self',0,'2025-05-20 14:07:48','2025-05-20 14:07:48'),(7,1,0,NULL,NULL,'/',NULL,0,'Shop',NULL,'_self',1,'2025-05-20 14:07:48','2025-05-20 14:07:48'),(8,1,7,NULL,NULL,'/products',NULL,0,'Shop Grid',NULL,'_self',0,'2025-05-20 14:07:48','2025-05-20 14:07:48'),(9,1,7,NULL,NULL,'/products?layout=list',NULL,0,'Shop List',NULL,'_self',0,'2025-05-20 14:07:48','2025-05-20 14:07:48'),(10,1,7,NULL,NULL,'',NULL,0,'Shop Detail',NULL,'_self',0,'2025-05-20 14:07:48','2025-05-20 14:07:48'),(11,1,7,10,'Botble\\Page\\Models\\Page','/store-locator',NULL,0,'Shop Location',NULL,'_self',0,'2025-05-20 14:07:48','2025-05-20 14:07:48'),(12,1,7,NULL,NULL,'/cart',NULL,0,'Cart',NULL,'_self',0,'2025-05-20 14:07:48','2025-05-20 14:07:48'),(13,1,7,NULL,NULL,'/wishlist',NULL,0,'Wishlist',NULL,'_self',0,'2025-05-20 14:07:48','2025-05-20 14:07:48'),(14,1,0,NULL,NULL,'/',NULL,0,'Pages',NULL,'_self',1,'2025-05-20 14:07:48','2025-05-20 14:07:48'),(15,1,14,NULL,NULL,'/orders/tracking',NULL,0,'Order Tracking',NULL,'_self',0,'2025-05-20 14:07:48','2025-05-20 14:07:48'),(16,1,14,7,'Botble\\Page\\Models\\Page','/about',NULL,0,'About',NULL,'_self',0,'2025-05-20 14:07:48','2025-05-20 14:07:48'),(17,1,14,NULL,NULL,'/register',NULL,0,'Sign up',NULL,'_self',0,'2025-05-20 14:07:48','2025-05-20 14:07:48'),(18,1,14,NULL,NULL,'/login',NULL,0,'Login',NULL,'_self',0,'2025-05-20 14:07:48','2025-05-20 14:07:48'),(19,1,14,NULL,NULL,'/404',NULL,0,'404 / Error',NULL,'_self',0,'2025-05-20 14:07:48','2025-05-20 14:07:48'),(20,1,14,9,'Botble\\Page\\Models\\Page','/coming-soon',NULL,0,'Coming soon',NULL,'_self',0,'2025-05-20 14:07:48','2025-05-20 14:07:48'),(21,1,0,NULL,NULL,'/',NULL,0,'Blog',NULL,'_self',1,'2025-05-20 14:07:48','2025-05-20 14:07:48'),(22,1,21,6,'Botble\\Page\\Models\\Page','/blog',NULL,0,'Blog',NULL,'_self',0,'2025-05-20 14:07:48','2025-05-20 14:07:48'),(23,1,21,NULL,NULL,'',NULL,0,'Blog Detail',NULL,'_self',0,'2025-05-20 14:07:48','2025-05-20 14:07:48'),(24,1,0,8,'Botble\\Page\\Models\\Page','/contact',NULL,0,'Contact',NULL,'_self',0,'2025-05-20 14:07:48','2025-05-20 14:07:48'),(25,2,0,NULL,NULL,'/',NULL,1,'Custom Service',NULL,'_self',0,'2025-05-20 14:07:48','2025-05-20 14:07:48'),(26,2,0,11,'Botble\\Page\\Models\\Page','/faqs',NULL,1,'FAQs',NULL,'_self',0,'2025-05-20 14:07:48','2025-05-20 14:07:48'),(27,2,0,NULL,NULL,'orders/tracking',NULL,1,'Order Tracking',NULL,'_self',0,'2025-05-20 14:07:48','2025-05-20 14:07:48'),(28,2,0,8,'Botble\\Page\\Models\\Page','/contact',NULL,1,'Contact',NULL,'_self',0,'2025-05-20 14:07:48','2025-05-20 14:07:48'),(29,2,0,NULL,NULL,'/',NULL,1,'Events',NULL,'_self',0,'2025-05-20 14:07:48','2025-05-20 14:07:48'),(30,3,0,NULL,NULL,'/',NULL,2,'Delivery Information',NULL,'_self',0,'2025-05-20 14:07:48','2025-05-20 14:07:48'),(31,3,0,NULL,NULL,'/',NULL,2,'Privacy Policy',NULL,'_self',0,'2025-05-20 14:07:48','2025-05-20 14:07:48'),(32,3,0,NULL,NULL,'/',NULL,2,'Discount',NULL,'_self',0,'2025-05-20 14:07:48','2025-05-20 14:07:48'),(33,3,0,NULL,NULL,'/',NULL,2,'Custom Service',NULL,'_self',0,'2025-05-20 14:07:48','2025-05-20 14:07:48'),(34,3,0,NULL,NULL,'/',NULL,2,'Terms & Condition',NULL,'_self',0,'2025-05-20 14:07:48','2025-05-20 14:07:48'),(35,4,0,NULL,NULL,'https://facebook.com','ti ti-brand-facebook',3,'Facebook',NULL,'_self',0,'2025-05-20 14:07:48','2025-05-20 14:07:48'),(36,4,0,NULL,NULL,'https://dribbble.com','ti ti-brand-dribbble',3,'Dribble',NULL,'_self',0,'2025-05-20 14:07:48','2025-05-20 14:07:48'),(37,4,0,NULL,NULL,'https://x.com','ti ti-brand-x',3,'X (Twitter)',NULL,'_self',0,'2025-05-20 14:07:48','2025-05-20 14:07:48'),(38,4,0,NULL,NULL,'https://behance.com','ti ti-brand-behance',3,'Behance',NULL,'_self',0,'2025-05-20 14:07:48','2025-05-20 14:07:48'),(39,4,0,NULL,NULL,'https://youtube.com','ti ti-brand-youtube',3,'YouTube',NULL,'_self',0,'2025-05-20 14:07:48','2025-05-20 14:07:48');
/*!40000 ALTER TABLE `menu_nodes` ENABLE KEYS */;
UNLOCK TABLES;

--
-- Table structure for table `menus`
--

DROP TABLE IF EXISTS `menus`;
/*!40101 SET @saved_cs_client     = @@character_set_client */;
/*!40101 SET character_set_client = utf8 */;
CREATE TABLE `menus` (
  `id` bigint(20) unsigned NOT NULL AUTO_INCREMENT,
  `name` varchar(120) NOT NULL,
  `slug` varchar(120) DEFAULT NULL,
  `status` varchar(60) NOT NULL DEFAULT 'published',
  `created_at` timestamp NULL DEFAULT NULL,
  `updated_at` timestamp NULL DEFAULT NULL,
  PRIMARY KEY (`id`),
  UNIQUE KEY `menus_slug_unique` (`slug`)
) ENGINE=InnoDB AUTO_INCREMENT=5 DEFAULT CHARSET=utf8mb4 COLLATE=utf8mb4_unicode_ci;
/*!40101 SET character_set_client = @saved_cs_client */;

--
-- Dumping data for table `menus`
--

LOCK TABLES `menus` WRITE;
/*!40000 ALTER TABLE `menus` DISABLE KEYS */;
INSERT INTO `menus` VALUES (1,'Main menu','main-menu','published','2025-05-20 14:07:48','2025-05-20 14:07:48'),(2,'Information','information','published','2025-05-20 14:07:48','2025-05-20 14:07:48'),(3,'My Account','my-account','published','2025-05-20 14:07:48','2025-05-20 14:07:48'),(4,'Social Network','social-network','published','2025-05-20 14:07:48','2025-05-20 14:07:48');
/*!40000 ALTER TABLE `menus` ENABLE KEYS */;
UNLOCK TABLES;

--
-- Table structure for table `meta_boxes`
--

DROP TABLE IF EXISTS `meta_boxes`;
/*!40101 SET @saved_cs_client     = @@character_set_client */;
/*!40101 SET character_set_client = utf8 */;
CREATE TABLE `meta_boxes` (
  `id` bigint(20) unsigned NOT NULL AUTO_INCREMENT,
  `meta_key` varchar(191) NOT NULL,
  `meta_value` text DEFAULT NULL,
  `reference_id` bigint(20) unsigned NOT NULL,
  `reference_type` varchar(120) NOT NULL,
  `created_at` timestamp NULL DEFAULT NULL,
  `updated_at` timestamp NULL DEFAULT NULL,
  PRIMARY KEY (`id`),
  KEY `meta_boxes_reference_id_index` (`reference_id`)
) ENGINE=InnoDB AUTO_INCREMENT=247 DEFAULT CHARSET=utf8mb4 COLLATE=utf8mb4_unicode_ci;
/*!40101 SET character_set_client = @saved_cs_client */;

--
-- Dumping data for table `meta_boxes`
--

LOCK TABLES `meta_boxes` WRITE;
/*!40000 ALTER TABLE `meta_boxes` DISABLE KEYS */;
INSERT INTO `meta_boxes` VALUES (1,'header_style','[\"collapsed\"]',1,'Botble\\Page\\Models\\Page','2025-05-20 14:06:55','2025-05-20 14:06:55'),(2,'customize_footer','[\"custom\"]',2,'Botble\\Page\\Models\\Page','2025-05-20 14:06:55','2025-05-20 14:06:55'),(3,'footer_background_color','[\"#040404\"]',2,'Botble\\Page\\Models\\Page','2025-05-20 14:06:55','2025-05-20 14:06:55'),(4,'footer_text_color','[\"#fff\"]',2,'Botble\\Page\\Models\\Page','2025-05-20 14:06:55','2025-05-20 14:06:55'),(5,'footer_text_muted_color','[\"#a0a0a0\"]',2,'Botble\\Page\\Models\\Page','2025-05-20 14:06:55','2025-05-20 14:06:55'),(6,'footer_logo','[\"general\\/logo-white.png\"]',2,'Botble\\Page\\Models\\Page','2025-05-20 14:06:55','2025-05-20 14:06:55'),(7,'footer_border_color','[\"#282828\"]',2,'Botble\\Page\\Models\\Page','2025-05-20 14:06:55','2025-05-20 14:06:55'),(8,'footer_bottom_background_color','[\"#040404\"]',2,'Botble\\Page\\Models\\Page','2025-05-20 14:06:55','2025-05-20 14:06:55'),(9,'customize_footer','[\"custom\"]',3,'Botble\\Page\\Models\\Page','2025-05-20 14:06:55','2025-05-20 14:06:55'),(10,'footer_bottom_background_color','[\"#f8f8f8\"]',3,'Botble\\Page\\Models\\Page','2025-05-20 14:06:55','2025-05-20 14:06:55'),(11,'header_style','[\"centered-logo\"]',4,'Botble\\Page\\Models\\Page','2025-05-20 14:06:55','2025-05-20 14:06:55'),(12,'customize_footer','[\"custom\"]',4,'Botble\\Page\\Models\\Page','2025-05-20 14:06:55','2025-05-20 14:06:55'),(13,'footer_background_color','[\"#F7EFEC\"]',4,'Botble\\Page\\Models\\Page','2025-05-20 14:06:55','2025-05-20 14:06:55'),(14,'footer_bottom_background_color','[\"#F7EFEC\"]',4,'Botble\\Page\\Models\\Page','2025-05-20 14:06:55','2025-05-20 14:06:55'),(15,'customize_footer','[\"custom\"]',5,'Botble\\Page\\Models\\Page','2025-05-20 14:06:55','2025-05-20 14:06:55'),(16,'footer_background_color','[\"#F7EFEC\"]',5,'Botble\\Page\\Models\\Page','2025-05-20 14:06:55','2025-05-20 14:06:55'),(17,'footer_bottom_background_color','[\"#F7EFEC\"]',5,'Botble\\Page\\Models\\Page','2025-05-20 14:06:55','2025-05-20 14:06:55'),(18,'customize_footer','[\"custom\"]',7,'Botble\\Page\\Models\\Page','2025-05-20 14:06:55','2025-05-20 14:06:55'),(19,'footer_background_color','[\"#040404\"]',7,'Botble\\Page\\Models\\Page','2025-05-20 14:06:55','2025-05-20 14:06:55'),(20,'footer_text_color','[\"#fff\"]',7,'Botble\\Page\\Models\\Page','2025-05-20 14:06:55','2025-05-20 14:06:55'),(21,'footer_text_muted_color','[\"#a0a0a0\"]',7,'Botble\\Page\\Models\\Page','2025-05-20 14:06:55','2025-05-20 14:06:55'),(22,'footer_logo','[\"general\\/logo-white.png\"]',7,'Botble\\Page\\Models\\Page','2025-05-20 14:06:55','2025-05-20 14:06:55'),(23,'footer_border_color','[\"#282828\"]',7,'Botble\\Page\\Models\\Page','2025-05-20 14:06:55','2025-05-20 14:06:55'),(24,'footer_bottom_background_color','[\"#040404\"]',7,'Botble\\Page\\Models\\Page','2025-05-20 14:06:55','2025-05-20 14:06:55'),(25,'subtitle','[\"Accessories\"]',1,'Botble\\SimpleSlider\\Models\\SimpleSliderItem','2025-05-20 14:07:07','2025-05-20 14:07:07'),(26,'action_label','[\"Shop Now\"]',1,'Botble\\SimpleSlider\\Models\\SimpleSliderItem','2025-05-20 14:07:07','2025-05-20 14:07:07'),(27,'subtitle','[\"Accessories\"]',2,'Botble\\SimpleSlider\\Models\\SimpleSliderItem','2025-05-20 14:07:07','2025-05-20 14:07:07'),(28,'action_label','[\"Shop Now\"]',2,'Botble\\SimpleSlider\\Models\\SimpleSliderItem','2025-05-20 14:07:07','2025-05-20 14:07:07'),(29,'subtitle','[\"Accessories\"]',3,'Botble\\SimpleSlider\\Models\\SimpleSliderItem','2025-05-20 14:07:07','2025-05-20 14:07:07'),(30,'action_label','[\"Shop Now\"]',3,'Botble\\SimpleSlider\\Models\\SimpleSliderItem','2025-05-20 14:07:07','2025-05-20 14:07:07'),(31,'subtitle','[\"Winter\"]',4,'Botble\\SimpleSlider\\Models\\SimpleSliderItem','2025-05-20 14:07:07','2025-05-20 14:07:07'),(32,'action_label','[\"Shop Now\"]',4,'Botble\\SimpleSlider\\Models\\SimpleSliderItem','2025-05-20 14:07:07','2025-05-20 14:07:07'),(33,'subtitle','[\"Winter\"]',5,'Botble\\SimpleSlider\\Models\\SimpleSliderItem','2025-05-20 14:07:07','2025-05-20 14:07:07'),(34,'action_label','[\"Shop Now\"]',5,'Botble\\SimpleSlider\\Models\\SimpleSliderItem','2025-05-20 14:07:07','2025-05-20 14:07:07'),(35,'subtitle','[\"Winter\"]',6,'Botble\\SimpleSlider\\Models\\SimpleSliderItem','2025-05-20 14:07:07','2025-05-20 14:07:07'),(36,'action_label','[\"Shop Now\"]',6,'Botble\\SimpleSlider\\Models\\SimpleSliderItem','2025-05-20 14:07:07','2025-05-20 14:07:07'),(37,'subtitle','[null]',7,'Botble\\SimpleSlider\\Models\\SimpleSliderItem','2025-05-20 14:07:07','2025-05-20 14:07:07'),(38,'action_label','[\"Shop Now\"]',7,'Botble\\SimpleSlider\\Models\\SimpleSliderItem','2025-05-20 14:07:07','2025-05-20 14:07:07'),(39,'subtitle','[\"New Modern Stylist Fashionable Women\'s Wear holder\"]',8,'Botble\\SimpleSlider\\Models\\SimpleSliderItem','2025-05-20 14:07:07','2025-05-20 14:07:07'),(40,'action_label','[\"Shop Now\"]',8,'Botble\\SimpleSlider\\Models\\SimpleSliderItem','2025-05-20 14:07:07','2025-05-20 14:07:07'),(41,'subtitle','[\"New Modern Stylist Fashionable Women\'s Wear holder\"]',9,'Botble\\SimpleSlider\\Models\\SimpleSliderItem','2025-05-20 14:07:07','2025-05-20 14:07:07'),(42,'action_label','[\"Shop Now\"]',9,'Botble\\SimpleSlider\\Models\\SimpleSliderItem','2025-05-20 14:07:07','2025-05-20 14:07:07'),(43,'subtitle','[null]',10,'Botble\\SimpleSlider\\Models\\SimpleSliderItem','2025-05-20 14:07:07','2025-05-20 14:07:07'),(44,'action_label','[\"Shop Now\"]',10,'Botble\\SimpleSlider\\Models\\SimpleSliderItem','2025-05-20 14:07:07','2025-05-20 14:07:07'),(45,'subtitle','[null]',11,'Botble\\SimpleSlider\\Models\\SimpleSliderItem','2025-05-20 14:07:07','2025-05-20 14:07:07'),(46,'action_label','[\"Shop Now\"]',11,'Botble\\SimpleSlider\\Models\\SimpleSliderItem','2025-05-20 14:07:07','2025-05-20 14:07:07'),(47,'subtitle','[null]',12,'Botble\\SimpleSlider\\Models\\SimpleSliderItem','2025-05-20 14:07:07','2025-05-20 14:07:07'),(48,'action_label','[\"Shop Now\"]',12,'Botble\\SimpleSlider\\Models\\SimpleSliderItem','2025-05-20 14:07:07','2025-05-20 14:07:07'),(49,'subtitle','[null]',13,'Botble\\SimpleSlider\\Models\\SimpleSliderItem','2025-05-20 14:07:07','2025-05-20 14:07:07'),(50,'action_label','[\"Shop Now\"]',13,'Botble\\SimpleSlider\\Models\\SimpleSliderItem','2025-05-20 14:07:07','2025-05-20 14:07:07'),(51,'subtitle','[null]',14,'Botble\\SimpleSlider\\Models\\SimpleSliderItem','2025-05-20 14:07:07','2025-05-20 14:07:07'),(52,'action_label','[\"Shop Now\"]',14,'Botble\\SimpleSlider\\Models\\SimpleSliderItem','2025-05-20 14:07:07','2025-05-20 14:07:07'),(53,'subtitle','[null]',15,'Botble\\SimpleSlider\\Models\\SimpleSliderItem','2025-05-20 14:07:07','2025-05-20 14:07:07'),(54,'action_label','[\"Shop Now\"]',15,'Botble\\SimpleSlider\\Models\\SimpleSliderItem','2025-05-20 14:07:07','2025-05-20 14:07:07'),(55,'subtitle','[\"Collection\"]',3,'Botble\\Ads\\Models\\Ads','2025-05-20 14:07:08','2025-05-20 14:07:08'),(56,'subtitle','[\"New Modern Stylist Fashionable <br> Women\'s Wear holder\"]',4,'Botble\\Ads\\Models\\Ads','2025-05-20 14:07:08','2025-05-20 14:07:08'),(57,'subtitle','[\"Furniture\"]',5,'Botble\\Ads\\Models\\Ads','2025-05-20 14:07:08','2025-05-20 14:07:08'),(58,'subtitle','[\"100 Added\"]',6,'Botble\\Ads\\Models\\Ads','2025-05-20 14:07:08','2025-05-20 14:07:08'),(59,'subtitle','[\"-60% Offer\"]',7,'Botble\\Ads\\Models\\Ads','2025-05-20 14:07:08','2025-05-20 14:07:08'),(60,'subtitle','[\"Best Bakery Products\"]',8,'Botble\\Ads\\Models\\Ads','2025-05-20 14:07:08','2025-05-20 14:07:08'),(61,'subtitle','[\"Best Bakery Products\"]',9,'Botble\\Ads\\Models\\Ads','2025-05-20 14:07:08','2025-05-20 14:07:08'),(62,'faq_schema_config','[[[{\"key\":\"question\",\"value\":\"What Shipping Methods Are Available?\"},{\"key\":\"answer\",\"value\":\"Ex Portland Pitchfork irure mustache. Eutra fap before they sold out literally. Aliquip ugh bicycle rights actually mlkshk, seitan squid craft beer tempor.\"}],[{\"key\":\"question\",\"value\":\"Do You Ship Internationally?\"},{\"key\":\"answer\",\"value\":\"Hoodie tote bag mixtape tofu. Typewriter jean shorts wolf quinoa, messenger bag organic freegan cray.\"}],[{\"key\":\"question\",\"value\":\"How Long Will It Take To Get My Package?\"},{\"key\":\"answer\",\"value\":\"Swag slow-carb quinoa VHS typewriter pork belly brunch, paleo single-origin coffee Wes Anderson. Flexitarian Pitchfork forage, literally paleo fap pour-over. Wes Anderson Pinterest YOLO fanny pack meggings, deep v XOXO chambray sustainable slow-carb raw denim church-key fap chillwave Etsy. +1 typewriter kitsch, American Apparel tofu Banksy Vice.\"}],[{\"key\":\"question\",\"value\":\"What Payment Methods Are Accepted?\"},{\"key\":\"answer\",\"value\":\"Fashion axe DIY jean shorts, swag kale chips meh polaroid kogi butcher Wes Anderson chambray next level semiotics gentrify yr. Voluptate photo booth fugiat Vice. Austin sed Williamsburg, ea labore raw denim voluptate cred proident mixtape excepteur mustache. Twee chia photo booth readymade food truck, hoodie roof party swag keytar PBR DIY.\"}],[{\"key\":\"question\",\"value\":\"Is Buying On-Line Safe?\"},{\"key\":\"answer\",\"value\":\"Art party authentic freegan semiotics jean shorts chia cred. Neutra Austin roof party Brooklyn, synth Thundercats swag 8-bit photo booth. Plaid letterpress leggings craft beer meh ethical Pinterest.\"}]]]',1,'Botble\\Ecommerce\\Models\\Product','2025-05-20 14:07:32','2025-05-20 14:07:32'),(63,'faq_schema_config','[[[{\"key\":\"question\",\"value\":\"What Shipping Methods Are Available?\"},{\"key\":\"answer\",\"value\":\"Ex Portland Pitchfork irure mustache. Eutra fap before they sold out literally. Aliquip ugh bicycle rights actually mlkshk, seitan squid craft beer tempor.\"}],[{\"key\":\"question\",\"value\":\"Do You Ship Internationally?\"},{\"key\":\"answer\",\"value\":\"Hoodie tote bag mixtape tofu. Typewriter jean shorts wolf quinoa, messenger bag organic freegan cray.\"}],[{\"key\":\"question\",\"value\":\"How Long Will It Take To Get My Package?\"},{\"key\":\"answer\",\"value\":\"Swag slow-carb quinoa VHS typewriter pork belly brunch, paleo single-origin coffee Wes Anderson. Flexitarian Pitchfork forage, literally paleo fap pour-over. Wes Anderson Pinterest YOLO fanny pack meggings, deep v XOXO chambray sustainable slow-carb raw denim church-key fap chillwave Etsy. +1 typewriter kitsch, American Apparel tofu Banksy Vice.\"}],[{\"key\":\"question\",\"value\":\"What Payment Methods Are Accepted?\"},{\"key\":\"answer\",\"value\":\"Fashion axe DIY jean shorts, swag kale chips meh polaroid kogi butcher Wes Anderson chambray next level semiotics gentrify yr. Voluptate photo booth fugiat Vice. Austin sed Williamsburg, ea labore raw denim voluptate cred proident mixtape excepteur mustache. Twee chia photo booth readymade food truck, hoodie roof party swag keytar PBR DIY.\"}],[{\"key\":\"question\",\"value\":\"Is Buying On-Line Safe?\"},{\"key\":\"answer\",\"value\":\"Art party authentic freegan semiotics jean shorts chia cred. Neutra Austin roof party Brooklyn, synth Thundercats swag 8-bit photo booth. Plaid letterpress leggings craft beer meh ethical Pinterest.\"}]]]',2,'Botble\\Ecommerce\\Models\\Product','2025-05-20 14:07:32','2025-05-20 14:07:32'),(64,'faq_schema_config','[[[{\"key\":\"question\",\"value\":\"What Shipping Methods Are Available?\"},{\"key\":\"answer\",\"value\":\"Ex Portland Pitchfork irure mustache. Eutra fap before they sold out literally. Aliquip ugh bicycle rights actually mlkshk, seitan squid craft beer tempor.\"}],[{\"key\":\"question\",\"value\":\"Do You Ship Internationally?\"},{\"key\":\"answer\",\"value\":\"Hoodie tote bag mixtape tofu. Typewriter jean shorts wolf quinoa, messenger bag organic freegan cray.\"}],[{\"key\":\"question\",\"value\":\"How Long Will It Take To Get My Package?\"},{\"key\":\"answer\",\"value\":\"Swag slow-carb quinoa VHS typewriter pork belly brunch, paleo single-origin coffee Wes Anderson. Flexitarian Pitchfork forage, literally paleo fap pour-over. Wes Anderson Pinterest YOLO fanny pack meggings, deep v XOXO chambray sustainable slow-carb raw denim church-key fap chillwave Etsy. +1 typewriter kitsch, American Apparel tofu Banksy Vice.\"}],[{\"key\":\"question\",\"value\":\"What Payment Methods Are Accepted?\"},{\"key\":\"answer\",\"value\":\"Fashion axe DIY jean shorts, swag kale chips meh polaroid kogi butcher Wes Anderson chambray next level semiotics gentrify yr. Voluptate photo booth fugiat Vice. Austin sed Williamsburg, ea labore raw denim voluptate cred proident mixtape excepteur mustache. Twee chia photo booth readymade food truck, hoodie roof party swag keytar PBR DIY.\"}],[{\"key\":\"question\",\"value\":\"Is Buying On-Line Safe?\"},{\"key\":\"answer\",\"value\":\"Art party authentic freegan semiotics jean shorts chia cred. Neutra Austin roof party Brooklyn, synth Thundercats swag 8-bit photo booth. Plaid letterpress leggings craft beer meh ethical Pinterest.\"}]]]',3,'Botble\\Ecommerce\\Models\\Product','2025-05-20 14:07:32','2025-05-20 14:07:32'),(65,'faq_schema_config','[[[{\"key\":\"question\",\"value\":\"What Shipping Methods Are Available?\"},{\"key\":\"answer\",\"value\":\"Ex Portland Pitchfork irure mustache. Eutra fap before they sold out literally. Aliquip ugh bicycle rights actually mlkshk, seitan squid craft beer tempor.\"}],[{\"key\":\"question\",\"value\":\"Do You Ship Internationally?\"},{\"key\":\"answer\",\"value\":\"Hoodie tote bag mixtape tofu. Typewriter jean shorts wolf quinoa, messenger bag organic freegan cray.\"}],[{\"key\":\"question\",\"value\":\"How Long Will It Take To Get My Package?\"},{\"key\":\"answer\",\"value\":\"Swag slow-carb quinoa VHS typewriter pork belly brunch, paleo single-origin coffee Wes Anderson. Flexitarian Pitchfork forage, literally paleo fap pour-over. Wes Anderson Pinterest YOLO fanny pack meggings, deep v XOXO chambray sustainable slow-carb raw denim church-key fap chillwave Etsy. +1 typewriter kitsch, American Apparel tofu Banksy Vice.\"}],[{\"key\":\"question\",\"value\":\"What Payment Methods Are Accepted?\"},{\"key\":\"answer\",\"value\":\"Fashion axe DIY jean shorts, swag kale chips meh polaroid kogi butcher Wes Anderson chambray next level semiotics gentrify yr. Voluptate photo booth fugiat Vice. Austin sed Williamsburg, ea labore raw denim voluptate cred proident mixtape excepteur mustache. Twee chia photo booth readymade food truck, hoodie roof party swag keytar PBR DIY.\"}],[{\"key\":\"question\",\"value\":\"Is Buying On-Line Safe?\"},{\"key\":\"answer\",\"value\":\"Art party authentic freegan semiotics jean shorts chia cred. Neutra Austin roof party Brooklyn, synth Thundercats swag 8-bit photo booth. Plaid letterpress leggings craft beer meh ethical Pinterest.\"}]]]',4,'Botble\\Ecommerce\\Models\\Product','2025-05-20 14:07:32','2025-05-20 14:07:32'),(66,'faq_schema_config','[[[{\"key\":\"question\",\"value\":\"What Shipping Methods Are Available?\"},{\"key\":\"answer\",\"value\":\"Ex Portland Pitchfork irure mustache. Eutra fap before they sold out literally. Aliquip ugh bicycle rights actually mlkshk, seitan squid craft beer tempor.\"}],[{\"key\":\"question\",\"value\":\"Do You Ship Internationally?\"},{\"key\":\"answer\",\"value\":\"Hoodie tote bag mixtape tofu. Typewriter jean shorts wolf quinoa, messenger bag organic freegan cray.\"}],[{\"key\":\"question\",\"value\":\"How Long Will It Take To Get My Package?\"},{\"key\":\"answer\",\"value\":\"Swag slow-carb quinoa VHS typewriter pork belly brunch, paleo single-origin coffee Wes Anderson. Flexitarian Pitchfork forage, literally paleo fap pour-over. Wes Anderson Pinterest YOLO fanny pack meggings, deep v XOXO chambray sustainable slow-carb raw denim church-key fap chillwave Etsy. +1 typewriter kitsch, American Apparel tofu Banksy Vice.\"}],[{\"key\":\"question\",\"value\":\"What Payment Methods Are Accepted?\"},{\"key\":\"answer\",\"value\":\"Fashion axe DIY jean shorts, swag kale chips meh polaroid kogi butcher Wes Anderson chambray next level semiotics gentrify yr. Voluptate photo booth fugiat Vice. Austin sed Williamsburg, ea labore raw denim voluptate cred proident mixtape excepteur mustache. Twee chia photo booth readymade food truck, hoodie roof party swag keytar PBR DIY.\"}],[{\"key\":\"question\",\"value\":\"Is Buying On-Line Safe?\"},{\"key\":\"answer\",\"value\":\"Art party authentic freegan semiotics jean shorts chia cred. Neutra Austin roof party Brooklyn, synth Thundercats swag 8-bit photo booth. Plaid letterpress leggings craft beer meh ethical Pinterest.\"}]]]',5,'Botble\\Ecommerce\\Models\\Product','2025-05-20 14:07:32','2025-05-20 14:07:32'),(67,'faq_schema_config','[[[{\"key\":\"question\",\"value\":\"What Shipping Methods Are Available?\"},{\"key\":\"answer\",\"value\":\"Ex Portland Pitchfork irure mustache. Eutra fap before they sold out literally. Aliquip ugh bicycle rights actually mlkshk, seitan squid craft beer tempor.\"}],[{\"key\":\"question\",\"value\":\"Do You Ship Internationally?\"},{\"key\":\"answer\",\"value\":\"Hoodie tote bag mixtape tofu. Typewriter jean shorts wolf quinoa, messenger bag organic freegan cray.\"}],[{\"key\":\"question\",\"value\":\"How Long Will It Take To Get My Package?\"},{\"key\":\"answer\",\"value\":\"Swag slow-carb quinoa VHS typewriter pork belly brunch, paleo single-origin coffee Wes Anderson. Flexitarian Pitchfork forage, literally paleo fap pour-over. Wes Anderson Pinterest YOLO fanny pack meggings, deep v XOXO chambray sustainable slow-carb raw denim church-key fap chillwave Etsy. +1 typewriter kitsch, American Apparel tofu Banksy Vice.\"}],[{\"key\":\"question\",\"value\":\"What Payment Methods Are Accepted?\"},{\"key\":\"answer\",\"value\":\"Fashion axe DIY jean shorts, swag kale chips meh polaroid kogi butcher Wes Anderson chambray next level semiotics gentrify yr. Voluptate photo booth fugiat Vice. Austin sed Williamsburg, ea labore raw denim voluptate cred proident mixtape excepteur mustache. Twee chia photo booth readymade food truck, hoodie roof party swag keytar PBR DIY.\"}],[{\"key\":\"question\",\"value\":\"Is Buying On-Line Safe?\"},{\"key\":\"answer\",\"value\":\"Art party authentic freegan semiotics jean shorts chia cred. Neutra Austin roof party Brooklyn, synth Thundercats swag 8-bit photo booth. Plaid letterpress leggings craft beer meh ethical Pinterest.\"}]]]',6,'Botble\\Ecommerce\\Models\\Product','2025-05-20 14:07:32','2025-05-20 14:07:32'),(68,'faq_schema_config','[[[{\"key\":\"question\",\"value\":\"What Shipping Methods Are Available?\"},{\"key\":\"answer\",\"value\":\"Ex Portland Pitchfork irure mustache. Eutra fap before they sold out literally. Aliquip ugh bicycle rights actually mlkshk, seitan squid craft beer tempor.\"}],[{\"key\":\"question\",\"value\":\"Do You Ship Internationally?\"},{\"key\":\"answer\",\"value\":\"Hoodie tote bag mixtape tofu. Typewriter jean shorts wolf quinoa, messenger bag organic freegan cray.\"}],[{\"key\":\"question\",\"value\":\"How Long Will It Take To Get My Package?\"},{\"key\":\"answer\",\"value\":\"Swag slow-carb quinoa VHS typewriter pork belly brunch, paleo single-origin coffee Wes Anderson. Flexitarian Pitchfork forage, literally paleo fap pour-over. Wes Anderson Pinterest YOLO fanny pack meggings, deep v XOXO chambray sustainable slow-carb raw denim church-key fap chillwave Etsy. +1 typewriter kitsch, American Apparel tofu Banksy Vice.\"}],[{\"key\":\"question\",\"value\":\"What Payment Methods Are Accepted?\"},{\"key\":\"answer\",\"value\":\"Fashion axe DIY jean shorts, swag kale chips meh polaroid kogi butcher Wes Anderson chambray next level semiotics gentrify yr. Voluptate photo booth fugiat Vice. Austin sed Williamsburg, ea labore raw denim voluptate cred proident mixtape excepteur mustache. Twee chia photo booth readymade food truck, hoodie roof party swag keytar PBR DIY.\"}],[{\"key\":\"question\",\"value\":\"Is Buying On-Line Safe?\"},{\"key\":\"answer\",\"value\":\"Art party authentic freegan semiotics jean shorts chia cred. Neutra Austin roof party Brooklyn, synth Thundercats swag 8-bit photo booth. Plaid letterpress leggings craft beer meh ethical Pinterest.\"}]]]',7,'Botble\\Ecommerce\\Models\\Product','2025-05-20 14:07:32','2025-05-20 14:07:32'),(69,'faq_schema_config','[[[{\"key\":\"question\",\"value\":\"What Shipping Methods Are Available?\"},{\"key\":\"answer\",\"value\":\"Ex Portland Pitchfork irure mustache. Eutra fap before they sold out literally. Aliquip ugh bicycle rights actually mlkshk, seitan squid craft beer tempor.\"}],[{\"key\":\"question\",\"value\":\"Do You Ship Internationally?\"},{\"key\":\"answer\",\"value\":\"Hoodie tote bag mixtape tofu. Typewriter jean shorts wolf quinoa, messenger bag organic freegan cray.\"}],[{\"key\":\"question\",\"value\":\"How Long Will It Take To Get My Package?\"},{\"key\":\"answer\",\"value\":\"Swag slow-carb quinoa VHS typewriter pork belly brunch, paleo single-origin coffee Wes Anderson. Flexitarian Pitchfork forage, literally paleo fap pour-over. Wes Anderson Pinterest YOLO fanny pack meggings, deep v XOXO chambray sustainable slow-carb raw denim church-key fap chillwave Etsy. +1 typewriter kitsch, American Apparel tofu Banksy Vice.\"}],[{\"key\":\"question\",\"value\":\"What Payment Methods Are Accepted?\"},{\"key\":\"answer\",\"value\":\"Fashion axe DIY jean shorts, swag kale chips meh polaroid kogi butcher Wes Anderson chambray next level semiotics gentrify yr. Voluptate photo booth fugiat Vice. Austin sed Williamsburg, ea labore raw denim voluptate cred proident mixtape excepteur mustache. Twee chia photo booth readymade food truck, hoodie roof party swag keytar PBR DIY.\"}],[{\"key\":\"question\",\"value\":\"Is Buying On-Line Safe?\"},{\"key\":\"answer\",\"value\":\"Art party authentic freegan semiotics jean shorts chia cred. Neutra Austin roof party Brooklyn, synth Thundercats swag 8-bit photo booth. Plaid letterpress leggings craft beer meh ethical Pinterest.\"}]]]',8,'Botble\\Ecommerce\\Models\\Product','2025-05-20 14:07:32','2025-05-20 14:07:32'),(70,'faq_schema_config','[[[{\"key\":\"question\",\"value\":\"What Shipping Methods Are Available?\"},{\"key\":\"answer\",\"value\":\"Ex Portland Pitchfork irure mustache. Eutra fap before they sold out literally. Aliquip ugh bicycle rights actually mlkshk, seitan squid craft beer tempor.\"}],[{\"key\":\"question\",\"value\":\"Do You Ship Internationally?\"},{\"key\":\"answer\",\"value\":\"Hoodie tote bag mixtape tofu. Typewriter jean shorts wolf quinoa, messenger bag organic freegan cray.\"}],[{\"key\":\"question\",\"value\":\"How Long Will It Take To Get My Package?\"},{\"key\":\"answer\",\"value\":\"Swag slow-carb quinoa VHS typewriter pork belly brunch, paleo single-origin coffee Wes Anderson. Flexitarian Pitchfork forage, literally paleo fap pour-over. Wes Anderson Pinterest YOLO fanny pack meggings, deep v XOXO chambray sustainable slow-carb raw denim church-key fap chillwave Etsy. +1 typewriter kitsch, American Apparel tofu Banksy Vice.\"}],[{\"key\":\"question\",\"value\":\"What Payment Methods Are Accepted?\"},{\"key\":\"answer\",\"value\":\"Fashion axe DIY jean shorts, swag kale chips meh polaroid kogi butcher Wes Anderson chambray next level semiotics gentrify yr. Voluptate photo booth fugiat Vice. Austin sed Williamsburg, ea labore raw denim voluptate cred proident mixtape excepteur mustache. Twee chia photo booth readymade food truck, hoodie roof party swag keytar PBR DIY.\"}],[{\"key\":\"question\",\"value\":\"Is Buying On-Line Safe?\"},{\"key\":\"answer\",\"value\":\"Art party authentic freegan semiotics jean shorts chia cred. Neutra Austin roof party Brooklyn, synth Thundercats swag 8-bit photo booth. Plaid letterpress leggings craft beer meh ethical Pinterest.\"}]]]',9,'Botble\\Ecommerce\\Models\\Product','2025-05-20 14:07:32','2025-05-20 14:07:32'),(71,'faq_schema_config','[[[{\"key\":\"question\",\"value\":\"What Shipping Methods Are Available?\"},{\"key\":\"answer\",\"value\":\"Ex Portland Pitchfork irure mustache. Eutra fap before they sold out literally. Aliquip ugh bicycle rights actually mlkshk, seitan squid craft beer tempor.\"}],[{\"key\":\"question\",\"value\":\"Do You Ship Internationally?\"},{\"key\":\"answer\",\"value\":\"Hoodie tote bag mixtape tofu. Typewriter jean shorts wolf quinoa, messenger bag organic freegan cray.\"}],[{\"key\":\"question\",\"value\":\"How Long Will It Take To Get My Package?\"},{\"key\":\"answer\",\"value\":\"Swag slow-carb quinoa VHS typewriter pork belly brunch, paleo single-origin coffee Wes Anderson. Flexitarian Pitchfork forage, literally paleo fap pour-over. Wes Anderson Pinterest YOLO fanny pack meggings, deep v XOXO chambray sustainable slow-carb raw denim church-key fap chillwave Etsy. +1 typewriter kitsch, American Apparel tofu Banksy Vice.\"}],[{\"key\":\"question\",\"value\":\"What Payment Methods Are Accepted?\"},{\"key\":\"answer\",\"value\":\"Fashion axe DIY jean shorts, swag kale chips meh polaroid kogi butcher Wes Anderson chambray next level semiotics gentrify yr. Voluptate photo booth fugiat Vice. Austin sed Williamsburg, ea labore raw denim voluptate cred proident mixtape excepteur mustache. Twee chia photo booth readymade food truck, hoodie roof party swag keytar PBR DIY.\"}],[{\"key\":\"question\",\"value\":\"Is Buying On-Line Safe?\"},{\"key\":\"answer\",\"value\":\"Art party authentic freegan semiotics jean shorts chia cred. Neutra Austin roof party Brooklyn, synth Thundercats swag 8-bit photo booth. Plaid letterpress leggings craft beer meh ethical Pinterest.\"}]]]',10,'Botble\\Ecommerce\\Models\\Product','2025-05-20 14:07:32','2025-05-20 14:07:32'),(72,'faq_schema_config','[[[{\"key\":\"question\",\"value\":\"What Shipping Methods Are Available?\"},{\"key\":\"answer\",\"value\":\"Ex Portland Pitchfork irure mustache. Eutra fap before they sold out literally. Aliquip ugh bicycle rights actually mlkshk, seitan squid craft beer tempor.\"}],[{\"key\":\"question\",\"value\":\"Do You Ship Internationally?\"},{\"key\":\"answer\",\"value\":\"Hoodie tote bag mixtape tofu. Typewriter jean shorts wolf quinoa, messenger bag organic freegan cray.\"}],[{\"key\":\"question\",\"value\":\"How Long Will It Take To Get My Package?\"},{\"key\":\"answer\",\"value\":\"Swag slow-carb quinoa VHS typewriter pork belly brunch, paleo single-origin coffee Wes Anderson. Flexitarian Pitchfork forage, literally paleo fap pour-over. Wes Anderson Pinterest YOLO fanny pack meggings, deep v XOXO chambray sustainable slow-carb raw denim church-key fap chillwave Etsy. +1 typewriter kitsch, American Apparel tofu Banksy Vice.\"}],[{\"key\":\"question\",\"value\":\"What Payment Methods Are Accepted?\"},{\"key\":\"answer\",\"value\":\"Fashion axe DIY jean shorts, swag kale chips meh polaroid kogi butcher Wes Anderson chambray next level semiotics gentrify yr. Voluptate photo booth fugiat Vice. Austin sed Williamsburg, ea labore raw denim voluptate cred proident mixtape excepteur mustache. Twee chia photo booth readymade food truck, hoodie roof party swag keytar PBR DIY.\"}],[{\"key\":\"question\",\"value\":\"Is Buying On-Line Safe?\"},{\"key\":\"answer\",\"value\":\"Art party authentic freegan semiotics jean shorts chia cred. Neutra Austin roof party Brooklyn, synth Thundercats swag 8-bit photo booth. Plaid letterpress leggings craft beer meh ethical Pinterest.\"}]]]',11,'Botble\\Ecommerce\\Models\\Product','2025-05-20 14:07:32','2025-05-20 14:07:32'),(73,'faq_schema_config','[[[{\"key\":\"question\",\"value\":\"What Shipping Methods Are Available?\"},{\"key\":\"answer\",\"value\":\"Ex Portland Pitchfork irure mustache. Eutra fap before they sold out literally. Aliquip ugh bicycle rights actually mlkshk, seitan squid craft beer tempor.\"}],[{\"key\":\"question\",\"value\":\"Do You Ship Internationally?\"},{\"key\":\"answer\",\"value\":\"Hoodie tote bag mixtape tofu. Typewriter jean shorts wolf quinoa, messenger bag organic freegan cray.\"}],[{\"key\":\"question\",\"value\":\"How Long Will It Take To Get My Package?\"},{\"key\":\"answer\",\"value\":\"Swag slow-carb quinoa VHS typewriter pork belly brunch, paleo single-origin coffee Wes Anderson. Flexitarian Pitchfork forage, literally paleo fap pour-over. Wes Anderson Pinterest YOLO fanny pack meggings, deep v XOXO chambray sustainable slow-carb raw denim church-key fap chillwave Etsy. +1 typewriter kitsch, American Apparel tofu Banksy Vice.\"}],[{\"key\":\"question\",\"value\":\"What Payment Methods Are Accepted?\"},{\"key\":\"answer\",\"value\":\"Fashion axe DIY jean shorts, swag kale chips meh polaroid kogi butcher Wes Anderson chambray next level semiotics gentrify yr. Voluptate photo booth fugiat Vice. Austin sed Williamsburg, ea labore raw denim voluptate cred proident mixtape excepteur mustache. Twee chia photo booth readymade food truck, hoodie roof party swag keytar PBR DIY.\"}],[{\"key\":\"question\",\"value\":\"Is Buying On-Line Safe?\"},{\"key\":\"answer\",\"value\":\"Art party authentic freegan semiotics jean shorts chia cred. Neutra Austin roof party Brooklyn, synth Thundercats swag 8-bit photo booth. Plaid letterpress leggings craft beer meh ethical Pinterest.\"}]]]',12,'Botble\\Ecommerce\\Models\\Product','2025-05-20 14:07:32','2025-05-20 14:07:32'),(74,'faq_schema_config','[[[{\"key\":\"question\",\"value\":\"What Shipping Methods Are Available?\"},{\"key\":\"answer\",\"value\":\"Ex Portland Pitchfork irure mustache. Eutra fap before they sold out literally. Aliquip ugh bicycle rights actually mlkshk, seitan squid craft beer tempor.\"}],[{\"key\":\"question\",\"value\":\"Do You Ship Internationally?\"},{\"key\":\"answer\",\"value\":\"Hoodie tote bag mixtape tofu. Typewriter jean shorts wolf quinoa, messenger bag organic freegan cray.\"}],[{\"key\":\"question\",\"value\":\"How Long Will It Take To Get My Package?\"},{\"key\":\"answer\",\"value\":\"Swag slow-carb quinoa VHS typewriter pork belly brunch, paleo single-origin coffee Wes Anderson. Flexitarian Pitchfork forage, literally paleo fap pour-over. Wes Anderson Pinterest YOLO fanny pack meggings, deep v XOXO chambray sustainable slow-carb raw denim church-key fap chillwave Etsy. +1 typewriter kitsch, American Apparel tofu Banksy Vice.\"}],[{\"key\":\"question\",\"value\":\"What Payment Methods Are Accepted?\"},{\"key\":\"answer\",\"value\":\"Fashion axe DIY jean shorts, swag kale chips meh polaroid kogi butcher Wes Anderson chambray next level semiotics gentrify yr. Voluptate photo booth fugiat Vice. Austin sed Williamsburg, ea labore raw denim voluptate cred proident mixtape excepteur mustache. Twee chia photo booth readymade food truck, hoodie roof party swag keytar PBR DIY.\"}],[{\"key\":\"question\",\"value\":\"Is Buying On-Line Safe?\"},{\"key\":\"answer\",\"value\":\"Art party authentic freegan semiotics jean shorts chia cred. Neutra Austin roof party Brooklyn, synth Thundercats swag 8-bit photo booth. Plaid letterpress leggings craft beer meh ethical Pinterest.\"}]]]',13,'Botble\\Ecommerce\\Models\\Product','2025-05-20 14:07:32','2025-05-20 14:07:32'),(75,'faq_schema_config','[[[{\"key\":\"question\",\"value\":\"What Shipping Methods Are Available?\"},{\"key\":\"answer\",\"value\":\"Ex Portland Pitchfork irure mustache. Eutra fap before they sold out literally. Aliquip ugh bicycle rights actually mlkshk, seitan squid craft beer tempor.\"}],[{\"key\":\"question\",\"value\":\"Do You Ship Internationally?\"},{\"key\":\"answer\",\"value\":\"Hoodie tote bag mixtape tofu. Typewriter jean shorts wolf quinoa, messenger bag organic freegan cray.\"}],[{\"key\":\"question\",\"value\":\"How Long Will It Take To Get My Package?\"},{\"key\":\"answer\",\"value\":\"Swag slow-carb quinoa VHS typewriter pork belly brunch, paleo single-origin coffee Wes Anderson. Flexitarian Pitchfork forage, literally paleo fap pour-over. Wes Anderson Pinterest YOLO fanny pack meggings, deep v XOXO chambray sustainable slow-carb raw denim church-key fap chillwave Etsy. +1 typewriter kitsch, American Apparel tofu Banksy Vice.\"}],[{\"key\":\"question\",\"value\":\"What Payment Methods Are Accepted?\"},{\"key\":\"answer\",\"value\":\"Fashion axe DIY jean shorts, swag kale chips meh polaroid kogi butcher Wes Anderson chambray next level semiotics gentrify yr. Voluptate photo booth fugiat Vice. Austin sed Williamsburg, ea labore raw denim voluptate cred proident mixtape excepteur mustache. Twee chia photo booth readymade food truck, hoodie roof party swag keytar PBR DIY.\"}],[{\"key\":\"question\",\"value\":\"Is Buying On-Line Safe?\"},{\"key\":\"answer\",\"value\":\"Art party authentic freegan semiotics jean shorts chia cred. Neutra Austin roof party Brooklyn, synth Thundercats swag 8-bit photo booth. Plaid letterpress leggings craft beer meh ethical Pinterest.\"}]]]',14,'Botble\\Ecommerce\\Models\\Product','2025-05-20 14:07:32','2025-05-20 14:07:32'),(76,'faq_schema_config','[[[{\"key\":\"question\",\"value\":\"What Shipping Methods Are Available?\"},{\"key\":\"answer\",\"value\":\"Ex Portland Pitchfork irure mustache. Eutra fap before they sold out literally. Aliquip ugh bicycle rights actually mlkshk, seitan squid craft beer tempor.\"}],[{\"key\":\"question\",\"value\":\"Do You Ship Internationally?\"},{\"key\":\"answer\",\"value\":\"Hoodie tote bag mixtape tofu. Typewriter jean shorts wolf quinoa, messenger bag organic freegan cray.\"}],[{\"key\":\"question\",\"value\":\"How Long Will It Take To Get My Package?\"},{\"key\":\"answer\",\"value\":\"Swag slow-carb quinoa VHS typewriter pork belly brunch, paleo single-origin coffee Wes Anderson. Flexitarian Pitchfork forage, literally paleo fap pour-over. Wes Anderson Pinterest YOLO fanny pack meggings, deep v XOXO chambray sustainable slow-carb raw denim church-key fap chillwave Etsy. +1 typewriter kitsch, American Apparel tofu Banksy Vice.\"}],[{\"key\":\"question\",\"value\":\"What Payment Methods Are Accepted?\"},{\"key\":\"answer\",\"value\":\"Fashion axe DIY jean shorts, swag kale chips meh polaroid kogi butcher Wes Anderson chambray next level semiotics gentrify yr. Voluptate photo booth fugiat Vice. Austin sed Williamsburg, ea labore raw denim voluptate cred proident mixtape excepteur mustache. Twee chia photo booth readymade food truck, hoodie roof party swag keytar PBR DIY.\"}],[{\"key\":\"question\",\"value\":\"Is Buying On-Line Safe?\"},{\"key\":\"answer\",\"value\":\"Art party authentic freegan semiotics jean shorts chia cred. Neutra Austin roof party Brooklyn, synth Thundercats swag 8-bit photo booth. Plaid letterpress leggings craft beer meh ethical Pinterest.\"}]]]',15,'Botble\\Ecommerce\\Models\\Product','2025-05-20 14:07:32','2025-05-20 14:07:32'),(77,'faq_schema_config','[[[{\"key\":\"question\",\"value\":\"What Shipping Methods Are Available?\"},{\"key\":\"answer\",\"value\":\"Ex Portland Pitchfork irure mustache. Eutra fap before they sold out literally. Aliquip ugh bicycle rights actually mlkshk, seitan squid craft beer tempor.\"}],[{\"key\":\"question\",\"value\":\"Do You Ship Internationally?\"},{\"key\":\"answer\",\"value\":\"Hoodie tote bag mixtape tofu. Typewriter jean shorts wolf quinoa, messenger bag organic freegan cray.\"}],[{\"key\":\"question\",\"value\":\"How Long Will It Take To Get My Package?\"},{\"key\":\"answer\",\"value\":\"Swag slow-carb quinoa VHS typewriter pork belly brunch, paleo single-origin coffee Wes Anderson. Flexitarian Pitchfork forage, literally paleo fap pour-over. Wes Anderson Pinterest YOLO fanny pack meggings, deep v XOXO chambray sustainable slow-carb raw denim church-key fap chillwave Etsy. +1 typewriter kitsch, American Apparel tofu Banksy Vice.\"}],[{\"key\":\"question\",\"value\":\"What Payment Methods Are Accepted?\"},{\"key\":\"answer\",\"value\":\"Fashion axe DIY jean shorts, swag kale chips meh polaroid kogi butcher Wes Anderson chambray next level semiotics gentrify yr. Voluptate photo booth fugiat Vice. Austin sed Williamsburg, ea labore raw denim voluptate cred proident mixtape excepteur mustache. Twee chia photo booth readymade food truck, hoodie roof party swag keytar PBR DIY.\"}],[{\"key\":\"question\",\"value\":\"Is Buying On-Line Safe?\"},{\"key\":\"answer\",\"value\":\"Art party authentic freegan semiotics jean shorts chia cred. Neutra Austin roof party Brooklyn, synth Thundercats swag 8-bit photo booth. Plaid letterpress leggings craft beer meh ethical Pinterest.\"}]]]',16,'Botble\\Ecommerce\\Models\\Product','2025-05-20 14:07:32','2025-05-20 14:07:32'),(78,'faq_schema_config','[[[{\"key\":\"question\",\"value\":\"What Shipping Methods Are Available?\"},{\"key\":\"answer\",\"value\":\"Ex Portland Pitchfork irure mustache. Eutra fap before they sold out literally. Aliquip ugh bicycle rights actually mlkshk, seitan squid craft beer tempor.\"}],[{\"key\":\"question\",\"value\":\"Do You Ship Internationally?\"},{\"key\":\"answer\",\"value\":\"Hoodie tote bag mixtape tofu. Typewriter jean shorts wolf quinoa, messenger bag organic freegan cray.\"}],[{\"key\":\"question\",\"value\":\"How Long Will It Take To Get My Package?\"},{\"key\":\"answer\",\"value\":\"Swag slow-carb quinoa VHS typewriter pork belly brunch, paleo single-origin coffee Wes Anderson. Flexitarian Pitchfork forage, literally paleo fap pour-over. Wes Anderson Pinterest YOLO fanny pack meggings, deep v XOXO chambray sustainable slow-carb raw denim church-key fap chillwave Etsy. +1 typewriter kitsch, American Apparel tofu Banksy Vice.\"}],[{\"key\":\"question\",\"value\":\"What Payment Methods Are Accepted?\"},{\"key\":\"answer\",\"value\":\"Fashion axe DIY jean shorts, swag kale chips meh polaroid kogi butcher Wes Anderson chambray next level semiotics gentrify yr. Voluptate photo booth fugiat Vice. Austin sed Williamsburg, ea labore raw denim voluptate cred proident mixtape excepteur mustache. Twee chia photo booth readymade food truck, hoodie roof party swag keytar PBR DIY.\"}],[{\"key\":\"question\",\"value\":\"Is Buying On-Line Safe?\"},{\"key\":\"answer\",\"value\":\"Art party authentic freegan semiotics jean shorts chia cred. Neutra Austin roof party Brooklyn, synth Thundercats swag 8-bit photo booth. Plaid letterpress leggings craft beer meh ethical Pinterest.\"}]]]',17,'Botble\\Ecommerce\\Models\\Product','2025-05-20 14:07:32','2025-05-20 14:07:32'),(79,'faq_schema_config','[[[{\"key\":\"question\",\"value\":\"What Shipping Methods Are Available?\"},{\"key\":\"answer\",\"value\":\"Ex Portland Pitchfork irure mustache. Eutra fap before they sold out literally. Aliquip ugh bicycle rights actually mlkshk, seitan squid craft beer tempor.\"}],[{\"key\":\"question\",\"value\":\"Do You Ship Internationally?\"},{\"key\":\"answer\",\"value\":\"Hoodie tote bag mixtape tofu. Typewriter jean shorts wolf quinoa, messenger bag organic freegan cray.\"}],[{\"key\":\"question\",\"value\":\"How Long Will It Take To Get My Package?\"},{\"key\":\"answer\",\"value\":\"Swag slow-carb quinoa VHS typewriter pork belly brunch, paleo single-origin coffee Wes Anderson. Flexitarian Pitchfork forage, literally paleo fap pour-over. Wes Anderson Pinterest YOLO fanny pack meggings, deep v XOXO chambray sustainable slow-carb raw denim church-key fap chillwave Etsy. +1 typewriter kitsch, American Apparel tofu Banksy Vice.\"}],[{\"key\":\"question\",\"value\":\"What Payment Methods Are Accepted?\"},{\"key\":\"answer\",\"value\":\"Fashion axe DIY jean shorts, swag kale chips meh polaroid kogi butcher Wes Anderson chambray next level semiotics gentrify yr. Voluptate photo booth fugiat Vice. Austin sed Williamsburg, ea labore raw denim voluptate cred proident mixtape excepteur mustache. Twee chia photo booth readymade food truck, hoodie roof party swag keytar PBR DIY.\"}],[{\"key\":\"question\",\"value\":\"Is Buying On-Line Safe?\"},{\"key\":\"answer\",\"value\":\"Art party authentic freegan semiotics jean shorts chia cred. Neutra Austin roof party Brooklyn, synth Thundercats swag 8-bit photo booth. Plaid letterpress leggings craft beer meh ethical Pinterest.\"}]]]',18,'Botble\\Ecommerce\\Models\\Product','2025-05-20 14:07:32','2025-05-20 14:07:32'),(80,'faq_schema_config','[[[{\"key\":\"question\",\"value\":\"What Shipping Methods Are Available?\"},{\"key\":\"answer\",\"value\":\"Ex Portland Pitchfork irure mustache. Eutra fap before they sold out literally. Aliquip ugh bicycle rights actually mlkshk, seitan squid craft beer tempor.\"}],[{\"key\":\"question\",\"value\":\"Do You Ship Internationally?\"},{\"key\":\"answer\",\"value\":\"Hoodie tote bag mixtape tofu. Typewriter jean shorts wolf quinoa, messenger bag organic freegan cray.\"}],[{\"key\":\"question\",\"value\":\"How Long Will It Take To Get My Package?\"},{\"key\":\"answer\",\"value\":\"Swag slow-carb quinoa VHS typewriter pork belly brunch, paleo single-origin coffee Wes Anderson. Flexitarian Pitchfork forage, literally paleo fap pour-over. Wes Anderson Pinterest YOLO fanny pack meggings, deep v XOXO chambray sustainable slow-carb raw denim church-key fap chillwave Etsy. +1 typewriter kitsch, American Apparel tofu Banksy Vice.\"}],[{\"key\":\"question\",\"value\":\"What Payment Methods Are Accepted?\"},{\"key\":\"answer\",\"value\":\"Fashion axe DIY jean shorts, swag kale chips meh polaroid kogi butcher Wes Anderson chambray next level semiotics gentrify yr. Voluptate photo booth fugiat Vice. Austin sed Williamsburg, ea labore raw denim voluptate cred proident mixtape excepteur mustache. Twee chia photo booth readymade food truck, hoodie roof party swag keytar PBR DIY.\"}],[{\"key\":\"question\",\"value\":\"Is Buying On-Line Safe?\"},{\"key\":\"answer\",\"value\":\"Art party authentic freegan semiotics jean shorts chia cred. Neutra Austin roof party Brooklyn, synth Thundercats swag 8-bit photo booth. Plaid letterpress leggings craft beer meh ethical Pinterest.\"}]]]',19,'Botble\\Ecommerce\\Models\\Product','2025-05-20 14:07:32','2025-05-20 14:07:32'),(81,'faq_schema_config','[[[{\"key\":\"question\",\"value\":\"What Shipping Methods Are Available?\"},{\"key\":\"answer\",\"value\":\"Ex Portland Pitchfork irure mustache. Eutra fap before they sold out literally. Aliquip ugh bicycle rights actually mlkshk, seitan squid craft beer tempor.\"}],[{\"key\":\"question\",\"value\":\"Do You Ship Internationally?\"},{\"key\":\"answer\",\"value\":\"Hoodie tote bag mixtape tofu. Typewriter jean shorts wolf quinoa, messenger bag organic freegan cray.\"}],[{\"key\":\"question\",\"value\":\"How Long Will It Take To Get My Package?\"},{\"key\":\"answer\",\"value\":\"Swag slow-carb quinoa VHS typewriter pork belly brunch, paleo single-origin coffee Wes Anderson. Flexitarian Pitchfork forage, literally paleo fap pour-over. Wes Anderson Pinterest YOLO fanny pack meggings, deep v XOXO chambray sustainable slow-carb raw denim church-key fap chillwave Etsy. +1 typewriter kitsch, American Apparel tofu Banksy Vice.\"}],[{\"key\":\"question\",\"value\":\"What Payment Methods Are Accepted?\"},{\"key\":\"answer\",\"value\":\"Fashion axe DIY jean shorts, swag kale chips meh polaroid kogi butcher Wes Anderson chambray next level semiotics gentrify yr. Voluptate photo booth fugiat Vice. Austin sed Williamsburg, ea labore raw denim voluptate cred proident mixtape excepteur mustache. Twee chia photo booth readymade food truck, hoodie roof party swag keytar PBR DIY.\"}],[{\"key\":\"question\",\"value\":\"Is Buying On-Line Safe?\"},{\"key\":\"answer\",\"value\":\"Art party authentic freegan semiotics jean shorts chia cred. Neutra Austin roof party Brooklyn, synth Thundercats swag 8-bit photo booth. Plaid letterpress leggings craft beer meh ethical Pinterest.\"}]]]',20,'Botble\\Ecommerce\\Models\\Product','2025-05-20 14:07:32','2025-05-20 14:07:32'),(82,'faq_schema_config','[[[{\"key\":\"question\",\"value\":\"What Shipping Methods Are Available?\"},{\"key\":\"answer\",\"value\":\"Ex Portland Pitchfork irure mustache. Eutra fap before they sold out literally. Aliquip ugh bicycle rights actually mlkshk, seitan squid craft beer tempor.\"}],[{\"key\":\"question\",\"value\":\"Do You Ship Internationally?\"},{\"key\":\"answer\",\"value\":\"Hoodie tote bag mixtape tofu. Typewriter jean shorts wolf quinoa, messenger bag organic freegan cray.\"}],[{\"key\":\"question\",\"value\":\"How Long Will It Take To Get My Package?\"},{\"key\":\"answer\",\"value\":\"Swag slow-carb quinoa VHS typewriter pork belly brunch, paleo single-origin coffee Wes Anderson. Flexitarian Pitchfork forage, literally paleo fap pour-over. Wes Anderson Pinterest YOLO fanny pack meggings, deep v XOXO chambray sustainable slow-carb raw denim church-key fap chillwave Etsy. +1 typewriter kitsch, American Apparel tofu Banksy Vice.\"}],[{\"key\":\"question\",\"value\":\"What Payment Methods Are Accepted?\"},{\"key\":\"answer\",\"value\":\"Fashion axe DIY jean shorts, swag kale chips meh polaroid kogi butcher Wes Anderson chambray next level semiotics gentrify yr. Voluptate photo booth fugiat Vice. Austin sed Williamsburg, ea labore raw denim voluptate cred proident mixtape excepteur mustache. Twee chia photo booth readymade food truck, hoodie roof party swag keytar PBR DIY.\"}],[{\"key\":\"question\",\"value\":\"Is Buying On-Line Safe?\"},{\"key\":\"answer\",\"value\":\"Art party authentic freegan semiotics jean shorts chia cred. Neutra Austin roof party Brooklyn, synth Thundercats swag 8-bit photo booth. Plaid letterpress leggings craft beer meh ethical Pinterest.\"}]]]',21,'Botble\\Ecommerce\\Models\\Product','2025-05-20 14:07:32','2025-05-20 14:07:32'),(83,'faq_schema_config','[[[{\"key\":\"question\",\"value\":\"What Shipping Methods Are Available?\"},{\"key\":\"answer\",\"value\":\"Ex Portland Pitchfork irure mustache. Eutra fap before they sold out literally. Aliquip ugh bicycle rights actually mlkshk, seitan squid craft beer tempor.\"}],[{\"key\":\"question\",\"value\":\"Do You Ship Internationally?\"},{\"key\":\"answer\",\"value\":\"Hoodie tote bag mixtape tofu. Typewriter jean shorts wolf quinoa, messenger bag organic freegan cray.\"}],[{\"key\":\"question\",\"value\":\"How Long Will It Take To Get My Package?\"},{\"key\":\"answer\",\"value\":\"Swag slow-carb quinoa VHS typewriter pork belly brunch, paleo single-origin coffee Wes Anderson. Flexitarian Pitchfork forage, literally paleo fap pour-over. Wes Anderson Pinterest YOLO fanny pack meggings, deep v XOXO chambray sustainable slow-carb raw denim church-key fap chillwave Etsy. +1 typewriter kitsch, American Apparel tofu Banksy Vice.\"}],[{\"key\":\"question\",\"value\":\"What Payment Methods Are Accepted?\"},{\"key\":\"answer\",\"value\":\"Fashion axe DIY jean shorts, swag kale chips meh polaroid kogi butcher Wes Anderson chambray next level semiotics gentrify yr. Voluptate photo booth fugiat Vice. Austin sed Williamsburg, ea labore raw denim voluptate cred proident mixtape excepteur mustache. Twee chia photo booth readymade food truck, hoodie roof party swag keytar PBR DIY.\"}],[{\"key\":\"question\",\"value\":\"Is Buying On-Line Safe?\"},{\"key\":\"answer\",\"value\":\"Art party authentic freegan semiotics jean shorts chia cred. Neutra Austin roof party Brooklyn, synth Thundercats swag 8-bit photo booth. Plaid letterpress leggings craft beer meh ethical Pinterest.\"}]]]',22,'Botble\\Ecommerce\\Models\\Product','2025-05-20 14:07:32','2025-05-20 14:07:32'),(84,'faq_schema_config','[[[{\"key\":\"question\",\"value\":\"What Shipping Methods Are Available?\"},{\"key\":\"answer\",\"value\":\"Ex Portland Pitchfork irure mustache. Eutra fap before they sold out literally. Aliquip ugh bicycle rights actually mlkshk, seitan squid craft beer tempor.\"}],[{\"key\":\"question\",\"value\":\"Do You Ship Internationally?\"},{\"key\":\"answer\",\"value\":\"Hoodie tote bag mixtape tofu. Typewriter jean shorts wolf quinoa, messenger bag organic freegan cray.\"}],[{\"key\":\"question\",\"value\":\"How Long Will It Take To Get My Package?\"},{\"key\":\"answer\",\"value\":\"Swag slow-carb quinoa VHS typewriter pork belly brunch, paleo single-origin coffee Wes Anderson. Flexitarian Pitchfork forage, literally paleo fap pour-over. Wes Anderson Pinterest YOLO fanny pack meggings, deep v XOXO chambray sustainable slow-carb raw denim church-key fap chillwave Etsy. +1 typewriter kitsch, American Apparel tofu Banksy Vice.\"}],[{\"key\":\"question\",\"value\":\"What Payment Methods Are Accepted?\"},{\"key\":\"answer\",\"value\":\"Fashion axe DIY jean shorts, swag kale chips meh polaroid kogi butcher Wes Anderson chambray next level semiotics gentrify yr. Voluptate photo booth fugiat Vice. Austin sed Williamsburg, ea labore raw denim voluptate cred proident mixtape excepteur mustache. Twee chia photo booth readymade food truck, hoodie roof party swag keytar PBR DIY.\"}],[{\"key\":\"question\",\"value\":\"Is Buying On-Line Safe?\"},{\"key\":\"answer\",\"value\":\"Art party authentic freegan semiotics jean shorts chia cred. Neutra Austin roof party Brooklyn, synth Thundercats swag 8-bit photo booth. Plaid letterpress leggings craft beer meh ethical Pinterest.\"}]]]',23,'Botble\\Ecommerce\\Models\\Product','2025-05-20 14:07:32','2025-05-20 14:07:32'),(85,'faq_schema_config','[[[{\"key\":\"question\",\"value\":\"What Shipping Methods Are Available?\"},{\"key\":\"answer\",\"value\":\"Ex Portland Pitchfork irure mustache. Eutra fap before they sold out literally. Aliquip ugh bicycle rights actually mlkshk, seitan squid craft beer tempor.\"}],[{\"key\":\"question\",\"value\":\"Do You Ship Internationally?\"},{\"key\":\"answer\",\"value\":\"Hoodie tote bag mixtape tofu. Typewriter jean shorts wolf quinoa, messenger bag organic freegan cray.\"}],[{\"key\":\"question\",\"value\":\"How Long Will It Take To Get My Package?\"},{\"key\":\"answer\",\"value\":\"Swag slow-carb quinoa VHS typewriter pork belly brunch, paleo single-origin coffee Wes Anderson. Flexitarian Pitchfork forage, literally paleo fap pour-over. Wes Anderson Pinterest YOLO fanny pack meggings, deep v XOXO chambray sustainable slow-carb raw denim church-key fap chillwave Etsy. +1 typewriter kitsch, American Apparel tofu Banksy Vice.\"}],[{\"key\":\"question\",\"value\":\"What Payment Methods Are Accepted?\"},{\"key\":\"answer\",\"value\":\"Fashion axe DIY jean shorts, swag kale chips meh polaroid kogi butcher Wes Anderson chambray next level semiotics gentrify yr. Voluptate photo booth fugiat Vice. Austin sed Williamsburg, ea labore raw denim voluptate cred proident mixtape excepteur mustache. Twee chia photo booth readymade food truck, hoodie roof party swag keytar PBR DIY.\"}],[{\"key\":\"question\",\"value\":\"Is Buying On-Line Safe?\"},{\"key\":\"answer\",\"value\":\"Art party authentic freegan semiotics jean shorts chia cred. Neutra Austin roof party Brooklyn, synth Thundercats swag 8-bit photo booth. Plaid letterpress leggings craft beer meh ethical Pinterest.\"}]]]',24,'Botble\\Ecommerce\\Models\\Product','2025-05-20 14:07:32','2025-05-20 14:07:32'),(86,'faq_schema_config','[[[{\"key\":\"question\",\"value\":\"What Shipping Methods Are Available?\"},{\"key\":\"answer\",\"value\":\"Ex Portland Pitchfork irure mustache. Eutra fap before they sold out literally. Aliquip ugh bicycle rights actually mlkshk, seitan squid craft beer tempor.\"}],[{\"key\":\"question\",\"value\":\"Do You Ship Internationally?\"},{\"key\":\"answer\",\"value\":\"Hoodie tote bag mixtape tofu. Typewriter jean shorts wolf quinoa, messenger bag organic freegan cray.\"}],[{\"key\":\"question\",\"value\":\"How Long Will It Take To Get My Package?\"},{\"key\":\"answer\",\"value\":\"Swag slow-carb quinoa VHS typewriter pork belly brunch, paleo single-origin coffee Wes Anderson. Flexitarian Pitchfork forage, literally paleo fap pour-over. Wes Anderson Pinterest YOLO fanny pack meggings, deep v XOXO chambray sustainable slow-carb raw denim church-key fap chillwave Etsy. +1 typewriter kitsch, American Apparel tofu Banksy Vice.\"}],[{\"key\":\"question\",\"value\":\"What Payment Methods Are Accepted?\"},{\"key\":\"answer\",\"value\":\"Fashion axe DIY jean shorts, swag kale chips meh polaroid kogi butcher Wes Anderson chambray next level semiotics gentrify yr. Voluptate photo booth fugiat Vice. Austin sed Williamsburg, ea labore raw denim voluptate cred proident mixtape excepteur mustache. Twee chia photo booth readymade food truck, hoodie roof party swag keytar PBR DIY.\"}],[{\"key\":\"question\",\"value\":\"Is Buying On-Line Safe?\"},{\"key\":\"answer\",\"value\":\"Art party authentic freegan semiotics jean shorts chia cred. Neutra Austin roof party Brooklyn, synth Thundercats swag 8-bit photo booth. Plaid letterpress leggings craft beer meh ethical Pinterest.\"}]]]',25,'Botble\\Ecommerce\\Models\\Product','2025-05-20 14:07:32','2025-05-20 14:07:32'),(87,'faq_schema_config','[[[{\"key\":\"question\",\"value\":\"What Shipping Methods Are Available?\"},{\"key\":\"answer\",\"value\":\"Ex Portland Pitchfork irure mustache. Eutra fap before they sold out literally. Aliquip ugh bicycle rights actually mlkshk, seitan squid craft beer tempor.\"}],[{\"key\":\"question\",\"value\":\"Do You Ship Internationally?\"},{\"key\":\"answer\",\"value\":\"Hoodie tote bag mixtape tofu. Typewriter jean shorts wolf quinoa, messenger bag organic freegan cray.\"}],[{\"key\":\"question\",\"value\":\"How Long Will It Take To Get My Package?\"},{\"key\":\"answer\",\"value\":\"Swag slow-carb quinoa VHS typewriter pork belly brunch, paleo single-origin coffee Wes Anderson. Flexitarian Pitchfork forage, literally paleo fap pour-over. Wes Anderson Pinterest YOLO fanny pack meggings, deep v XOXO chambray sustainable slow-carb raw denim church-key fap chillwave Etsy. +1 typewriter kitsch, American Apparel tofu Banksy Vice.\"}],[{\"key\":\"question\",\"value\":\"What Payment Methods Are Accepted?\"},{\"key\":\"answer\",\"value\":\"Fashion axe DIY jean shorts, swag kale chips meh polaroid kogi butcher Wes Anderson chambray next level semiotics gentrify yr. Voluptate photo booth fugiat Vice. Austin sed Williamsburg, ea labore raw denim voluptate cred proident mixtape excepteur mustache. Twee chia photo booth readymade food truck, hoodie roof party swag keytar PBR DIY.\"}],[{\"key\":\"question\",\"value\":\"Is Buying On-Line Safe?\"},{\"key\":\"answer\",\"value\":\"Art party authentic freegan semiotics jean shorts chia cred. Neutra Austin roof party Brooklyn, synth Thundercats swag 8-bit photo booth. Plaid letterpress leggings craft beer meh ethical Pinterest.\"}]]]',26,'Botble\\Ecommerce\\Models\\Product','2025-05-20 14:07:32','2025-05-20 14:07:32'),(88,'faq_schema_config','[[[{\"key\":\"question\",\"value\":\"What Shipping Methods Are Available?\"},{\"key\":\"answer\",\"value\":\"Ex Portland Pitchfork irure mustache. Eutra fap before they sold out literally. Aliquip ugh bicycle rights actually mlkshk, seitan squid craft beer tempor.\"}],[{\"key\":\"question\",\"value\":\"Do You Ship Internationally?\"},{\"key\":\"answer\",\"value\":\"Hoodie tote bag mixtape tofu. Typewriter jean shorts wolf quinoa, messenger bag organic freegan cray.\"}],[{\"key\":\"question\",\"value\":\"How Long Will It Take To Get My Package?\"},{\"key\":\"answer\",\"value\":\"Swag slow-carb quinoa VHS typewriter pork belly brunch, paleo single-origin coffee Wes Anderson. Flexitarian Pitchfork forage, literally paleo fap pour-over. Wes Anderson Pinterest YOLO fanny pack meggings, deep v XOXO chambray sustainable slow-carb raw denim church-key fap chillwave Etsy. +1 typewriter kitsch, American Apparel tofu Banksy Vice.\"}],[{\"key\":\"question\",\"value\":\"What Payment Methods Are Accepted?\"},{\"key\":\"answer\",\"value\":\"Fashion axe DIY jean shorts, swag kale chips meh polaroid kogi butcher Wes Anderson chambray next level semiotics gentrify yr. Voluptate photo booth fugiat Vice. Austin sed Williamsburg, ea labore raw denim voluptate cred proident mixtape excepteur mustache. Twee chia photo booth readymade food truck, hoodie roof party swag keytar PBR DIY.\"}],[{\"key\":\"question\",\"value\":\"Is Buying On-Line Safe?\"},{\"key\":\"answer\",\"value\":\"Art party authentic freegan semiotics jean shorts chia cred. Neutra Austin roof party Brooklyn, synth Thundercats swag 8-bit photo booth. Plaid letterpress leggings craft beer meh ethical Pinterest.\"}]]]',27,'Botble\\Ecommerce\\Models\\Product','2025-05-20 14:07:32','2025-05-20 14:07:32'),(89,'faq_schema_config','[[[{\"key\":\"question\",\"value\":\"What Shipping Methods Are Available?\"},{\"key\":\"answer\",\"value\":\"Ex Portland Pitchfork irure mustache. Eutra fap before they sold out literally. Aliquip ugh bicycle rights actually mlkshk, seitan squid craft beer tempor.\"}],[{\"key\":\"question\",\"value\":\"Do You Ship Internationally?\"},{\"key\":\"answer\",\"value\":\"Hoodie tote bag mixtape tofu. Typewriter jean shorts wolf quinoa, messenger bag organic freegan cray.\"}],[{\"key\":\"question\",\"value\":\"How Long Will It Take To Get My Package?\"},{\"key\":\"answer\",\"value\":\"Swag slow-carb quinoa VHS typewriter pork belly brunch, paleo single-origin coffee Wes Anderson. Flexitarian Pitchfork forage, literally paleo fap pour-over. Wes Anderson Pinterest YOLO fanny pack meggings, deep v XOXO chambray sustainable slow-carb raw denim church-key fap chillwave Etsy. +1 typewriter kitsch, American Apparel tofu Banksy Vice.\"}],[{\"key\":\"question\",\"value\":\"What Payment Methods Are Accepted?\"},{\"key\":\"answer\",\"value\":\"Fashion axe DIY jean shorts, swag kale chips meh polaroid kogi butcher Wes Anderson chambray next level semiotics gentrify yr. Voluptate photo booth fugiat Vice. Austin sed Williamsburg, ea labore raw denim voluptate cred proident mixtape excepteur mustache. Twee chia photo booth readymade food truck, hoodie roof party swag keytar PBR DIY.\"}],[{\"key\":\"question\",\"value\":\"Is Buying On-Line Safe?\"},{\"key\":\"answer\",\"value\":\"Art party authentic freegan semiotics jean shorts chia cred. Neutra Austin roof party Brooklyn, synth Thundercats swag 8-bit photo booth. Plaid letterpress leggings craft beer meh ethical Pinterest.\"}]]]',28,'Botble\\Ecommerce\\Models\\Product','2025-05-20 14:07:32','2025-05-20 14:07:32'),(90,'faq_schema_config','[[[{\"key\":\"question\",\"value\":\"What Shipping Methods Are Available?\"},{\"key\":\"answer\",\"value\":\"Ex Portland Pitchfork irure mustache. Eutra fap before they sold out literally. Aliquip ugh bicycle rights actually mlkshk, seitan squid craft beer tempor.\"}],[{\"key\":\"question\",\"value\":\"Do You Ship Internationally?\"},{\"key\":\"answer\",\"value\":\"Hoodie tote bag mixtape tofu. Typewriter jean shorts wolf quinoa, messenger bag organic freegan cray.\"}],[{\"key\":\"question\",\"value\":\"How Long Will It Take To Get My Package?\"},{\"key\":\"answer\",\"value\":\"Swag slow-carb quinoa VHS typewriter pork belly brunch, paleo single-origin coffee Wes Anderson. Flexitarian Pitchfork forage, literally paleo fap pour-over. Wes Anderson Pinterest YOLO fanny pack meggings, deep v XOXO chambray sustainable slow-carb raw denim church-key fap chillwave Etsy. +1 typewriter kitsch, American Apparel tofu Banksy Vice.\"}],[{\"key\":\"question\",\"value\":\"What Payment Methods Are Accepted?\"},{\"key\":\"answer\",\"value\":\"Fashion axe DIY jean shorts, swag kale chips meh polaroid kogi butcher Wes Anderson chambray next level semiotics gentrify yr. Voluptate photo booth fugiat Vice. Austin sed Williamsburg, ea labore raw denim voluptate cred proident mixtape excepteur mustache. Twee chia photo booth readymade food truck, hoodie roof party swag keytar PBR DIY.\"}],[{\"key\":\"question\",\"value\":\"Is Buying On-Line Safe?\"},{\"key\":\"answer\",\"value\":\"Art party authentic freegan semiotics jean shorts chia cred. Neutra Austin roof party Brooklyn, synth Thundercats swag 8-bit photo booth. Plaid letterpress leggings craft beer meh ethical Pinterest.\"}]]]',29,'Botble\\Ecommerce\\Models\\Product','2025-05-20 14:07:32','2025-05-20 14:07:32'),(91,'faq_schema_config','[[[{\"key\":\"question\",\"value\":\"What Shipping Methods Are Available?\"},{\"key\":\"answer\",\"value\":\"Ex Portland Pitchfork irure mustache. Eutra fap before they sold out literally. Aliquip ugh bicycle rights actually mlkshk, seitan squid craft beer tempor.\"}],[{\"key\":\"question\",\"value\":\"Do You Ship Internationally?\"},{\"key\":\"answer\",\"value\":\"Hoodie tote bag mixtape tofu. Typewriter jean shorts wolf quinoa, messenger bag organic freegan cray.\"}],[{\"key\":\"question\",\"value\":\"How Long Will It Take To Get My Package?\"},{\"key\":\"answer\",\"value\":\"Swag slow-carb quinoa VHS typewriter pork belly brunch, paleo single-origin coffee Wes Anderson. Flexitarian Pitchfork forage, literally paleo fap pour-over. Wes Anderson Pinterest YOLO fanny pack meggings, deep v XOXO chambray sustainable slow-carb raw denim church-key fap chillwave Etsy. +1 typewriter kitsch, American Apparel tofu Banksy Vice.\"}],[{\"key\":\"question\",\"value\":\"What Payment Methods Are Accepted?\"},{\"key\":\"answer\",\"value\":\"Fashion axe DIY jean shorts, swag kale chips meh polaroid kogi butcher Wes Anderson chambray next level semiotics gentrify yr. Voluptate photo booth fugiat Vice. Austin sed Williamsburg, ea labore raw denim voluptate cred proident mixtape excepteur mustache. Twee chia photo booth readymade food truck, hoodie roof party swag keytar PBR DIY.\"}],[{\"key\":\"question\",\"value\":\"Is Buying On-Line Safe?\"},{\"key\":\"answer\",\"value\":\"Art party authentic freegan semiotics jean shorts chia cred. Neutra Austin roof party Brooklyn, synth Thundercats swag 8-bit photo booth. Plaid letterpress leggings craft beer meh ethical Pinterest.\"}]]]',30,'Botble\\Ecommerce\\Models\\Product','2025-05-20 14:07:32','2025-05-20 14:07:32'),(92,'faq_schema_config','[[[{\"key\":\"question\",\"value\":\"What Shipping Methods Are Available?\"},{\"key\":\"answer\",\"value\":\"Ex Portland Pitchfork irure mustache. Eutra fap before they sold out literally. Aliquip ugh bicycle rights actually mlkshk, seitan squid craft beer tempor.\"}],[{\"key\":\"question\",\"value\":\"Do You Ship Internationally?\"},{\"key\":\"answer\",\"value\":\"Hoodie tote bag mixtape tofu. Typewriter jean shorts wolf quinoa, messenger bag organic freegan cray.\"}],[{\"key\":\"question\",\"value\":\"How Long Will It Take To Get My Package?\"},{\"key\":\"answer\",\"value\":\"Swag slow-carb quinoa VHS typewriter pork belly brunch, paleo single-origin coffee Wes Anderson. Flexitarian Pitchfork forage, literally paleo fap pour-over. Wes Anderson Pinterest YOLO fanny pack meggings, deep v XOXO chambray sustainable slow-carb raw denim church-key fap chillwave Etsy. +1 typewriter kitsch, American Apparel tofu Banksy Vice.\"}],[{\"key\":\"question\",\"value\":\"What Payment Methods Are Accepted?\"},{\"key\":\"answer\",\"value\":\"Fashion axe DIY jean shorts, swag kale chips meh polaroid kogi butcher Wes Anderson chambray next level semiotics gentrify yr. Voluptate photo booth fugiat Vice. Austin sed Williamsburg, ea labore raw denim voluptate cred proident mixtape excepteur mustache. Twee chia photo booth readymade food truck, hoodie roof party swag keytar PBR DIY.\"}],[{\"key\":\"question\",\"value\":\"Is Buying On-Line Safe?\"},{\"key\":\"answer\",\"value\":\"Art party authentic freegan semiotics jean shorts chia cred. Neutra Austin roof party Brooklyn, synth Thundercats swag 8-bit photo booth. Plaid letterpress leggings craft beer meh ethical Pinterest.\"}]]]',31,'Botble\\Ecommerce\\Models\\Product','2025-05-20 14:07:32','2025-05-20 14:07:32'),(93,'faq_schema_config','[[[{\"key\":\"question\",\"value\":\"What Shipping Methods Are Available?\"},{\"key\":\"answer\",\"value\":\"Ex Portland Pitchfork irure mustache. Eutra fap before they sold out literally. Aliquip ugh bicycle rights actually mlkshk, seitan squid craft beer tempor.\"}],[{\"key\":\"question\",\"value\":\"Do You Ship Internationally?\"},{\"key\":\"answer\",\"value\":\"Hoodie tote bag mixtape tofu. Typewriter jean shorts wolf quinoa, messenger bag organic freegan cray.\"}],[{\"key\":\"question\",\"value\":\"How Long Will It Take To Get My Package?\"},{\"key\":\"answer\",\"value\":\"Swag slow-carb quinoa VHS typewriter pork belly brunch, paleo single-origin coffee Wes Anderson. Flexitarian Pitchfork forage, literally paleo fap pour-over. Wes Anderson Pinterest YOLO fanny pack meggings, deep v XOXO chambray sustainable slow-carb raw denim church-key fap chillwave Etsy. +1 typewriter kitsch, American Apparel tofu Banksy Vice.\"}],[{\"key\":\"question\",\"value\":\"What Payment Methods Are Accepted?\"},{\"key\":\"answer\",\"value\":\"Fashion axe DIY jean shorts, swag kale chips meh polaroid kogi butcher Wes Anderson chambray next level semiotics gentrify yr. Voluptate photo booth fugiat Vice. Austin sed Williamsburg, ea labore raw denim voluptate cred proident mixtape excepteur mustache. Twee chia photo booth readymade food truck, hoodie roof party swag keytar PBR DIY.\"}],[{\"key\":\"question\",\"value\":\"Is Buying On-Line Safe?\"},{\"key\":\"answer\",\"value\":\"Art party authentic freegan semiotics jean shorts chia cred. Neutra Austin roof party Brooklyn, synth Thundercats swag 8-bit photo booth. Plaid letterpress leggings craft beer meh ethical Pinterest.\"}]]]',32,'Botble\\Ecommerce\\Models\\Product','2025-05-20 14:07:32','2025-05-20 14:07:32'),(94,'faq_schema_config','[[[{\"key\":\"question\",\"value\":\"What Shipping Methods Are Available?\"},{\"key\":\"answer\",\"value\":\"Ex Portland Pitchfork irure mustache. Eutra fap before they sold out literally. Aliquip ugh bicycle rights actually mlkshk, seitan squid craft beer tempor.\"}],[{\"key\":\"question\",\"value\":\"Do You Ship Internationally?\"},{\"key\":\"answer\",\"value\":\"Hoodie tote bag mixtape tofu. Typewriter jean shorts wolf quinoa, messenger bag organic freegan cray.\"}],[{\"key\":\"question\",\"value\":\"How Long Will It Take To Get My Package?\"},{\"key\":\"answer\",\"value\":\"Swag slow-carb quinoa VHS typewriter pork belly brunch, paleo single-origin coffee Wes Anderson. Flexitarian Pitchfork forage, literally paleo fap pour-over. Wes Anderson Pinterest YOLO fanny pack meggings, deep v XOXO chambray sustainable slow-carb raw denim church-key fap chillwave Etsy. +1 typewriter kitsch, American Apparel tofu Banksy Vice.\"}],[{\"key\":\"question\",\"value\":\"What Payment Methods Are Accepted?\"},{\"key\":\"answer\",\"value\":\"Fashion axe DIY jean shorts, swag kale chips meh polaroid kogi butcher Wes Anderson chambray next level semiotics gentrify yr. Voluptate photo booth fugiat Vice. Austin sed Williamsburg, ea labore raw denim voluptate cred proident mixtape excepteur mustache. Twee chia photo booth readymade food truck, hoodie roof party swag keytar PBR DIY.\"}],[{\"key\":\"question\",\"value\":\"Is Buying On-Line Safe?\"},{\"key\":\"answer\",\"value\":\"Art party authentic freegan semiotics jean shorts chia cred. Neutra Austin roof party Brooklyn, synth Thundercats swag 8-bit photo booth. Plaid letterpress leggings craft beer meh ethical Pinterest.\"}]]]',33,'Botble\\Ecommerce\\Models\\Product','2025-05-20 14:07:33','2025-05-20 14:07:33'),(95,'faq_schema_config','[[[{\"key\":\"question\",\"value\":\"What Shipping Methods Are Available?\"},{\"key\":\"answer\",\"value\":\"Ex Portland Pitchfork irure mustache. Eutra fap before they sold out literally. Aliquip ugh bicycle rights actually mlkshk, seitan squid craft beer tempor.\"}],[{\"key\":\"question\",\"value\":\"Do You Ship Internationally?\"},{\"key\":\"answer\",\"value\":\"Hoodie tote bag mixtape tofu. Typewriter jean shorts wolf quinoa, messenger bag organic freegan cray.\"}],[{\"key\":\"question\",\"value\":\"How Long Will It Take To Get My Package?\"},{\"key\":\"answer\",\"value\":\"Swag slow-carb quinoa VHS typewriter pork belly brunch, paleo single-origin coffee Wes Anderson. Flexitarian Pitchfork forage, literally paleo fap pour-over. Wes Anderson Pinterest YOLO fanny pack meggings, deep v XOXO chambray sustainable slow-carb raw denim church-key fap chillwave Etsy. +1 typewriter kitsch, American Apparel tofu Banksy Vice.\"}],[{\"key\":\"question\",\"value\":\"What Payment Methods Are Accepted?\"},{\"key\":\"answer\",\"value\":\"Fashion axe DIY jean shorts, swag kale chips meh polaroid kogi butcher Wes Anderson chambray next level semiotics gentrify yr. Voluptate photo booth fugiat Vice. Austin sed Williamsburg, ea labore raw denim voluptate cred proident mixtape excepteur mustache. Twee chia photo booth readymade food truck, hoodie roof party swag keytar PBR DIY.\"}],[{\"key\":\"question\",\"value\":\"Is Buying On-Line Safe?\"},{\"key\":\"answer\",\"value\":\"Art party authentic freegan semiotics jean shorts chia cred. Neutra Austin roof party Brooklyn, synth Thundercats swag 8-bit photo booth. Plaid letterpress leggings craft beer meh ethical Pinterest.\"}]]]',34,'Botble\\Ecommerce\\Models\\Product','2025-05-20 14:07:33','2025-05-20 14:07:33'),(96,'faq_schema_config','[[[{\"key\":\"question\",\"value\":\"What Shipping Methods Are Available?\"},{\"key\":\"answer\",\"value\":\"Ex Portland Pitchfork irure mustache. Eutra fap before they sold out literally. Aliquip ugh bicycle rights actually mlkshk, seitan squid craft beer tempor.\"}],[{\"key\":\"question\",\"value\":\"Do You Ship Internationally?\"},{\"key\":\"answer\",\"value\":\"Hoodie tote bag mixtape tofu. Typewriter jean shorts wolf quinoa, messenger bag organic freegan cray.\"}],[{\"key\":\"question\",\"value\":\"How Long Will It Take To Get My Package?\"},{\"key\":\"answer\",\"value\":\"Swag slow-carb quinoa VHS typewriter pork belly brunch, paleo single-origin coffee Wes Anderson. Flexitarian Pitchfork forage, literally paleo fap pour-over. Wes Anderson Pinterest YOLO fanny pack meggings, deep v XOXO chambray sustainable slow-carb raw denim church-key fap chillwave Etsy. +1 typewriter kitsch, American Apparel tofu Banksy Vice.\"}],[{\"key\":\"question\",\"value\":\"What Payment Methods Are Accepted?\"},{\"key\":\"answer\",\"value\":\"Fashion axe DIY jean shorts, swag kale chips meh polaroid kogi butcher Wes Anderson chambray next level semiotics gentrify yr. Voluptate photo booth fugiat Vice. Austin sed Williamsburg, ea labore raw denim voluptate cred proident mixtape excepteur mustache. Twee chia photo booth readymade food truck, hoodie roof party swag keytar PBR DIY.\"}],[{\"key\":\"question\",\"value\":\"Is Buying On-Line Safe?\"},{\"key\":\"answer\",\"value\":\"Art party authentic freegan semiotics jean shorts chia cred. Neutra Austin roof party Brooklyn, synth Thundercats swag 8-bit photo booth. Plaid letterpress leggings craft beer meh ethical Pinterest.\"}]]]',35,'Botble\\Ecommerce\\Models\\Product','2025-05-20 14:07:33','2025-05-20 14:07:33'),(97,'faq_schema_config','[[[{\"key\":\"question\",\"value\":\"What Shipping Methods Are Available?\"},{\"key\":\"answer\",\"value\":\"Ex Portland Pitchfork irure mustache. Eutra fap before they sold out literally. Aliquip ugh bicycle rights actually mlkshk, seitan squid craft beer tempor.\"}],[{\"key\":\"question\",\"value\":\"Do You Ship Internationally?\"},{\"key\":\"answer\",\"value\":\"Hoodie tote bag mixtape tofu. Typewriter jean shorts wolf quinoa, messenger bag organic freegan cray.\"}],[{\"key\":\"question\",\"value\":\"How Long Will It Take To Get My Package?\"},{\"key\":\"answer\",\"value\":\"Swag slow-carb quinoa VHS typewriter pork belly brunch, paleo single-origin coffee Wes Anderson. Flexitarian Pitchfork forage, literally paleo fap pour-over. Wes Anderson Pinterest YOLO fanny pack meggings, deep v XOXO chambray sustainable slow-carb raw denim church-key fap chillwave Etsy. +1 typewriter kitsch, American Apparel tofu Banksy Vice.\"}],[{\"key\":\"question\",\"value\":\"What Payment Methods Are Accepted?\"},{\"key\":\"answer\",\"value\":\"Fashion axe DIY jean shorts, swag kale chips meh polaroid kogi butcher Wes Anderson chambray next level semiotics gentrify yr. Voluptate photo booth fugiat Vice. Austin sed Williamsburg, ea labore raw denim voluptate cred proident mixtape excepteur mustache. Twee chia photo booth readymade food truck, hoodie roof party swag keytar PBR DIY.\"}],[{\"key\":\"question\",\"value\":\"Is Buying On-Line Safe?\"},{\"key\":\"answer\",\"value\":\"Art party authentic freegan semiotics jean shorts chia cred. Neutra Austin roof party Brooklyn, synth Thundercats swag 8-bit photo booth. Plaid letterpress leggings craft beer meh ethical Pinterest.\"}]]]',36,'Botble\\Ecommerce\\Models\\Product','2025-05-20 14:07:33','2025-05-20 14:07:33'),(99,'faq_schema_config','[[[{\"key\":\"question\",\"value\":\"What Shipping Methods Are Available?\"},{\"key\":\"answer\",\"value\":\"Ex Portland Pitchfork irure mustache. Eutra fap before they sold out literally. Aliquip ugh bicycle rights actually mlkshk, seitan squid craft beer tempor.\"}],[{\"key\":\"question\",\"value\":\"Do You Ship Internationally?\"},{\"key\":\"answer\",\"value\":\"Hoodie tote bag mixtape tofu. Typewriter jean shorts wolf quinoa, messenger bag organic freegan cray.\"}],[{\"key\":\"question\",\"value\":\"How Long Will It Take To Get My Package?\"},{\"key\":\"answer\",\"value\":\"Swag slow-carb quinoa VHS typewriter pork belly brunch, paleo single-origin coffee Wes Anderson. Flexitarian Pitchfork forage, literally paleo fap pour-over. Wes Anderson Pinterest YOLO fanny pack meggings, deep v XOXO chambray sustainable slow-carb raw denim church-key fap chillwave Etsy. +1 typewriter kitsch, American Apparel tofu Banksy Vice.\"}],[{\"key\":\"question\",\"value\":\"What Payment Methods Are Accepted?\"},{\"key\":\"answer\",\"value\":\"Fashion axe DIY jean shorts, swag kale chips meh polaroid kogi butcher Wes Anderson chambray next level semiotics gentrify yr. Voluptate photo booth fugiat Vice. Austin sed Williamsburg, ea labore raw denim voluptate cred proident mixtape excepteur mustache. Twee chia photo booth readymade food truck, hoodie roof party swag keytar PBR DIY.\"}],[{\"key\":\"question\",\"value\":\"Is Buying On-Line Safe?\"},{\"key\":\"answer\",\"value\":\"Art party authentic freegan semiotics jean shorts chia cred. Neutra Austin roof party Brooklyn, synth Thundercats swag 8-bit photo booth. Plaid letterpress leggings craft beer meh ethical Pinterest.\"}]]]',38,'Botble\\Ecommerce\\Models\\Product','2025-05-20 14:07:33','2025-05-20 14:07:33'),(100,'faq_schema_config','[[[{\"key\":\"question\",\"value\":\"What Shipping Methods Are Available?\"},{\"key\":\"answer\",\"value\":\"Ex Portland Pitchfork irure mustache. Eutra fap before they sold out literally. Aliquip ugh bicycle rights actually mlkshk, seitan squid craft beer tempor.\"}],[{\"key\":\"question\",\"value\":\"Do You Ship Internationally?\"},{\"key\":\"answer\",\"value\":\"Hoodie tote bag mixtape tofu. Typewriter jean shorts wolf quinoa, messenger bag organic freegan cray.\"}],[{\"key\":\"question\",\"value\":\"How Long Will It Take To Get My Package?\"},{\"key\":\"answer\",\"value\":\"Swag slow-carb quinoa VHS typewriter pork belly brunch, paleo single-origin coffee Wes Anderson. Flexitarian Pitchfork forage, literally paleo fap pour-over. Wes Anderson Pinterest YOLO fanny pack meggings, deep v XOXO chambray sustainable slow-carb raw denim church-key fap chillwave Etsy. +1 typewriter kitsch, American Apparel tofu Banksy Vice.\"}],[{\"key\":\"question\",\"value\":\"What Payment Methods Are Accepted?\"},{\"key\":\"answer\",\"value\":\"Fashion axe DIY jean shorts, swag kale chips meh polaroid kogi butcher Wes Anderson chambray next level semiotics gentrify yr. Voluptate photo booth fugiat Vice. Austin sed Williamsburg, ea labore raw denim voluptate cred proident mixtape excepteur mustache. Twee chia photo booth readymade food truck, hoodie roof party swag keytar PBR DIY.\"}],[{\"key\":\"question\",\"value\":\"Is Buying On-Line Safe?\"},{\"key\":\"answer\",\"value\":\"Art party authentic freegan semiotics jean shorts chia cred. Neutra Austin roof party Brooklyn, synth Thundercats swag 8-bit photo booth. Plaid letterpress leggings craft beer meh ethical Pinterest.\"}]]]',39,'Botble\\Ecommerce\\Models\\Product','2025-05-20 14:07:33','2025-05-20 14:07:33'),(101,'faq_schema_config','[[[{\"key\":\"question\",\"value\":\"What Shipping Methods Are Available?\"},{\"key\":\"answer\",\"value\":\"Ex Portland Pitchfork irure mustache. Eutra fap before they sold out literally. Aliquip ugh bicycle rights actually mlkshk, seitan squid craft beer tempor.\"}],[{\"key\":\"question\",\"value\":\"Do You Ship Internationally?\"},{\"key\":\"answer\",\"value\":\"Hoodie tote bag mixtape tofu. Typewriter jean shorts wolf quinoa, messenger bag organic freegan cray.\"}],[{\"key\":\"question\",\"value\":\"How Long Will It Take To Get My Package?\"},{\"key\":\"answer\",\"value\":\"Swag slow-carb quinoa VHS typewriter pork belly brunch, paleo single-origin coffee Wes Anderson. Flexitarian Pitchfork forage, literally paleo fap pour-over. Wes Anderson Pinterest YOLO fanny pack meggings, deep v XOXO chambray sustainable slow-carb raw denim church-key fap chillwave Etsy. +1 typewriter kitsch, American Apparel tofu Banksy Vice.\"}],[{\"key\":\"question\",\"value\":\"What Payment Methods Are Accepted?\"},{\"key\":\"answer\",\"value\":\"Fashion axe DIY jean shorts, swag kale chips meh polaroid kogi butcher Wes Anderson chambray next level semiotics gentrify yr. Voluptate photo booth fugiat Vice. Austin sed Williamsburg, ea labore raw denim voluptate cred proident mixtape excepteur mustache. Twee chia photo booth readymade food truck, hoodie roof party swag keytar PBR DIY.\"}],[{\"key\":\"question\",\"value\":\"Is Buying On-Line Safe?\"},{\"key\":\"answer\",\"value\":\"Art party authentic freegan semiotics jean shorts chia cred. Neutra Austin roof party Brooklyn, synth Thundercats swag 8-bit photo booth. Plaid letterpress leggings craft beer meh ethical Pinterest.\"}]]]',40,'Botble\\Ecommerce\\Models\\Product','2025-05-20 14:07:33','2025-05-20 14:07:33'),(102,'faq_schema_config','[[[{\"key\":\"question\",\"value\":\"What Shipping Methods Are Available?\"},{\"key\":\"answer\",\"value\":\"Ex Portland Pitchfork irure mustache. Eutra fap before they sold out literally. Aliquip ugh bicycle rights actually mlkshk, seitan squid craft beer tempor.\"}],[{\"key\":\"question\",\"value\":\"Do You Ship Internationally?\"},{\"key\":\"answer\",\"value\":\"Hoodie tote bag mixtape tofu. Typewriter jean shorts wolf quinoa, messenger bag organic freegan cray.\"}],[{\"key\":\"question\",\"value\":\"How Long Will It Take To Get My Package?\"},{\"key\":\"answer\",\"value\":\"Swag slow-carb quinoa VHS typewriter pork belly brunch, paleo single-origin coffee Wes Anderson. Flexitarian Pitchfork forage, literally paleo fap pour-over. Wes Anderson Pinterest YOLO fanny pack meggings, deep v XOXO chambray sustainable slow-carb raw denim church-key fap chillwave Etsy. +1 typewriter kitsch, American Apparel tofu Banksy Vice.\"}],[{\"key\":\"question\",\"value\":\"What Payment Methods Are Accepted?\"},{\"key\":\"answer\",\"value\":\"Fashion axe DIY jean shorts, swag kale chips meh polaroid kogi butcher Wes Anderson chambray next level semiotics gentrify yr. Voluptate photo booth fugiat Vice. Austin sed Williamsburg, ea labore raw denim voluptate cred proident mixtape excepteur mustache. Twee chia photo booth readymade food truck, hoodie roof party swag keytar PBR DIY.\"}],[{\"key\":\"question\",\"value\":\"Is Buying On-Line Safe?\"},{\"key\":\"answer\",\"value\":\"Art party authentic freegan semiotics jean shorts chia cred. Neutra Austin roof party Brooklyn, synth Thundercats swag 8-bit photo booth. Plaid letterpress leggings craft beer meh ethical Pinterest.\"}]]]',41,'Botble\\Ecommerce\\Models\\Product','2025-05-20 14:07:33','2025-05-20 14:07:33'),(103,'faq_schema_config','[[[{\"key\":\"question\",\"value\":\"What Shipping Methods Are Available?\"},{\"key\":\"answer\",\"value\":\"Ex Portland Pitchfork irure mustache. Eutra fap before they sold out literally. Aliquip ugh bicycle rights actually mlkshk, seitan squid craft beer tempor.\"}],[{\"key\":\"question\",\"value\":\"Do You Ship Internationally?\"},{\"key\":\"answer\",\"value\":\"Hoodie tote bag mixtape tofu. Typewriter jean shorts wolf quinoa, messenger bag organic freegan cray.\"}],[{\"key\":\"question\",\"value\":\"How Long Will It Take To Get My Package?\"},{\"key\":\"answer\",\"value\":\"Swag slow-carb quinoa VHS typewriter pork belly brunch, paleo single-origin coffee Wes Anderson. Flexitarian Pitchfork forage, literally paleo fap pour-over. Wes Anderson Pinterest YOLO fanny pack meggings, deep v XOXO chambray sustainable slow-carb raw denim church-key fap chillwave Etsy. +1 typewriter kitsch, American Apparel tofu Banksy Vice.\"}],[{\"key\":\"question\",\"value\":\"What Payment Methods Are Accepted?\"},{\"key\":\"answer\",\"value\":\"Fashion axe DIY jean shorts, swag kale chips meh polaroid kogi butcher Wes Anderson chambray next level semiotics gentrify yr. Voluptate photo booth fugiat Vice. Austin sed Williamsburg, ea labore raw denim voluptate cred proident mixtape excepteur mustache. Twee chia photo booth readymade food truck, hoodie roof party swag keytar PBR DIY.\"}],[{\"key\":\"question\",\"value\":\"Is Buying On-Line Safe?\"},{\"key\":\"answer\",\"value\":\"Art party authentic freegan semiotics jean shorts chia cred. Neutra Austin roof party Brooklyn, synth Thundercats swag 8-bit photo booth. Plaid letterpress leggings craft beer meh ethical Pinterest.\"}]]]',42,'Botble\\Ecommerce\\Models\\Product','2025-05-20 14:07:33','2025-05-20 14:07:33'),(104,'faq_schema_config','[[[{\"key\":\"question\",\"value\":\"What Shipping Methods Are Available?\"},{\"key\":\"answer\",\"value\":\"Ex Portland Pitchfork irure mustache. Eutra fap before they sold out literally. Aliquip ugh bicycle rights actually mlkshk, seitan squid craft beer tempor.\"}],[{\"key\":\"question\",\"value\":\"Do You Ship Internationally?\"},{\"key\":\"answer\",\"value\":\"Hoodie tote bag mixtape tofu. Typewriter jean shorts wolf quinoa, messenger bag organic freegan cray.\"}],[{\"key\":\"question\",\"value\":\"How Long Will It Take To Get My Package?\"},{\"key\":\"answer\",\"value\":\"Swag slow-carb quinoa VHS typewriter pork belly brunch, paleo single-origin coffee Wes Anderson. Flexitarian Pitchfork forage, literally paleo fap pour-over. Wes Anderson Pinterest YOLO fanny pack meggings, deep v XOXO chambray sustainable slow-carb raw denim church-key fap chillwave Etsy. +1 typewriter kitsch, American Apparel tofu Banksy Vice.\"}],[{\"key\":\"question\",\"value\":\"What Payment Methods Are Accepted?\"},{\"key\":\"answer\",\"value\":\"Fashion axe DIY jean shorts, swag kale chips meh polaroid kogi butcher Wes Anderson chambray next level semiotics gentrify yr. Voluptate photo booth fugiat Vice. Austin sed Williamsburg, ea labore raw denim voluptate cred proident mixtape excepteur mustache. Twee chia photo booth readymade food truck, hoodie roof party swag keytar PBR DIY.\"}],[{\"key\":\"question\",\"value\":\"Is Buying On-Line Safe?\"},{\"key\":\"answer\",\"value\":\"Art party authentic freegan semiotics jean shorts chia cred. Neutra Austin roof party Brooklyn, synth Thundercats swag 8-bit photo booth. Plaid letterpress leggings craft beer meh ethical Pinterest.\"}]]]',43,'Botble\\Ecommerce\\Models\\Product','2025-05-20 14:07:33','2025-05-20 14:07:33'),(105,'faq_schema_config','[[[{\"key\":\"question\",\"value\":\"What Shipping Methods Are Available?\"},{\"key\":\"answer\",\"value\":\"Ex Portland Pitchfork irure mustache. Eutra fap before they sold out literally. Aliquip ugh bicycle rights actually mlkshk, seitan squid craft beer tempor.\"}],[{\"key\":\"question\",\"value\":\"Do You Ship Internationally?\"},{\"key\":\"answer\",\"value\":\"Hoodie tote bag mixtape tofu. Typewriter jean shorts wolf quinoa, messenger bag organic freegan cray.\"}],[{\"key\":\"question\",\"value\":\"How Long Will It Take To Get My Package?\"},{\"key\":\"answer\",\"value\":\"Swag slow-carb quinoa VHS typewriter pork belly brunch, paleo single-origin coffee Wes Anderson. Flexitarian Pitchfork forage, literally paleo fap pour-over. Wes Anderson Pinterest YOLO fanny pack meggings, deep v XOXO chambray sustainable slow-carb raw denim church-key fap chillwave Etsy. +1 typewriter kitsch, American Apparel tofu Banksy Vice.\"}],[{\"key\":\"question\",\"value\":\"What Payment Methods Are Accepted?\"},{\"key\":\"answer\",\"value\":\"Fashion axe DIY jean shorts, swag kale chips meh polaroid kogi butcher Wes Anderson chambray next level semiotics gentrify yr. Voluptate photo booth fugiat Vice. Austin sed Williamsburg, ea labore raw denim voluptate cred proident mixtape excepteur mustache. Twee chia photo booth readymade food truck, hoodie roof party swag keytar PBR DIY.\"}],[{\"key\":\"question\",\"value\":\"Is Buying On-Line Safe?\"},{\"key\":\"answer\",\"value\":\"Art party authentic freegan semiotics jean shorts chia cred. Neutra Austin roof party Brooklyn, synth Thundercats swag 8-bit photo booth. Plaid letterpress leggings craft beer meh ethical Pinterest.\"}]]]',44,'Botble\\Ecommerce\\Models\\Product','2025-05-20 14:07:33','2025-05-20 14:07:33'),(106,'faq_schema_config','[[[{\"key\":\"question\",\"value\":\"What Shipping Methods Are Available?\"},{\"key\":\"answer\",\"value\":\"Ex Portland Pitchfork irure mustache. Eutra fap before they sold out literally. Aliquip ugh bicycle rights actually mlkshk, seitan squid craft beer tempor.\"}],[{\"key\":\"question\",\"value\":\"Do You Ship Internationally?\"},{\"key\":\"answer\",\"value\":\"Hoodie tote bag mixtape tofu. Typewriter jean shorts wolf quinoa, messenger bag organic freegan cray.\"}],[{\"key\":\"question\",\"value\":\"How Long Will It Take To Get My Package?\"},{\"key\":\"answer\",\"value\":\"Swag slow-carb quinoa VHS typewriter pork belly brunch, paleo single-origin coffee Wes Anderson. Flexitarian Pitchfork forage, literally paleo fap pour-over. Wes Anderson Pinterest YOLO fanny pack meggings, deep v XOXO chambray sustainable slow-carb raw denim church-key fap chillwave Etsy. +1 typewriter kitsch, American Apparel tofu Banksy Vice.\"}],[{\"key\":\"question\",\"value\":\"What Payment Methods Are Accepted?\"},{\"key\":\"answer\",\"value\":\"Fashion axe DIY jean shorts, swag kale chips meh polaroid kogi butcher Wes Anderson chambray next level semiotics gentrify yr. Voluptate photo booth fugiat Vice. Austin sed Williamsburg, ea labore raw denim voluptate cred proident mixtape excepteur mustache. Twee chia photo booth readymade food truck, hoodie roof party swag keytar PBR DIY.\"}],[{\"key\":\"question\",\"value\":\"Is Buying On-Line Safe?\"},{\"key\":\"answer\",\"value\":\"Art party authentic freegan semiotics jean shorts chia cred. Neutra Austin roof party Brooklyn, synth Thundercats swag 8-bit photo booth. Plaid letterpress leggings craft beer meh ethical Pinterest.\"}]]]',45,'Botble\\Ecommerce\\Models\\Product','2025-05-20 14:07:33','2025-05-20 14:07:33'),(108,'faq_schema_config','[[[{\"key\":\"question\",\"value\":\"What Shipping Methods Are Available?\"},{\"key\":\"answer\",\"value\":\"Ex Portland Pitchfork irure mustache. Eutra fap before they sold out literally. Aliquip ugh bicycle rights actually mlkshk, seitan squid craft beer tempor.\"}],[{\"key\":\"question\",\"value\":\"Do You Ship Internationally?\"},{\"key\":\"answer\",\"value\":\"Hoodie tote bag mixtape tofu. Typewriter jean shorts wolf quinoa, messenger bag organic freegan cray.\"}],[{\"key\":\"question\",\"value\":\"How Long Will It Take To Get My Package?\"},{\"key\":\"answer\",\"value\":\"Swag slow-carb quinoa VHS typewriter pork belly brunch, paleo single-origin coffee Wes Anderson. Flexitarian Pitchfork forage, literally paleo fap pour-over. Wes Anderson Pinterest YOLO fanny pack meggings, deep v XOXO chambray sustainable slow-carb raw denim church-key fap chillwave Etsy. +1 typewriter kitsch, American Apparel tofu Banksy Vice.\"}],[{\"key\":\"question\",\"value\":\"What Payment Methods Are Accepted?\"},{\"key\":\"answer\",\"value\":\"Fashion axe DIY jean shorts, swag kale chips meh polaroid kogi butcher Wes Anderson chambray next level semiotics gentrify yr. Voluptate photo booth fugiat Vice. Austin sed Williamsburg, ea labore raw denim voluptate cred proident mixtape excepteur mustache. Twee chia photo booth readymade food truck, hoodie roof party swag keytar PBR DIY.\"}],[{\"key\":\"question\",\"value\":\"Is Buying On-Line Safe?\"},{\"key\":\"answer\",\"value\":\"Art party authentic freegan semiotics jean shorts chia cred. Neutra Austin roof party Brooklyn, synth Thundercats swag 8-bit photo booth. Plaid letterpress leggings craft beer meh ethical Pinterest.\"}]]]',47,'Botble\\Ecommerce\\Models\\Product','2025-05-20 14:07:33','2025-05-20 14:07:33'),(110,'faq_schema_config','[[[{\"key\":\"question\",\"value\":\"What Shipping Methods Are Available?\"},{\"key\":\"answer\",\"value\":\"Ex Portland Pitchfork irure mustache. Eutra fap before they sold out literally. Aliquip ugh bicycle rights actually mlkshk, seitan squid craft beer tempor.\"}],[{\"key\":\"question\",\"value\":\"Do You Ship Internationally?\"},{\"key\":\"answer\",\"value\":\"Hoodie tote bag mixtape tofu. Typewriter jean shorts wolf quinoa, messenger bag organic freegan cray.\"}],[{\"key\":\"question\",\"value\":\"How Long Will It Take To Get My Package?\"},{\"key\":\"answer\",\"value\":\"Swag slow-carb quinoa VHS typewriter pork belly brunch, paleo single-origin coffee Wes Anderson. Flexitarian Pitchfork forage, literally paleo fap pour-over. Wes Anderson Pinterest YOLO fanny pack meggings, deep v XOXO chambray sustainable slow-carb raw denim church-key fap chillwave Etsy. +1 typewriter kitsch, American Apparel tofu Banksy Vice.\"}],[{\"key\":\"question\",\"value\":\"What Payment Methods Are Accepted?\"},{\"key\":\"answer\",\"value\":\"Fashion axe DIY jean shorts, swag kale chips meh polaroid kogi butcher Wes Anderson chambray next level semiotics gentrify yr. Voluptate photo booth fugiat Vice. Austin sed Williamsburg, ea labore raw denim voluptate cred proident mixtape excepteur mustache. Twee chia photo booth readymade food truck, hoodie roof party swag keytar PBR DIY.\"}],[{\"key\":\"question\",\"value\":\"Is Buying On-Line Safe?\"},{\"key\":\"answer\",\"value\":\"Art party authentic freegan semiotics jean shorts chia cred. Neutra Austin roof party Brooklyn, synth Thundercats swag 8-bit photo booth. Plaid letterpress leggings craft beer meh ethical Pinterest.\"}]]]',49,'Botble\\Ecommerce\\Models\\Product','2025-05-20 14:07:33','2025-05-20 14:07:33'),(112,'faq_schema_config','[[[{\"key\":\"question\",\"value\":\"What Shipping Methods Are Available?\"},{\"key\":\"answer\",\"value\":\"Ex Portland Pitchfork irure mustache. Eutra fap before they sold out literally. Aliquip ugh bicycle rights actually mlkshk, seitan squid craft beer tempor.\"}],[{\"key\":\"question\",\"value\":\"Do You Ship Internationally?\"},{\"key\":\"answer\",\"value\":\"Hoodie tote bag mixtape tofu. Typewriter jean shorts wolf quinoa, messenger bag organic freegan cray.\"}],[{\"key\":\"question\",\"value\":\"How Long Will It Take To Get My Package?\"},{\"key\":\"answer\",\"value\":\"Swag slow-carb quinoa VHS typewriter pork belly brunch, paleo single-origin coffee Wes Anderson. Flexitarian Pitchfork forage, literally paleo fap pour-over. Wes Anderson Pinterest YOLO fanny pack meggings, deep v XOXO chambray sustainable slow-carb raw denim church-key fap chillwave Etsy. +1 typewriter kitsch, American Apparel tofu Banksy Vice.\"}],[{\"key\":\"question\",\"value\":\"What Payment Methods Are Accepted?\"},{\"key\":\"answer\",\"value\":\"Fashion axe DIY jean shorts, swag kale chips meh polaroid kogi butcher Wes Anderson chambray next level semiotics gentrify yr. Voluptate photo booth fugiat Vice. Austin sed Williamsburg, ea labore raw denim voluptate cred proident mixtape excepteur mustache. Twee chia photo booth readymade food truck, hoodie roof party swag keytar PBR DIY.\"}],[{\"key\":\"question\",\"value\":\"Is Buying On-Line Safe?\"},{\"key\":\"answer\",\"value\":\"Art party authentic freegan semiotics jean shorts chia cred. Neutra Austin roof party Brooklyn, synth Thundercats swag 8-bit photo booth. Plaid letterpress leggings craft beer meh ethical Pinterest.\"}]]]',51,'Botble\\Ecommerce\\Models\\Product','2025-05-20 14:07:33','2025-05-20 14:07:33'),(113,'faq_schema_config','[[[{\"key\":\"question\",\"value\":\"What Shipping Methods Are Available?\"},{\"key\":\"answer\",\"value\":\"Ex Portland Pitchfork irure mustache. Eutra fap before they sold out literally. Aliquip ugh bicycle rights actually mlkshk, seitan squid craft beer tempor.\"}],[{\"key\":\"question\",\"value\":\"Do You Ship Internationally?\"},{\"key\":\"answer\",\"value\":\"Hoodie tote bag mixtape tofu. Typewriter jean shorts wolf quinoa, messenger bag organic freegan cray.\"}],[{\"key\":\"question\",\"value\":\"How Long Will It Take To Get My Package?\"},{\"key\":\"answer\",\"value\":\"Swag slow-carb quinoa VHS typewriter pork belly brunch, paleo single-origin coffee Wes Anderson. Flexitarian Pitchfork forage, literally paleo fap pour-over. Wes Anderson Pinterest YOLO fanny pack meggings, deep v XOXO chambray sustainable slow-carb raw denim church-key fap chillwave Etsy. +1 typewriter kitsch, American Apparel tofu Banksy Vice.\"}],[{\"key\":\"question\",\"value\":\"What Payment Methods Are Accepted?\"},{\"key\":\"answer\",\"value\":\"Fashion axe DIY jean shorts, swag kale chips meh polaroid kogi butcher Wes Anderson chambray next level semiotics gentrify yr. Voluptate photo booth fugiat Vice. Austin sed Williamsburg, ea labore raw denim voluptate cred proident mixtape excepteur mustache. Twee chia photo booth readymade food truck, hoodie roof party swag keytar PBR DIY.\"}],[{\"key\":\"question\",\"value\":\"Is Buying On-Line Safe?\"},{\"key\":\"answer\",\"value\":\"Art party authentic freegan semiotics jean shorts chia cred. Neutra Austin roof party Brooklyn, synth Thundercats swag 8-bit photo booth. Plaid letterpress leggings craft beer meh ethical Pinterest.\"}]]]',52,'Botble\\Ecommerce\\Models\\Product','2025-05-20 14:07:33','2025-05-20 14:07:33'),(114,'faq_schema_config','[[[{\"key\":\"question\",\"value\":\"What Shipping Methods Are Available?\"},{\"key\":\"answer\",\"value\":\"Ex Portland Pitchfork irure mustache. Eutra fap before they sold out literally. Aliquip ugh bicycle rights actually mlkshk, seitan squid craft beer tempor.\"}],[{\"key\":\"question\",\"value\":\"Do You Ship Internationally?\"},{\"key\":\"answer\",\"value\":\"Hoodie tote bag mixtape tofu. Typewriter jean shorts wolf quinoa, messenger bag organic freegan cray.\"}],[{\"key\":\"question\",\"value\":\"How Long Will It Take To Get My Package?\"},{\"key\":\"answer\",\"value\":\"Swag slow-carb quinoa VHS typewriter pork belly brunch, paleo single-origin coffee Wes Anderson. Flexitarian Pitchfork forage, literally paleo fap pour-over. Wes Anderson Pinterest YOLO fanny pack meggings, deep v XOXO chambray sustainable slow-carb raw denim church-key fap chillwave Etsy. +1 typewriter kitsch, American Apparel tofu Banksy Vice.\"}],[{\"key\":\"question\",\"value\":\"What Payment Methods Are Accepted?\"},{\"key\":\"answer\",\"value\":\"Fashion axe DIY jean shorts, swag kale chips meh polaroid kogi butcher Wes Anderson chambray next level semiotics gentrify yr. Voluptate photo booth fugiat Vice. Austin sed Williamsburg, ea labore raw denim voluptate cred proident mixtape excepteur mustache. Twee chia photo booth readymade food truck, hoodie roof party swag keytar PBR DIY.\"}],[{\"key\":\"question\",\"value\":\"Is Buying On-Line Safe?\"},{\"key\":\"answer\",\"value\":\"Art party authentic freegan semiotics jean shorts chia cred. Neutra Austin roof party Brooklyn, synth Thundercats swag 8-bit photo booth. Plaid letterpress leggings craft beer meh ethical Pinterest.\"}]]]',53,'Botble\\Ecommerce\\Models\\Product','2025-05-20 14:07:33','2025-05-20 14:07:33'),(115,'faq_schema_config','[[[{\"key\":\"question\",\"value\":\"What Shipping Methods Are Available?\"},{\"key\":\"answer\",\"value\":\"Ex Portland Pitchfork irure mustache. Eutra fap before they sold out literally. Aliquip ugh bicycle rights actually mlkshk, seitan squid craft beer tempor.\"}],[{\"key\":\"question\",\"value\":\"Do You Ship Internationally?\"},{\"key\":\"answer\",\"value\":\"Hoodie tote bag mixtape tofu. Typewriter jean shorts wolf quinoa, messenger bag organic freegan cray.\"}],[{\"key\":\"question\",\"value\":\"How Long Will It Take To Get My Package?\"},{\"key\":\"answer\",\"value\":\"Swag slow-carb quinoa VHS typewriter pork belly brunch, paleo single-origin coffee Wes Anderson. Flexitarian Pitchfork forage, literally paleo fap pour-over. Wes Anderson Pinterest YOLO fanny pack meggings, deep v XOXO chambray sustainable slow-carb raw denim church-key fap chillwave Etsy. +1 typewriter kitsch, American Apparel tofu Banksy Vice.\"}],[{\"key\":\"question\",\"value\":\"What Payment Methods Are Accepted?\"},{\"key\":\"answer\",\"value\":\"Fashion axe DIY jean shorts, swag kale chips meh polaroid kogi butcher Wes Anderson chambray next level semiotics gentrify yr. Voluptate photo booth fugiat Vice. Austin sed Williamsburg, ea labore raw denim voluptate cred proident mixtape excepteur mustache. Twee chia photo booth readymade food truck, hoodie roof party swag keytar PBR DIY.\"}],[{\"key\":\"question\",\"value\":\"Is Buying On-Line Safe?\"},{\"key\":\"answer\",\"value\":\"Art party authentic freegan semiotics jean shorts chia cred. Neutra Austin roof party Brooklyn, synth Thundercats swag 8-bit photo booth. Plaid letterpress leggings craft beer meh ethical Pinterest.\"}]]]',54,'Botble\\Ecommerce\\Models\\Product','2025-05-20 14:07:33','2025-05-20 14:07:33'),(116,'faq_schema_config','[[[{\"key\":\"question\",\"value\":\"What Shipping Methods Are Available?\"},{\"key\":\"answer\",\"value\":\"Ex Portland Pitchfork irure mustache. Eutra fap before they sold out literally. Aliquip ugh bicycle rights actually mlkshk, seitan squid craft beer tempor.\"}],[{\"key\":\"question\",\"value\":\"Do You Ship Internationally?\"},{\"key\":\"answer\",\"value\":\"Hoodie tote bag mixtape tofu. Typewriter jean shorts wolf quinoa, messenger bag organic freegan cray.\"}],[{\"key\":\"question\",\"value\":\"How Long Will It Take To Get My Package?\"},{\"key\":\"answer\",\"value\":\"Swag slow-carb quinoa VHS typewriter pork belly brunch, paleo single-origin coffee Wes Anderson. Flexitarian Pitchfork forage, literally paleo fap pour-over. Wes Anderson Pinterest YOLO fanny pack meggings, deep v XOXO chambray sustainable slow-carb raw denim church-key fap chillwave Etsy. +1 typewriter kitsch, American Apparel tofu Banksy Vice.\"}],[{\"key\":\"question\",\"value\":\"What Payment Methods Are Accepted?\"},{\"key\":\"answer\",\"value\":\"Fashion axe DIY jean shorts, swag kale chips meh polaroid kogi butcher Wes Anderson chambray next level semiotics gentrify yr. Voluptate photo booth fugiat Vice. Austin sed Williamsburg, ea labore raw denim voluptate cred proident mixtape excepteur mustache. Twee chia photo booth readymade food truck, hoodie roof party swag keytar PBR DIY.\"}],[{\"key\":\"question\",\"value\":\"Is Buying On-Line Safe?\"},{\"key\":\"answer\",\"value\":\"Art party authentic freegan semiotics jean shorts chia cred. Neutra Austin roof party Brooklyn, synth Thundercats swag 8-bit photo booth. Plaid letterpress leggings craft beer meh ethical Pinterest.\"}]]]',55,'Botble\\Ecommerce\\Models\\Product','2025-05-20 14:07:33','2025-05-20 14:07:33'),(117,'faq_schema_config','[[[{\"key\":\"question\",\"value\":\"What Shipping Methods Are Available?\"},{\"key\":\"answer\",\"value\":\"Ex Portland Pitchfork irure mustache. Eutra fap before they sold out literally. Aliquip ugh bicycle rights actually mlkshk, seitan squid craft beer tempor.\"}],[{\"key\":\"question\",\"value\":\"Do You Ship Internationally?\"},{\"key\":\"answer\",\"value\":\"Hoodie tote bag mixtape tofu. Typewriter jean shorts wolf quinoa, messenger bag organic freegan cray.\"}],[{\"key\":\"question\",\"value\":\"How Long Will It Take To Get My Package?\"},{\"key\":\"answer\",\"value\":\"Swag slow-carb quinoa VHS typewriter pork belly brunch, paleo single-origin coffee Wes Anderson. Flexitarian Pitchfork forage, literally paleo fap pour-over. Wes Anderson Pinterest YOLO fanny pack meggings, deep v XOXO chambray sustainable slow-carb raw denim church-key fap chillwave Etsy. +1 typewriter kitsch, American Apparel tofu Banksy Vice.\"}],[{\"key\":\"question\",\"value\":\"What Payment Methods Are Accepted?\"},{\"key\":\"answer\",\"value\":\"Fashion axe DIY jean shorts, swag kale chips meh polaroid kogi butcher Wes Anderson chambray next level semiotics gentrify yr. Voluptate photo booth fugiat Vice. Austin sed Williamsburg, ea labore raw denim voluptate cred proident mixtape excepteur mustache. Twee chia photo booth readymade food truck, hoodie roof party swag keytar PBR DIY.\"}],[{\"key\":\"question\",\"value\":\"Is Buying On-Line Safe?\"},{\"key\":\"answer\",\"value\":\"Art party authentic freegan semiotics jean shorts chia cred. Neutra Austin roof party Brooklyn, synth Thundercats swag 8-bit photo booth. Plaid letterpress leggings craft beer meh ethical Pinterest.\"}]]]',56,'Botble\\Ecommerce\\Models\\Product','2025-05-20 14:07:33','2025-05-20 14:07:33'),(118,'faq_schema_config','[[[{\"key\":\"question\",\"value\":\"What Shipping Methods Are Available?\"},{\"key\":\"answer\",\"value\":\"Ex Portland Pitchfork irure mustache. Eutra fap before they sold out literally. Aliquip ugh bicycle rights actually mlkshk, seitan squid craft beer tempor.\"}],[{\"key\":\"question\",\"value\":\"Do You Ship Internationally?\"},{\"key\":\"answer\",\"value\":\"Hoodie tote bag mixtape tofu. Typewriter jean shorts wolf quinoa, messenger bag organic freegan cray.\"}],[{\"key\":\"question\",\"value\":\"How Long Will It Take To Get My Package?\"},{\"key\":\"answer\",\"value\":\"Swag slow-carb quinoa VHS typewriter pork belly brunch, paleo single-origin coffee Wes Anderson. Flexitarian Pitchfork forage, literally paleo fap pour-over. Wes Anderson Pinterest YOLO fanny pack meggings, deep v XOXO chambray sustainable slow-carb raw denim church-key fap chillwave Etsy. +1 typewriter kitsch, American Apparel tofu Banksy Vice.\"}],[{\"key\":\"question\",\"value\":\"What Payment Methods Are Accepted?\"},{\"key\":\"answer\",\"value\":\"Fashion axe DIY jean shorts, swag kale chips meh polaroid kogi butcher Wes Anderson chambray next level semiotics gentrify yr. Voluptate photo booth fugiat Vice. Austin sed Williamsburg, ea labore raw denim voluptate cred proident mixtape excepteur mustache. Twee chia photo booth readymade food truck, hoodie roof party swag keytar PBR DIY.\"}],[{\"key\":\"question\",\"value\":\"Is Buying On-Line Safe?\"},{\"key\":\"answer\",\"value\":\"Art party authentic freegan semiotics jean shorts chia cred. Neutra Austin roof party Brooklyn, synth Thundercats swag 8-bit photo booth. Plaid letterpress leggings craft beer meh ethical Pinterest.\"}]]]',57,'Botble\\Ecommerce\\Models\\Product','2025-05-20 14:07:33','2025-05-20 14:07:33'),(119,'faq_schema_config','[[[{\"key\":\"question\",\"value\":\"What Shipping Methods Are Available?\"},{\"key\":\"answer\",\"value\":\"Ex Portland Pitchfork irure mustache. Eutra fap before they sold out literally. Aliquip ugh bicycle rights actually mlkshk, seitan squid craft beer tempor.\"}],[{\"key\":\"question\",\"value\":\"Do You Ship Internationally?\"},{\"key\":\"answer\",\"value\":\"Hoodie tote bag mixtape tofu. Typewriter jean shorts wolf quinoa, messenger bag organic freegan cray.\"}],[{\"key\":\"question\",\"value\":\"How Long Will It Take To Get My Package?\"},{\"key\":\"answer\",\"value\":\"Swag slow-carb quinoa VHS typewriter pork belly brunch, paleo single-origin coffee Wes Anderson. Flexitarian Pitchfork forage, literally paleo fap pour-over. Wes Anderson Pinterest YOLO fanny pack meggings, deep v XOXO chambray sustainable slow-carb raw denim church-key fap chillwave Etsy. +1 typewriter kitsch, American Apparel tofu Banksy Vice.\"}],[{\"key\":\"question\",\"value\":\"What Payment Methods Are Accepted?\"},{\"key\":\"answer\",\"value\":\"Fashion axe DIY jean shorts, swag kale chips meh polaroid kogi butcher Wes Anderson chambray next level semiotics gentrify yr. Voluptate photo booth fugiat Vice. Austin sed Williamsburg, ea labore raw denim voluptate cred proident mixtape excepteur mustache. Twee chia photo booth readymade food truck, hoodie roof party swag keytar PBR DIY.\"}],[{\"key\":\"question\",\"value\":\"Is Buying On-Line Safe?\"},{\"key\":\"answer\",\"value\":\"Art party authentic freegan semiotics jean shorts chia cred. Neutra Austin roof party Brooklyn, synth Thundercats swag 8-bit photo booth. Plaid letterpress leggings craft beer meh ethical Pinterest.\"}]]]',58,'Botble\\Ecommerce\\Models\\Product','2025-05-20 14:07:33','2025-05-20 14:07:33'),(120,'faq_schema_config','[[[{\"key\":\"question\",\"value\":\"What Shipping Methods Are Available?\"},{\"key\":\"answer\",\"value\":\"Ex Portland Pitchfork irure mustache. Eutra fap before they sold out literally. Aliquip ugh bicycle rights actually mlkshk, seitan squid craft beer tempor.\"}],[{\"key\":\"question\",\"value\":\"Do You Ship Internationally?\"},{\"key\":\"answer\",\"value\":\"Hoodie tote bag mixtape tofu. Typewriter jean shorts wolf quinoa, messenger bag organic freegan cray.\"}],[{\"key\":\"question\",\"value\":\"How Long Will It Take To Get My Package?\"},{\"key\":\"answer\",\"value\":\"Swag slow-carb quinoa VHS typewriter pork belly brunch, paleo single-origin coffee Wes Anderson. Flexitarian Pitchfork forage, literally paleo fap pour-over. Wes Anderson Pinterest YOLO fanny pack meggings, deep v XOXO chambray sustainable slow-carb raw denim church-key fap chillwave Etsy. +1 typewriter kitsch, American Apparel tofu Banksy Vice.\"}],[{\"key\":\"question\",\"value\":\"What Payment Methods Are Accepted?\"},{\"key\":\"answer\",\"value\":\"Fashion axe DIY jean shorts, swag kale chips meh polaroid kogi butcher Wes Anderson chambray next level semiotics gentrify yr. Voluptate photo booth fugiat Vice. Austin sed Williamsburg, ea labore raw denim voluptate cred proident mixtape excepteur mustache. Twee chia photo booth readymade food truck, hoodie roof party swag keytar PBR DIY.\"}],[{\"key\":\"question\",\"value\":\"Is Buying On-Line Safe?\"},{\"key\":\"answer\",\"value\":\"Art party authentic freegan semiotics jean shorts chia cred. Neutra Austin roof party Brooklyn, synth Thundercats swag 8-bit photo booth. Plaid letterpress leggings craft beer meh ethical Pinterest.\"}]]]',59,'Botble\\Ecommerce\\Models\\Product','2025-05-20 14:07:33','2025-05-20 14:07:33'),(121,'faq_schema_config','[[[{\"key\":\"question\",\"value\":\"What Shipping Methods Are Available?\"},{\"key\":\"answer\",\"value\":\"Ex Portland Pitchfork irure mustache. Eutra fap before they sold out literally. Aliquip ugh bicycle rights actually mlkshk, seitan squid craft beer tempor.\"}],[{\"key\":\"question\",\"value\":\"Do You Ship Internationally?\"},{\"key\":\"answer\",\"value\":\"Hoodie tote bag mixtape tofu. Typewriter jean shorts wolf quinoa, messenger bag organic freegan cray.\"}],[{\"key\":\"question\",\"value\":\"How Long Will It Take To Get My Package?\"},{\"key\":\"answer\",\"value\":\"Swag slow-carb quinoa VHS typewriter pork belly brunch, paleo single-origin coffee Wes Anderson. Flexitarian Pitchfork forage, literally paleo fap pour-over. Wes Anderson Pinterest YOLO fanny pack meggings, deep v XOXO chambray sustainable slow-carb raw denim church-key fap chillwave Etsy. +1 typewriter kitsch, American Apparel tofu Banksy Vice.\"}],[{\"key\":\"question\",\"value\":\"What Payment Methods Are Accepted?\"},{\"key\":\"answer\",\"value\":\"Fashion axe DIY jean shorts, swag kale chips meh polaroid kogi butcher Wes Anderson chambray next level semiotics gentrify yr. Voluptate photo booth fugiat Vice. Austin sed Williamsburg, ea labore raw denim voluptate cred proident mixtape excepteur mustache. Twee chia photo booth readymade food truck, hoodie roof party swag keytar PBR DIY.\"}],[{\"key\":\"question\",\"value\":\"Is Buying On-Line Safe?\"},{\"key\":\"answer\",\"value\":\"Art party authentic freegan semiotics jean shorts chia cred. Neutra Austin roof party Brooklyn, synth Thundercats swag 8-bit photo booth. Plaid letterpress leggings craft beer meh ethical Pinterest.\"}]]]',60,'Botble\\Ecommerce\\Models\\Product','2025-05-20 14:07:33','2025-05-20 14:07:33'),(122,'faq_schema_config','[[[{\"key\":\"question\",\"value\":\"What Shipping Methods Are Available?\"},{\"key\":\"answer\",\"value\":\"Ex Portland Pitchfork irure mustache. Eutra fap before they sold out literally. Aliquip ugh bicycle rights actually mlkshk, seitan squid craft beer tempor.\"}],[{\"key\":\"question\",\"value\":\"Do You Ship Internationally?\"},{\"key\":\"answer\",\"value\":\"Hoodie tote bag mixtape tofu. Typewriter jean shorts wolf quinoa, messenger bag organic freegan cray.\"}],[{\"key\":\"question\",\"value\":\"How Long Will It Take To Get My Package?\"},{\"key\":\"answer\",\"value\":\"Swag slow-carb quinoa VHS typewriter pork belly brunch, paleo single-origin coffee Wes Anderson. Flexitarian Pitchfork forage, literally paleo fap pour-over. Wes Anderson Pinterest YOLO fanny pack meggings, deep v XOXO chambray sustainable slow-carb raw denim church-key fap chillwave Etsy. +1 typewriter kitsch, American Apparel tofu Banksy Vice.\"}],[{\"key\":\"question\",\"value\":\"What Payment Methods Are Accepted?\"},{\"key\":\"answer\",\"value\":\"Fashion axe DIY jean shorts, swag kale chips meh polaroid kogi butcher Wes Anderson chambray next level semiotics gentrify yr. Voluptate photo booth fugiat Vice. Austin sed Williamsburg, ea labore raw denim voluptate cred proident mixtape excepteur mustache. Twee chia photo booth readymade food truck, hoodie roof party swag keytar PBR DIY.\"}],[{\"key\":\"question\",\"value\":\"Is Buying On-Line Safe?\"},{\"key\":\"answer\",\"value\":\"Art party authentic freegan semiotics jean shorts chia cred. Neutra Austin roof party Brooklyn, synth Thundercats swag 8-bit photo booth. Plaid letterpress leggings craft beer meh ethical Pinterest.\"}]]]',61,'Botble\\Ecommerce\\Models\\Product','2025-05-20 14:07:33','2025-05-20 14:07:33'),(123,'faq_schema_config','[[[{\"key\":\"question\",\"value\":\"What Shipping Methods Are Available?\"},{\"key\":\"answer\",\"value\":\"Ex Portland Pitchfork irure mustache. Eutra fap before they sold out literally. Aliquip ugh bicycle rights actually mlkshk, seitan squid craft beer tempor.\"}],[{\"key\":\"question\",\"value\":\"Do You Ship Internationally?\"},{\"key\":\"answer\",\"value\":\"Hoodie tote bag mixtape tofu. Typewriter jean shorts wolf quinoa, messenger bag organic freegan cray.\"}],[{\"key\":\"question\",\"value\":\"How Long Will It Take To Get My Package?\"},{\"key\":\"answer\",\"value\":\"Swag slow-carb quinoa VHS typewriter pork belly brunch, paleo single-origin coffee Wes Anderson. Flexitarian Pitchfork forage, literally paleo fap pour-over. Wes Anderson Pinterest YOLO fanny pack meggings, deep v XOXO chambray sustainable slow-carb raw denim church-key fap chillwave Etsy. +1 typewriter kitsch, American Apparel tofu Banksy Vice.\"}],[{\"key\":\"question\",\"value\":\"What Payment Methods Are Accepted?\"},{\"key\":\"answer\",\"value\":\"Fashion axe DIY jean shorts, swag kale chips meh polaroid kogi butcher Wes Anderson chambray next level semiotics gentrify yr. Voluptate photo booth fugiat Vice. Austin sed Williamsburg, ea labore raw denim voluptate cred proident mixtape excepteur mustache. Twee chia photo booth readymade food truck, hoodie roof party swag keytar PBR DIY.\"}],[{\"key\":\"question\",\"value\":\"Is Buying On-Line Safe?\"},{\"key\":\"answer\",\"value\":\"Art party authentic freegan semiotics jean shorts chia cred. Neutra Austin roof party Brooklyn, synth Thundercats swag 8-bit photo booth. Plaid letterpress leggings craft beer meh ethical Pinterest.\"}]]]',62,'Botble\\Ecommerce\\Models\\Product','2025-05-20 14:07:33','2025-05-20 14:07:33'),(124,'faq_schema_config','[[[{\"key\":\"question\",\"value\":\"What Shipping Methods Are Available?\"},{\"key\":\"answer\",\"value\":\"Ex Portland Pitchfork irure mustache. Eutra fap before they sold out literally. Aliquip ugh bicycle rights actually mlkshk, seitan squid craft beer tempor.\"}],[{\"key\":\"question\",\"value\":\"Do You Ship Internationally?\"},{\"key\":\"answer\",\"value\":\"Hoodie tote bag mixtape tofu. Typewriter jean shorts wolf quinoa, messenger bag organic freegan cray.\"}],[{\"key\":\"question\",\"value\":\"How Long Will It Take To Get My Package?\"},{\"key\":\"answer\",\"value\":\"Swag slow-carb quinoa VHS typewriter pork belly brunch, paleo single-origin coffee Wes Anderson. Flexitarian Pitchfork forage, literally paleo fap pour-over. Wes Anderson Pinterest YOLO fanny pack meggings, deep v XOXO chambray sustainable slow-carb raw denim church-key fap chillwave Etsy. +1 typewriter kitsch, American Apparel tofu Banksy Vice.\"}],[{\"key\":\"question\",\"value\":\"What Payment Methods Are Accepted?\"},{\"key\":\"answer\",\"value\":\"Fashion axe DIY jean shorts, swag kale chips meh polaroid kogi butcher Wes Anderson chambray next level semiotics gentrify yr. Voluptate photo booth fugiat Vice. Austin sed Williamsburg, ea labore raw denim voluptate cred proident mixtape excepteur mustache. Twee chia photo booth readymade food truck, hoodie roof party swag keytar PBR DIY.\"}],[{\"key\":\"question\",\"value\":\"Is Buying On-Line Safe?\"},{\"key\":\"answer\",\"value\":\"Art party authentic freegan semiotics jean shorts chia cred. Neutra Austin roof party Brooklyn, synth Thundercats swag 8-bit photo booth. Plaid letterpress leggings craft beer meh ethical Pinterest.\"}]]]',63,'Botble\\Ecommerce\\Models\\Product','2025-05-20 14:07:33','2025-05-20 14:07:33'),(125,'faq_schema_config','[[[{\"key\":\"question\",\"value\":\"What Shipping Methods Are Available?\"},{\"key\":\"answer\",\"value\":\"Ex Portland Pitchfork irure mustache. Eutra fap before they sold out literally. Aliquip ugh bicycle rights actually mlkshk, seitan squid craft beer tempor.\"}],[{\"key\":\"question\",\"value\":\"Do You Ship Internationally?\"},{\"key\":\"answer\",\"value\":\"Hoodie tote bag mixtape tofu. Typewriter jean shorts wolf quinoa, messenger bag organic freegan cray.\"}],[{\"key\":\"question\",\"value\":\"How Long Will It Take To Get My Package?\"},{\"key\":\"answer\",\"value\":\"Swag slow-carb quinoa VHS typewriter pork belly brunch, paleo single-origin coffee Wes Anderson. Flexitarian Pitchfork forage, literally paleo fap pour-over. Wes Anderson Pinterest YOLO fanny pack meggings, deep v XOXO chambray sustainable slow-carb raw denim church-key fap chillwave Etsy. +1 typewriter kitsch, American Apparel tofu Banksy Vice.\"}],[{\"key\":\"question\",\"value\":\"What Payment Methods Are Accepted?\"},{\"key\":\"answer\",\"value\":\"Fashion axe DIY jean shorts, swag kale chips meh polaroid kogi butcher Wes Anderson chambray next level semiotics gentrify yr. Voluptate photo booth fugiat Vice. Austin sed Williamsburg, ea labore raw denim voluptate cred proident mixtape excepteur mustache. Twee chia photo booth readymade food truck, hoodie roof party swag keytar PBR DIY.\"}],[{\"key\":\"question\",\"value\":\"Is Buying On-Line Safe?\"},{\"key\":\"answer\",\"value\":\"Art party authentic freegan semiotics jean shorts chia cred. Neutra Austin roof party Brooklyn, synth Thundercats swag 8-bit photo booth. Plaid letterpress leggings craft beer meh ethical Pinterest.\"}]]]',64,'Botble\\Ecommerce\\Models\\Product','2025-05-20 14:07:33','2025-05-20 14:07:33'),(126,'faq_schema_config','[[[{\"key\":\"question\",\"value\":\"What Shipping Methods Are Available?\"},{\"key\":\"answer\",\"value\":\"Ex Portland Pitchfork irure mustache. Eutra fap before they sold out literally. Aliquip ugh bicycle rights actually mlkshk, seitan squid craft beer tempor.\"}],[{\"key\":\"question\",\"value\":\"Do You Ship Internationally?\"},{\"key\":\"answer\",\"value\":\"Hoodie tote bag mixtape tofu. Typewriter jean shorts wolf quinoa, messenger bag organic freegan cray.\"}],[{\"key\":\"question\",\"value\":\"How Long Will It Take To Get My Package?\"},{\"key\":\"answer\",\"value\":\"Swag slow-carb quinoa VHS typewriter pork belly brunch, paleo single-origin coffee Wes Anderson. Flexitarian Pitchfork forage, literally paleo fap pour-over. Wes Anderson Pinterest YOLO fanny pack meggings, deep v XOXO chambray sustainable slow-carb raw denim church-key fap chillwave Etsy. +1 typewriter kitsch, American Apparel tofu Banksy Vice.\"}],[{\"key\":\"question\",\"value\":\"What Payment Methods Are Accepted?\"},{\"key\":\"answer\",\"value\":\"Fashion axe DIY jean shorts, swag kale chips meh polaroid kogi butcher Wes Anderson chambray next level semiotics gentrify yr. Voluptate photo booth fugiat Vice. Austin sed Williamsburg, ea labore raw denim voluptate cred proident mixtape excepteur mustache. Twee chia photo booth readymade food truck, hoodie roof party swag keytar PBR DIY.\"}],[{\"key\":\"question\",\"value\":\"Is Buying On-Line Safe?\"},{\"key\":\"answer\",\"value\":\"Art party authentic freegan semiotics jean shorts chia cred. Neutra Austin roof party Brooklyn, synth Thundercats swag 8-bit photo booth. Plaid letterpress leggings craft beer meh ethical Pinterest.\"}]]]',65,'Botble\\Ecommerce\\Models\\Product','2025-05-20 14:07:34','2025-05-20 14:07:34'),(127,'faq_schema_config','[[[{\"key\":\"question\",\"value\":\"What Shipping Methods Are Available?\"},{\"key\":\"answer\",\"value\":\"Ex Portland Pitchfork irure mustache. Eutra fap before they sold out literally. Aliquip ugh bicycle rights actually mlkshk, seitan squid craft beer tempor.\"}],[{\"key\":\"question\",\"value\":\"Do You Ship Internationally?\"},{\"key\":\"answer\",\"value\":\"Hoodie tote bag mixtape tofu. Typewriter jean shorts wolf quinoa, messenger bag organic freegan cray.\"}],[{\"key\":\"question\",\"value\":\"How Long Will It Take To Get My Package?\"},{\"key\":\"answer\",\"value\":\"Swag slow-carb quinoa VHS typewriter pork belly brunch, paleo single-origin coffee Wes Anderson. Flexitarian Pitchfork forage, literally paleo fap pour-over. Wes Anderson Pinterest YOLO fanny pack meggings, deep v XOXO chambray sustainable slow-carb raw denim church-key fap chillwave Etsy. +1 typewriter kitsch, American Apparel tofu Banksy Vice.\"}],[{\"key\":\"question\",\"value\":\"What Payment Methods Are Accepted?\"},{\"key\":\"answer\",\"value\":\"Fashion axe DIY jean shorts, swag kale chips meh polaroid kogi butcher Wes Anderson chambray next level semiotics gentrify yr. Voluptate photo booth fugiat Vice. Austin sed Williamsburg, ea labore raw denim voluptate cred proident mixtape excepteur mustache. Twee chia photo booth readymade food truck, hoodie roof party swag keytar PBR DIY.\"}],[{\"key\":\"question\",\"value\":\"Is Buying On-Line Safe?\"},{\"key\":\"answer\",\"value\":\"Art party authentic freegan semiotics jean shorts chia cred. Neutra Austin roof party Brooklyn, synth Thundercats swag 8-bit photo booth. Plaid letterpress leggings craft beer meh ethical Pinterest.\"}]]]',66,'Botble\\Ecommerce\\Models\\Product','2025-05-20 14:07:34','2025-05-20 14:07:34'),(128,'faq_schema_config','[[[{\"key\":\"question\",\"value\":\"What Shipping Methods Are Available?\"},{\"key\":\"answer\",\"value\":\"Ex Portland Pitchfork irure mustache. Eutra fap before they sold out literally. Aliquip ugh bicycle rights actually mlkshk, seitan squid craft beer tempor.\"}],[{\"key\":\"question\",\"value\":\"Do You Ship Internationally?\"},{\"key\":\"answer\",\"value\":\"Hoodie tote bag mixtape tofu. Typewriter jean shorts wolf quinoa, messenger bag organic freegan cray.\"}],[{\"key\":\"question\",\"value\":\"How Long Will It Take To Get My Package?\"},{\"key\":\"answer\",\"value\":\"Swag slow-carb quinoa VHS typewriter pork belly brunch, paleo single-origin coffee Wes Anderson. Flexitarian Pitchfork forage, literally paleo fap pour-over. Wes Anderson Pinterest YOLO fanny pack meggings, deep v XOXO chambray sustainable slow-carb raw denim church-key fap chillwave Etsy. +1 typewriter kitsch, American Apparel tofu Banksy Vice.\"}],[{\"key\":\"question\",\"value\":\"What Payment Methods Are Accepted?\"},{\"key\":\"answer\",\"value\":\"Fashion axe DIY jean shorts, swag kale chips meh polaroid kogi butcher Wes Anderson chambray next level semiotics gentrify yr. Voluptate photo booth fugiat Vice. Austin sed Williamsburg, ea labore raw denim voluptate cred proident mixtape excepteur mustache. Twee chia photo booth readymade food truck, hoodie roof party swag keytar PBR DIY.\"}],[{\"key\":\"question\",\"value\":\"Is Buying On-Line Safe?\"},{\"key\":\"answer\",\"value\":\"Art party authentic freegan semiotics jean shorts chia cred. Neutra Austin roof party Brooklyn, synth Thundercats swag 8-bit photo booth. Plaid letterpress leggings craft beer meh ethical Pinterest.\"}]]]',67,'Botble\\Ecommerce\\Models\\Product','2025-05-20 14:07:34','2025-05-20 14:07:34'),(129,'faq_schema_config','[[[{\"key\":\"question\",\"value\":\"What Shipping Methods Are Available?\"},{\"key\":\"answer\",\"value\":\"Ex Portland Pitchfork irure mustache. Eutra fap before they sold out literally. Aliquip ugh bicycle rights actually mlkshk, seitan squid craft beer tempor.\"}],[{\"key\":\"question\",\"value\":\"Do You Ship Internationally?\"},{\"key\":\"answer\",\"value\":\"Hoodie tote bag mixtape tofu. Typewriter jean shorts wolf quinoa, messenger bag organic freegan cray.\"}],[{\"key\":\"question\",\"value\":\"How Long Will It Take To Get My Package?\"},{\"key\":\"answer\",\"value\":\"Swag slow-carb quinoa VHS typewriter pork belly brunch, paleo single-origin coffee Wes Anderson. Flexitarian Pitchfork forage, literally paleo fap pour-over. Wes Anderson Pinterest YOLO fanny pack meggings, deep v XOXO chambray sustainable slow-carb raw denim church-key fap chillwave Etsy. +1 typewriter kitsch, American Apparel tofu Banksy Vice.\"}],[{\"key\":\"question\",\"value\":\"What Payment Methods Are Accepted?\"},{\"key\":\"answer\",\"value\":\"Fashion axe DIY jean shorts, swag kale chips meh polaroid kogi butcher Wes Anderson chambray next level semiotics gentrify yr. Voluptate photo booth fugiat Vice. Austin sed Williamsburg, ea labore raw denim voluptate cred proident mixtape excepteur mustache. Twee chia photo booth readymade food truck, hoodie roof party swag keytar PBR DIY.\"}],[{\"key\":\"question\",\"value\":\"Is Buying On-Line Safe?\"},{\"key\":\"answer\",\"value\":\"Art party authentic freegan semiotics jean shorts chia cred. Neutra Austin roof party Brooklyn, synth Thundercats swag 8-bit photo booth. Plaid letterpress leggings craft beer meh ethical Pinterest.\"}]]]',68,'Botble\\Ecommerce\\Models\\Product','2025-05-20 14:07:34','2025-05-20 14:07:34'),(130,'faq_schema_config','[[[{\"key\":\"question\",\"value\":\"What Shipping Methods Are Available?\"},{\"key\":\"answer\",\"value\":\"Ex Portland Pitchfork irure mustache. Eutra fap before they sold out literally. Aliquip ugh bicycle rights actually mlkshk, seitan squid craft beer tempor.\"}],[{\"key\":\"question\",\"value\":\"Do You Ship Internationally?\"},{\"key\":\"answer\",\"value\":\"Hoodie tote bag mixtape tofu. Typewriter jean shorts wolf quinoa, messenger bag organic freegan cray.\"}],[{\"key\":\"question\",\"value\":\"How Long Will It Take To Get My Package?\"},{\"key\":\"answer\",\"value\":\"Swag slow-carb quinoa VHS typewriter pork belly brunch, paleo single-origin coffee Wes Anderson. Flexitarian Pitchfork forage, literally paleo fap pour-over. Wes Anderson Pinterest YOLO fanny pack meggings, deep v XOXO chambray sustainable slow-carb raw denim church-key fap chillwave Etsy. +1 typewriter kitsch, American Apparel tofu Banksy Vice.\"}],[{\"key\":\"question\",\"value\":\"What Payment Methods Are Accepted?\"},{\"key\":\"answer\",\"value\":\"Fashion axe DIY jean shorts, swag kale chips meh polaroid kogi butcher Wes Anderson chambray next level semiotics gentrify yr. Voluptate photo booth fugiat Vice. Austin sed Williamsburg, ea labore raw denim voluptate cred proident mixtape excepteur mustache. Twee chia photo booth readymade food truck, hoodie roof party swag keytar PBR DIY.\"}],[{\"key\":\"question\",\"value\":\"Is Buying On-Line Safe?\"},{\"key\":\"answer\",\"value\":\"Art party authentic freegan semiotics jean shorts chia cred. Neutra Austin roof party Brooklyn, synth Thundercats swag 8-bit photo booth. Plaid letterpress leggings craft beer meh ethical Pinterest.\"}]]]',69,'Botble\\Ecommerce\\Models\\Product','2025-05-20 14:07:34','2025-05-20 14:07:34'),(131,'faq_schema_config','[[[{\"key\":\"question\",\"value\":\"What Shipping Methods Are Available?\"},{\"key\":\"answer\",\"value\":\"Ex Portland Pitchfork irure mustache. Eutra fap before they sold out literally. Aliquip ugh bicycle rights actually mlkshk, seitan squid craft beer tempor.\"}],[{\"key\":\"question\",\"value\":\"Do You Ship Internationally?\"},{\"key\":\"answer\",\"value\":\"Hoodie tote bag mixtape tofu. Typewriter jean shorts wolf quinoa, messenger bag organic freegan cray.\"}],[{\"key\":\"question\",\"value\":\"How Long Will It Take To Get My Package?\"},{\"key\":\"answer\",\"value\":\"Swag slow-carb quinoa VHS typewriter pork belly brunch, paleo single-origin coffee Wes Anderson. Flexitarian Pitchfork forage, literally paleo fap pour-over. Wes Anderson Pinterest YOLO fanny pack meggings, deep v XOXO chambray sustainable slow-carb raw denim church-key fap chillwave Etsy. +1 typewriter kitsch, American Apparel tofu Banksy Vice.\"}],[{\"key\":\"question\",\"value\":\"What Payment Methods Are Accepted?\"},{\"key\":\"answer\",\"value\":\"Fashion axe DIY jean shorts, swag kale chips meh polaroid kogi butcher Wes Anderson chambray next level semiotics gentrify yr. Voluptate photo booth fugiat Vice. Austin sed Williamsburg, ea labore raw denim voluptate cred proident mixtape excepteur mustache. Twee chia photo booth readymade food truck, hoodie roof party swag keytar PBR DIY.\"}],[{\"key\":\"question\",\"value\":\"Is Buying On-Line Safe?\"},{\"key\":\"answer\",\"value\":\"Art party authentic freegan semiotics jean shorts chia cred. Neutra Austin roof party Brooklyn, synth Thundercats swag 8-bit photo booth. Plaid letterpress leggings craft beer meh ethical Pinterest.\"}]]]',70,'Botble\\Ecommerce\\Models\\Product','2025-05-20 14:07:34','2025-05-20 14:07:34'),(132,'faq_schema_config','[[[{\"key\":\"question\",\"value\":\"What Shipping Methods Are Available?\"},{\"key\":\"answer\",\"value\":\"Ex Portland Pitchfork irure mustache. Eutra fap before they sold out literally. Aliquip ugh bicycle rights actually mlkshk, seitan squid craft beer tempor.\"}],[{\"key\":\"question\",\"value\":\"Do You Ship Internationally?\"},{\"key\":\"answer\",\"value\":\"Hoodie tote bag mixtape tofu. Typewriter jean shorts wolf quinoa, messenger bag organic freegan cray.\"}],[{\"key\":\"question\",\"value\":\"How Long Will It Take To Get My Package?\"},{\"key\":\"answer\",\"value\":\"Swag slow-carb quinoa VHS typewriter pork belly brunch, paleo single-origin coffee Wes Anderson. Flexitarian Pitchfork forage, literally paleo fap pour-over. Wes Anderson Pinterest YOLO fanny pack meggings, deep v XOXO chambray sustainable slow-carb raw denim church-key fap chillwave Etsy. +1 typewriter kitsch, American Apparel tofu Banksy Vice.\"}],[{\"key\":\"question\",\"value\":\"What Payment Methods Are Accepted?\"},{\"key\":\"answer\",\"value\":\"Fashion axe DIY jean shorts, swag kale chips meh polaroid kogi butcher Wes Anderson chambray next level semiotics gentrify yr. Voluptate photo booth fugiat Vice. Austin sed Williamsburg, ea labore raw denim voluptate cred proident mixtape excepteur mustache. Twee chia photo booth readymade food truck, hoodie roof party swag keytar PBR DIY.\"}],[{\"key\":\"question\",\"value\":\"Is Buying On-Line Safe?\"},{\"key\":\"answer\",\"value\":\"Art party authentic freegan semiotics jean shorts chia cred. Neutra Austin roof party Brooklyn, synth Thundercats swag 8-bit photo booth. Plaid letterpress leggings craft beer meh ethical Pinterest.\"}]]]',71,'Botble\\Ecommerce\\Models\\Product','2025-05-20 14:07:34','2025-05-20 14:07:34'),(133,'faq_schema_config','[[[{\"key\":\"question\",\"value\":\"What Shipping Methods Are Available?\"},{\"key\":\"answer\",\"value\":\"Ex Portland Pitchfork irure mustache. Eutra fap before they sold out literally. Aliquip ugh bicycle rights actually mlkshk, seitan squid craft beer tempor.\"}],[{\"key\":\"question\",\"value\":\"Do You Ship Internationally?\"},{\"key\":\"answer\",\"value\":\"Hoodie tote bag mixtape tofu. Typewriter jean shorts wolf quinoa, messenger bag organic freegan cray.\"}],[{\"key\":\"question\",\"value\":\"How Long Will It Take To Get My Package?\"},{\"key\":\"answer\",\"value\":\"Swag slow-carb quinoa VHS typewriter pork belly brunch, paleo single-origin coffee Wes Anderson. Flexitarian Pitchfork forage, literally paleo fap pour-over. Wes Anderson Pinterest YOLO fanny pack meggings, deep v XOXO chambray sustainable slow-carb raw denim church-key fap chillwave Etsy. +1 typewriter kitsch, American Apparel tofu Banksy Vice.\"}],[{\"key\":\"question\",\"value\":\"What Payment Methods Are Accepted?\"},{\"key\":\"answer\",\"value\":\"Fashion axe DIY jean shorts, swag kale chips meh polaroid kogi butcher Wes Anderson chambray next level semiotics gentrify yr. Voluptate photo booth fugiat Vice. Austin sed Williamsburg, ea labore raw denim voluptate cred proident mixtape excepteur mustache. Twee chia photo booth readymade food truck, hoodie roof party swag keytar PBR DIY.\"}],[{\"key\":\"question\",\"value\":\"Is Buying On-Line Safe?\"},{\"key\":\"answer\",\"value\":\"Art party authentic freegan semiotics jean shorts chia cred. Neutra Austin roof party Brooklyn, synth Thundercats swag 8-bit photo booth. Plaid letterpress leggings craft beer meh ethical Pinterest.\"}]]]',72,'Botble\\Ecommerce\\Models\\Product','2025-05-20 14:07:34','2025-05-20 14:07:34'),(134,'faq_schema_config','[[[{\"key\":\"question\",\"value\":\"What Shipping Methods Are Available?\"},{\"key\":\"answer\",\"value\":\"Ex Portland Pitchfork irure mustache. Eutra fap before they sold out literally. Aliquip ugh bicycle rights actually mlkshk, seitan squid craft beer tempor.\"}],[{\"key\":\"question\",\"value\":\"Do You Ship Internationally?\"},{\"key\":\"answer\",\"value\":\"Hoodie tote bag mixtape tofu. Typewriter jean shorts wolf quinoa, messenger bag organic freegan cray.\"}],[{\"key\":\"question\",\"value\":\"How Long Will It Take To Get My Package?\"},{\"key\":\"answer\",\"value\":\"Swag slow-carb quinoa VHS typewriter pork belly brunch, paleo single-origin coffee Wes Anderson. Flexitarian Pitchfork forage, literally paleo fap pour-over. Wes Anderson Pinterest YOLO fanny pack meggings, deep v XOXO chambray sustainable slow-carb raw denim church-key fap chillwave Etsy. +1 typewriter kitsch, American Apparel tofu Banksy Vice.\"}],[{\"key\":\"question\",\"value\":\"What Payment Methods Are Accepted?\"},{\"key\":\"answer\",\"value\":\"Fashion axe DIY jean shorts, swag kale chips meh polaroid kogi butcher Wes Anderson chambray next level semiotics gentrify yr. Voluptate photo booth fugiat Vice. Austin sed Williamsburg, ea labore raw denim voluptate cred proident mixtape excepteur mustache. Twee chia photo booth readymade food truck, hoodie roof party swag keytar PBR DIY.\"}],[{\"key\":\"question\",\"value\":\"Is Buying On-Line Safe?\"},{\"key\":\"answer\",\"value\":\"Art party authentic freegan semiotics jean shorts chia cred. Neutra Austin roof party Brooklyn, synth Thundercats swag 8-bit photo booth. Plaid letterpress leggings craft beer meh ethical Pinterest.\"}]]]',73,'Botble\\Ecommerce\\Models\\Product','2025-05-20 14:07:34','2025-05-20 14:07:34'),(135,'faq_schema_config','[[[{\"key\":\"question\",\"value\":\"What Shipping Methods Are Available?\"},{\"key\":\"answer\",\"value\":\"Ex Portland Pitchfork irure mustache. Eutra fap before they sold out literally. Aliquip ugh bicycle rights actually mlkshk, seitan squid craft beer tempor.\"}],[{\"key\":\"question\",\"value\":\"Do You Ship Internationally?\"},{\"key\":\"answer\",\"value\":\"Hoodie tote bag mixtape tofu. Typewriter jean shorts wolf quinoa, messenger bag organic freegan cray.\"}],[{\"key\":\"question\",\"value\":\"How Long Will It Take To Get My Package?\"},{\"key\":\"answer\",\"value\":\"Swag slow-carb quinoa VHS typewriter pork belly brunch, paleo single-origin coffee Wes Anderson. Flexitarian Pitchfork forage, literally paleo fap pour-over. Wes Anderson Pinterest YOLO fanny pack meggings, deep v XOXO chambray sustainable slow-carb raw denim church-key fap chillwave Etsy. +1 typewriter kitsch, American Apparel tofu Banksy Vice.\"}],[{\"key\":\"question\",\"value\":\"What Payment Methods Are Accepted?\"},{\"key\":\"answer\",\"value\":\"Fashion axe DIY jean shorts, swag kale chips meh polaroid kogi butcher Wes Anderson chambray next level semiotics gentrify yr. Voluptate photo booth fugiat Vice. Austin sed Williamsburg, ea labore raw denim voluptate cred proident mixtape excepteur mustache. Twee chia photo booth readymade food truck, hoodie roof party swag keytar PBR DIY.\"}],[{\"key\":\"question\",\"value\":\"Is Buying On-Line Safe?\"},{\"key\":\"answer\",\"value\":\"Art party authentic freegan semiotics jean shorts chia cred. Neutra Austin roof party Brooklyn, synth Thundercats swag 8-bit photo booth. Plaid letterpress leggings craft beer meh ethical Pinterest.\"}]]]',74,'Botble\\Ecommerce\\Models\\Product','2025-05-20 14:07:34','2025-05-20 14:07:34'),(136,'faq_schema_config','[[[{\"key\":\"question\",\"value\":\"What Shipping Methods Are Available?\"},{\"key\":\"answer\",\"value\":\"Ex Portland Pitchfork irure mustache. Eutra fap before they sold out literally. Aliquip ugh bicycle rights actually mlkshk, seitan squid craft beer tempor.\"}],[{\"key\":\"question\",\"value\":\"Do You Ship Internationally?\"},{\"key\":\"answer\",\"value\":\"Hoodie tote bag mixtape tofu. Typewriter jean shorts wolf quinoa, messenger bag organic freegan cray.\"}],[{\"key\":\"question\",\"value\":\"How Long Will It Take To Get My Package?\"},{\"key\":\"answer\",\"value\":\"Swag slow-carb quinoa VHS typewriter pork belly brunch, paleo single-origin coffee Wes Anderson. Flexitarian Pitchfork forage, literally paleo fap pour-over. Wes Anderson Pinterest YOLO fanny pack meggings, deep v XOXO chambray sustainable slow-carb raw denim church-key fap chillwave Etsy. +1 typewriter kitsch, American Apparel tofu Banksy Vice.\"}],[{\"key\":\"question\",\"value\":\"What Payment Methods Are Accepted?\"},{\"key\":\"answer\",\"value\":\"Fashion axe DIY jean shorts, swag kale chips meh polaroid kogi butcher Wes Anderson chambray next level semiotics gentrify yr. Voluptate photo booth fugiat Vice. Austin sed Williamsburg, ea labore raw denim voluptate cred proident mixtape excepteur mustache. Twee chia photo booth readymade food truck, hoodie roof party swag keytar PBR DIY.\"}],[{\"key\":\"question\",\"value\":\"Is Buying On-Line Safe?\"},{\"key\":\"answer\",\"value\":\"Art party authentic freegan semiotics jean shorts chia cred. Neutra Austin roof party Brooklyn, synth Thundercats swag 8-bit photo booth. Plaid letterpress leggings craft beer meh ethical Pinterest.\"}]]]',75,'Botble\\Ecommerce\\Models\\Product','2025-05-20 14:07:34','2025-05-20 14:07:34'),(137,'title','[\"Satisfied client testimonial\"]',1,'Botble\\Testimonial\\Models\\Testimonial','2025-05-20 14:07:52','2025-05-20 14:07:52'),(138,'star','[5]',1,'Botble\\Testimonial\\Models\\Testimonial','2025-05-20 14:07:52','2025-05-20 14:07:52'),(139,'title','[\"98% of residents recommend us\"]',2,'Botble\\Testimonial\\Models\\Testimonial','2025-05-20 14:07:52','2025-05-20 14:07:52'),(140,'star','[5]',2,'Botble\\Testimonial\\Models\\Testimonial','2025-05-20 14:07:52','2025-05-20 14:07:52'),(141,'title','[\"Our success stories\"]',3,'Botble\\Testimonial\\Models\\Testimonial','2025-05-20 14:07:52','2025-05-20 14:07:52'),(142,'star','[5]',3,'Botble\\Testimonial\\Models\\Testimonial','2025-05-20 14:07:52','2025-05-20 14:07:52'),(143,'title','[\"This is simply unbelievable\"]',4,'Botble\\Testimonial\\Models\\Testimonial','2025-05-20 14:07:52','2025-05-20 14:07:52'),(144,'star','[5]',4,'Botble\\Testimonial\\Models\\Testimonial','2025-05-20 14:07:52','2025-05-20 14:07:52'),(145,'customize_footer','[\"inherit\"]',1,'Botble\\Page\\Models\\Page','2025-05-21 12:58:21','2025-05-21 12:58:21'),(146,'footer_background_color','[\"#F8F8F8\"]',1,'Botble\\Page\\Models\\Page','2025-05-21 12:58:21','2025-05-21 12:58:21'),(147,'footer_text_color','[\"#000000\"]',1,'Botble\\Page\\Models\\Page','2025-05-21 12:58:21','2025-05-21 12:58:21'),(148,'footer_text_muted_color','[\"#686666\"]',1,'Botble\\Page\\Models\\Page','2025-05-21 12:58:21','2025-05-21 12:58:21'),(149,'footer_logo','[\"general\\/logo-white.png\"]',1,'Botble\\Page\\Models\\Page','2025-05-21 12:58:21','2025-05-21 12:58:21'),(150,'footer_border_color','[\"#E0E0E0\"]',1,'Botble\\Page\\Models\\Page','2025-05-21 12:58:21','2025-05-21 12:58:21'),(151,'footer_bottom_background_color','[\"#ededed\"]',1,'Botble\\Page\\Models\\Page','2025-05-21 12:58:21','2025-05-21 12:58:21'),(152,'seo_meta','[{\"index\":\"index\"}]',18,'Botble\\Ecommerce\\Models\\ProductCategory','2025-05-21 13:23:24','2025-05-21 13:23:24'),(153,'seo_meta','[{\"index\":\"index\"}]',19,'Botble\\Ecommerce\\Models\\ProductCategory','2025-05-21 13:26:20','2025-05-21 13:26:20'),(154,'seo_meta','[{\"index\":\"index\"}]',20,'Botble\\Ecommerce\\Models\\ProductCategory','2025-05-21 13:26:57','2025-05-21 13:26:57'),(155,'seo_meta','[{\"index\":\"index\"}]',21,'Botble\\Ecommerce\\Models\\ProductCategory','2025-05-21 13:27:25','2025-05-21 13:27:25'),(156,'seo_meta','[{\"index\":\"index\"}]',22,'Botble\\Ecommerce\\Models\\ProductCategory','2025-05-21 13:27:56','2025-05-21 13:27:56'),(157,'seo_meta','[{\"index\":\"index\"}]',23,'Botble\\Ecommerce\\Models\\ProductCategory','2025-05-21 13:28:22','2025-05-21 13:28:22'),(158,'seo_meta','[{\"index\":\"index\"}]',24,'Botble\\Ecommerce\\Models\\ProductCategory','2025-05-21 13:28:47','2025-05-21 13:28:47'),(159,'seo_meta','[{\"index\":\"index\"}]',25,'Botble\\Ecommerce\\Models\\ProductCategory','2025-05-21 13:29:35','2025-05-21 13:29:35'),(160,'seo_meta','[{\"index\":\"index\"}]',26,'Botble\\Ecommerce\\Models\\ProductCategory','2025-05-21 13:30:00','2025-05-21 13:30:00'),(161,'seo_meta','[{\"index\":\"index\"}]',27,'Botble\\Ecommerce\\Models\\ProductCategory','2025-05-21 13:30:26','2025-05-21 13:30:26'),(162,'seo_meta','[{\"index\":\"index\"}]',28,'Botble\\Ecommerce\\Models\\ProductCategory','2025-05-21 13:31:09','2025-05-21 13:31:09'),(163,'seo_meta','[{\"index\":\"index\"}]',29,'Botble\\Ecommerce\\Models\\ProductCategory','2025-05-21 13:31:34','2025-05-21 13:31:34'),(164,'seo_meta','[{\"index\":\"index\"}]',30,'Botble\\Ecommerce\\Models\\ProductCategory','2025-05-21 13:31:52','2025-05-21 13:31:52'),(165,'seo_meta','[{\"index\":\"index\"}]',31,'Botble\\Ecommerce\\Models\\ProductCategory','2025-05-21 13:32:11','2025-05-21 13:32:11'),(166,'seo_meta','[{\"index\":\"index\"}]',32,'Botble\\Ecommerce\\Models\\ProductCategory','2025-05-21 13:32:32','2025-05-21 13:32:32'),(167,'seo_meta','[{\"index\":\"index\"}]',266,'Botble\\Ecommerce\\Models\\Product','2025-05-21 14:00:33','2025-05-21 14:00:33'),(168,'faq_ids','[[]]',266,'Botble\\Ecommerce\\Models\\Product','2025-05-21 14:00:33','2025-05-21 14:00:33'),(169,'seo_meta','[{\"index\":\"index\"}]',267,'Botble\\Ecommerce\\Models\\Product','2025-05-21 14:05:50','2025-05-21 14:05:50'),(170,'faq_ids','[[]]',267,'Botble\\Ecommerce\\Models\\Product','2025-05-21 14:05:50','2025-05-21 14:05:50'),(223,'seo_meta','[{\"index\":\"index\"}]',294,'Botble\\Ecommerce\\Models\\Product','2025-05-21 14:18:50','2025-05-21 14:18:50'),(224,'faq_ids','[[]]',294,'Botble\\Ecommerce\\Models\\Product','2025-05-21 14:18:51','2025-05-21 14:18:51'),(225,'seo_meta','[{\"index\":\"index\"}]',295,'Botble\\Ecommerce\\Models\\Product','2025-05-21 14:27:07','2025-05-21 14:27:07'),(226,'faq_ids','[[]]',295,'Botble\\Ecommerce\\Models\\Product','2025-05-21 14:27:07','2025-05-21 14:27:07'),(227,'seo_meta','[{\"index\":\"index\"}]',296,'Botble\\Ecommerce\\Models\\Product','2025-05-27 11:42:25','2025-05-27 11:42:25'),(228,'faq_ids','[[]]',296,'Botble\\Ecommerce\\Models\\Product','2025-05-27 11:42:25','2025-05-27 11:42:25'),(229,'seo_meta','[{\"index\":\"index\"}]',297,'Botble\\Ecommerce\\Models\\Product','2025-05-27 11:55:19','2025-05-27 11:55:19'),(230,'faq_ids','[[]]',297,'Botble\\Ecommerce\\Models\\Product','2025-05-27 11:55:19','2025-05-27 11:55:19'),(231,'seo_meta','[{\"index\":\"index\"}]',298,'Botble\\Ecommerce\\Models\\Product','2025-05-27 12:00:34','2025-05-27 12:00:34'),(232,'faq_ids','[[]]',298,'Botble\\Ecommerce\\Models\\Product','2025-05-27 12:00:34','2025-05-27 12:00:34'),(233,'seo_meta','[{\"index\":\"index\"}]',299,'Botble\\Ecommerce\\Models\\Product','2025-05-27 13:05:09','2025-05-27 13:05:09'),(234,'faq_ids','[[]]',299,'Botble\\Ecommerce\\Models\\Product','2025-05-27 13:05:09','2025-05-27 13:05:09'),(235,'seo_meta','[{\"index\":\"index\"}]',300,'Botble\\Ecommerce\\Models\\Product','2025-05-27 14:40:05','2025-05-27 14:40:05'),(236,'faq_ids','[[]]',300,'Botble\\Ecommerce\\Models\\Product','2025-05-27 14:40:05','2025-05-27 14:40:05'),(237,'seo_meta','[{\"index\":\"index\"}]',301,'Botble\\Ecommerce\\Models\\Product','2025-05-27 14:42:14','2025-05-27 14:42:14'),(238,'faq_ids','[[]]',301,'Botble\\Ecommerce\\Models\\Product','2025-05-27 14:42:14','2025-05-27 14:42:14'),(239,'seo_meta','[{\"index\":\"index\"}]',302,'Botble\\Ecommerce\\Models\\Product','2025-05-27 14:44:50','2025-05-27 14:44:50'),(240,'faq_ids','[[]]',302,'Botble\\Ecommerce\\Models\\Product','2025-05-27 14:44:50','2025-05-27 14:44:50'),(241,'seo_meta','[{\"index\":\"index\"}]',303,'Botble\\Ecommerce\\Models\\Product','2025-05-27 14:49:31','2025-05-27 14:49:31'),(242,'faq_ids','[[]]',303,'Botble\\Ecommerce\\Models\\Product','2025-05-27 14:49:31','2025-05-27 14:49:31'),(243,'seo_meta','[{\"index\":\"index\"}]',304,'Botble\\Ecommerce\\Models\\Product','2025-05-27 14:51:28','2025-05-27 14:51:28'),(244,'faq_ids','[[]]',304,'Botble\\Ecommerce\\Models\\Product','2025-05-27 14:51:28','2025-05-27 14:51:28'),(245,'seo_meta','[{\"index\":\"index\"}]',305,'Botble\\Ecommerce\\Models\\Product','2025-05-27 14:54:51','2025-05-27 14:54:51'),(246,'faq_ids','[[]]',305,'Botble\\Ecommerce\\Models\\Product','2025-05-27 14:54:51','2025-05-27 14:54:51');
/*!40000 ALTER TABLE `meta_boxes` ENABLE KEYS */;
UNLOCK TABLES;

--
-- Table structure for table `migrations`
--

DROP TABLE IF EXISTS `migrations`;
/*!40101 SET @saved_cs_client     = @@character_set_client */;
/*!40101 SET character_set_client = utf8 */;
CREATE TABLE `migrations` (
  `id` int(10) unsigned NOT NULL AUTO_INCREMENT,
  `migration` varchar(191) NOT NULL,
  `batch` int(11) NOT NULL,
  PRIMARY KEY (`id`)
) ENGINE=InnoDB AUTO_INCREMENT=208 DEFAULT CHARSET=utf8mb4 COLLATE=utf8mb4_unicode_ci;
/*!40101 SET character_set_client = @saved_cs_client */;

--
-- Dumping data for table `migrations`
--

LOCK TABLES `migrations` WRITE;
/*!40000 ALTER TABLE `migrations` DISABLE KEYS */;
INSERT INTO `migrations` VALUES (1,'0001_01_01_000001_create_cache_table',1),(2,'2013_04_09_032329_create_base_tables',1),(3,'2013_04_09_062329_create_revisions_table',1),(4,'2014_10_12_000000_create_users_table',1),(5,'2014_10_12_100000_create_password_reset_tokens_table',1),(6,'2016_06_10_230148_create_acl_tables',1),(7,'2016_06_14_230857_create_menus_table',1),(8,'2016_06_28_221418_create_pages_table',1),(9,'2016_10_05_074239_create_setting_table',1),(10,'2016_11_28_032840_create_dashboard_widget_tables',1),(11,'2016_12_16_084601_create_widgets_table',1),(12,'2017_05_09_070343_create_media_tables',1),(13,'2017_11_03_070450_create_slug_table',1),(14,'2019_01_05_053554_create_jobs_table',1),(15,'2019_08_19_000000_create_failed_jobs_table',1),(16,'2019_12_14_000001_create_personal_access_tokens_table',1),(17,'2022_04_20_100851_add_index_to_media_table',1),(18,'2022_04_20_101046_add_index_to_menu_table',1),(19,'2022_07_10_034813_move_lang_folder_to_root',1),(20,'2022_08_04_051940_add_missing_column_expires_at',1),(21,'2022_09_01_000001_create_admin_notifications_tables',1),(22,'2022_10_14_024629_drop_column_is_featured',1),(23,'2022_11_18_063357_add_missing_timestamp_in_table_settings',1),(24,'2022_12_02_093615_update_slug_index_columns',1),(25,'2023_01_30_024431_add_alt_to_media_table',1),(26,'2023_02_16_042611_drop_table_password_resets',1),(27,'2023_04_23_005903_add_column_permissions_to_admin_notifications',1),(28,'2023_05_10_075124_drop_column_id_in_role_users_table',1),(29,'2023_08_21_090810_make_page_content_nullable',1),(30,'2023_08_26_080444_fix_missing_copyright_widget',1),(31,'2023_09_07_025340_activate_mollie_and_sale_popup_plugin',1),(32,'2023_09_14_021936_update_index_for_slugs_table',1),(33,'2023_10_27_023808_update_page_metabox',1),(34,'2023_11_22_071805_migrate_header_messages_to_announcements_table',1),(35,'2023_12_07_095130_add_color_column_to_media_folders_table',1),(36,'2023_12_17_162208_make_sure_column_color_in_media_folders_nullable',1),(37,'2024_03_25_000000_migrate_rename_shortcode_contact_box_to_contact_form',1),(38,'2024_04_04_110758_update_value_column_in_user_meta_table',1),(39,'2024_05_12_091229_add_column_visibility_to_table_media_files',1),(40,'2024_07_07_091316_fix_column_url_in_menu_nodes_table',1),(41,'2024_07_12_100000_change_random_hash_for_media',1),(42,'2024_09_30_024515_create_sessions_table',1),(43,'2020_11_18_150916_ads_create_ads_table',2),(44,'2021_12_02_035301_add_ads_translations_table',2),(45,'2023_04_17_062645_add_open_in_new_tab',2),(46,'2023_11_07_023805_add_tablet_mobile_image',2),(47,'2024_04_01_043317_add_google_adsense_slot_id_to_ads_table',2),(48,'2024_04_27_100730_improve_analytics_setting',3),(49,'2023_08_11_060908_create_announcements_table',4),(50,'2015_06_29_025744_create_audit_history',5),(51,'2023_11_14_033417_change_request_column_in_table_audit_histories',5),(52,'2015_06_18_033822_create_blog_table',6),(53,'2021_02_16_092633_remove_default_value_for_author_type',6),(54,'2021_12_03_030600_create_blog_translations',6),(55,'2022_04_19_113923_add_index_to_table_posts',6),(56,'2023_08_29_074620_make_column_author_id_nullable',6),(57,'2024_07_30_091615_fix_order_column_in_categories_table',6),(58,'2025_01_06_033807_add_default_value_for_categories_author_type',6),(59,'2016_06_17_091537_create_contacts_table',7),(60,'2023_11_10_080225_migrate_contact_blacklist_email_domains_to_core',7),(61,'2024_03_20_080001_migrate_change_attribute_email_to_nullable_form_contacts_table',7),(62,'2024_03_25_000001_update_captcha_settings_for_contact',7),(63,'2024_04_19_063914_create_custom_fields_table',7),(64,'2020_03_05_041139_create_ecommerce_tables',8),(65,'2021_01_01_044147_ecommerce_create_flash_sale_table',8),(66,'2021_01_17_082713_add_column_is_featured_to_product_collections_table',8),(67,'2021_01_18_024333_add_zip_code_into_table_customer_addresses',8),(68,'2021_02_18_073505_update_table_ec_reviews',8),(69,'2021_03_10_024419_add_column_confirmed_at_to_table_ec_customers',8),(70,'2021_03_10_025153_change_column_tax_amount',8),(71,'2021_03_20_033103_add_column_availability_to_table_ec_products',8),(72,'2021_04_28_074008_ecommerce_create_product_label_table',8),(73,'2021_05_31_173037_ecommerce_create_ec_products_translations',8),(74,'2021_08_17_105016_remove_column_currency_id_in_some_tables',8),(75,'2021_08_30_142128_add_images_column_to_ec_reviews_table',8),(76,'2021_10_04_030050_add_column_created_by_to_table_ec_products',8),(77,'2021_10_05_122616_add_status_column_to_ec_customers_table',8),(78,'2021_11_03_025806_nullable_phone_number_in_ec_customer_addresses',8),(79,'2021_11_23_071403_correct_languages_for_product_variations',8),(80,'2021_11_28_031808_add_product_tags_translations',8),(81,'2021_12_01_031123_add_featured_image_to_ec_products',8),(82,'2022_01_01_033107_update_table_ec_shipments',8),(83,'2022_02_16_042457_improve_product_attribute_sets',8),(84,'2022_03_22_075758_correct_product_name',8),(85,'2022_04_19_113334_add_index_to_ec_products',8),(86,'2022_04_28_144405_remove_unused_table',8),(87,'2022_05_05_115015_create_ec_customer_recently_viewed_products_table',8),(88,'2022_05_18_143720_add_index_to_table_ec_product_categories',8),(89,'2022_06_16_095633_add_index_to_some_tables',8),(90,'2022_06_30_035148_create_order_referrals_table',8),(91,'2022_07_24_153815_add_completed_at_to_ec_orders_table',8),(92,'2022_08_14_032836_create_ec_order_returns_table',8),(93,'2022_08_14_033554_create_ec_order_return_items_table',8),(94,'2022_08_15_040324_add_billing_address',8),(95,'2022_08_30_091114_support_digital_products_table',8),(96,'2022_09_13_095744_create_options_table',8),(97,'2022_09_13_104347_create_option_value_table',8),(98,'2022_10_05_163518_alter_table_ec_order_product',8),(99,'2022_10_12_041517_create_invoices_table',8),(100,'2022_10_12_142226_update_orders_table',8),(101,'2022_10_13_024916_update_table_order_returns',8),(102,'2022_10_21_030830_update_columns_in_ec_shipments_table',8),(103,'2022_10_28_021046_update_columns_in_ec_shipments_table',8),(104,'2022_11_16_034522_update_type_column_in_ec_shipping_rules_table',8),(105,'2022_11_19_041643_add_ec_tax_product_table',8),(106,'2022_12_12_063830_update_tax_defadult_in_ec_tax_products_table',8),(107,'2022_12_17_041532_fix_address_in_order_invoice',8),(108,'2022_12_26_070329_create_ec_product_views_table',8),(109,'2023_01_04_033051_fix_product_categories',8),(110,'2023_01_09_050400_add_ec_global_options_translations_table',8),(111,'2023_01_10_093754_add_missing_option_value_id',8),(112,'2023_01_17_082713_add_column_barcode_and_cost_per_item_to_product_table',8),(113,'2023_01_26_021854_add_ec_customer_used_coupons_table',8),(114,'2023_02_08_015900_update_options_column_in_ec_order_product_table',8),(115,'2023_02_27_095752_remove_duplicate_reviews',8),(116,'2023_03_20_115757_add_user_type_column_to_ec_shipment_histories_table',8),(117,'2023_04_21_082427_create_ec_product_categorizables_table',8),(118,'2023_05_03_011331_add_missing_column_price_into_invoice_items_table',8),(119,'2023_05_17_025812_fix_invoice_issue',8),(120,'2023_05_26_073140_move_option_make_phone_field_optional_at_checkout_page_to_mandatory_fields',8),(121,'2023_05_27_144611_fix_exchange_rate_setting',8),(122,'2023_06_22_084331_add_generate_license_code_to_ec_products_table',8),(123,'2023_06_30_042512_create_ec_order_tax_information_table',8),(124,'2023_07_14_022724_remove_column_id_from_ec_product_collection_products',8),(125,'2023_08_09_012940_remove_column_status_in_ec_product_attributes',8),(126,'2023_08_15_064505_create_ec_tax_rules_table',8),(127,'2023_08_21_021819_make_column_address_in_ec_customer_addresses_nullable',8),(128,'2023_08_22_094114_drop_unique_for_barcode',8),(129,'2023_08_30_031811_add_apply_via_url_column_to_ec_discounts_table',8),(130,'2023_09_07_094312_add_index_to_product_sku_and_translations',8),(131,'2023_09_19_024955_create_discount_product_categories_table',8),(132,'2023_10_17_070728_add_icon_and_icon_image_to_product_categories_table',8),(133,'2023_11_22_154643_add_unique_in_table_ec_products_variations',8),(134,'2023_11_27_032313_add_price_columns_to_ec_product_cross_sale_relations_table',8),(135,'2023_12_06_023945_add_display_on_checkout_column_to_ec_discounts_table',8),(136,'2023_12_25_040604_ec_create_review_replies_table',8),(137,'2023_12_26_090340_add_private_notes_column_to_ec_customers_table',8),(138,'2024_01_16_070706_fix_translation_tables',8),(139,'2024_01_23_075227_add_proof_file_to_ec_orders_table',8),(140,'2024_03_26_041531_add_cancel_reason_to_ec_orders_table',8),(141,'2024_03_27_062402_create_ec_customer_deletion_requests_table',8),(142,'2024_03_29_042242_migrate_old_captcha_settings',8),(143,'2024_03_29_093946_create_ec_order_return_histories_table',8),(144,'2024_04_01_063523_add_customer_columns_to_ec_reviews_table',8),(145,'2024_04_15_092654_migrate_ecommerce_google_tag_manager_code_setting',8),(146,'2024_04_16_035713_add_min_max_order_quantity_columns_to_products_table',8),(147,'2024_05_07_073153_improve_table_wishlist',8),(148,'2024_05_07_093703_add_missing_zip_code_into_table_store_locators',8),(149,'2024_05_15_021503_fix_invoice_path',8),(150,'2024_06_20_160724_create_ec_shared_wishlists_table',8),(151,'2024_06_28_025104_add_notify_attachment_updated_column_to_ec_products_table',8),(152,'2024_07_03_030900_add_downloaded_at_column_to_ec_order_product_table',8),(153,'2024_07_14_071826_make_customer_email_nullable',8),(154,'2024_07_15_104916_add_video_media_column_to_ec_products_table',8),(155,'2024_07_26_052530_add_percentage_to_tax_rules_table',8),(156,'2024_08_14_123028_add_customer_delivered_confirmed_at_column_to_ec_shipments_table',8),(157,'2024_08_19_132849_create_specification_tables',8),(158,'2024_09_07_060744_add_author_column_to_specification_tables',8),(159,'2024_09_14_064023_add_can_use_with_flash_sale_column_to_ec_discounts_table',8),(160,'2024_09_25_073928_remove_wrong_product_slugs',8),(161,'2025_01_15_050230_migrate_old_theme_options',8),(162,'2025_01_17_082713_correct_column_barcode_and_cost_per_item_to_product_table',8),(163,'2025_01_24_044641_migrate_old_country_data',8),(164,'2018_07_09_221238_create_faq_table',9),(165,'2021_12_03_082134_create_faq_translations',9),(166,'2023_11_17_063408_add_description_column_to_faq_categories_table',9),(167,'2016_10_13_150201_create_galleries_table',10),(168,'2021_12_03_082953_create_gallery_translations',10),(169,'2022_04_30_034048_create_gallery_meta_translations_table',10),(170,'2023_08_29_075308_make_column_user_id_nullable',10),(171,'2016_10_03_032336_create_languages_table',11),(172,'2023_09_14_022423_add_index_for_language_table',11),(173,'2021_10_25_021023_fix-priority-load-for-language-advanced',12),(174,'2021_12_03_075608_create_page_translations',12),(175,'2023_07_06_011444_create_slug_translations_table',12),(176,'2019_11_18_061011_create_country_table',13),(177,'2021_12_03_084118_create_location_translations',13),(178,'2021_12_03_094518_migrate_old_location_data',13),(179,'2021_12_10_034440_switch_plugin_location_to_use_language_advanced',13),(180,'2022_01_16_085908_improve_plugin_location',13),(181,'2022_08_04_052122_delete_location_backup_tables',13),(182,'2023_04_23_061847_increase_state_translations_abbreviation_column',13),(183,'2023_07_26_041451_add_more_columns_to_location_table',13),(184,'2023_07_27_041451_add_more_columns_to_location_translation_table',13),(185,'2023_08_15_073307_drop_unique_in_states_cities_translations',13),(186,'2023_10_21_065016_make_state_id_in_table_cities_nullable',13),(187,'2024_08_17_094600_add_image_into_countries',13),(188,'2025_01_08_093652_add_zip_code_to_cities',13),(189,'2017_10_24_154832_create_newsletter_table',14),(190,'2024_03_25_000001_update_captcha_settings_for_newsletter',14),(191,'2017_05_18_080441_create_payment_tables',15),(192,'2021_03_27_144913_add_customer_type_into_table_payments',15),(193,'2021_05_24_034720_make_column_currency_nullable',15),(194,'2021_08_09_161302_add_metadata_column_to_payments_table',15),(195,'2021_10_19_020859_update_metadata_field',15),(196,'2022_06_28_151901_activate_paypal_stripe_plugin',15),(197,'2022_07_07_153354_update_charge_id_in_table_payments',15),(198,'2024_07_04_083133_create_payment_logs_table',15),(199,'2017_07_11_140018_create_simple_slider_table',16),(200,'2022_11_02_092723_team_create_team_table',17),(201,'2023_08_11_094574_update_team_table',17),(202,'2023_11_30_085354_add_missing_description_to_team',17),(203,'2024_10_02_030027_add_more_columns_to_teams_translations_table',17),(204,'2018_07_09_214610_create_testimonial_table',18),(205,'2021_12_03_083642_create_testimonials_translations',18),(206,'2016_10_07_193005_create_translations_table',19),(207,'2023_12_12_105220_drop_translations_table',19);
/*!40000 ALTER TABLE `migrations` ENABLE KEYS */;
UNLOCK TABLES;

--
-- Table structure for table `newsletters`
--

DROP TABLE IF EXISTS `newsletters`;
/*!40101 SET @saved_cs_client     = @@character_set_client */;
/*!40101 SET character_set_client = utf8 */;
CREATE TABLE `newsletters` (
  `id` bigint(20) unsigned NOT NULL AUTO_INCREMENT,
  `email` varchar(120) NOT NULL,
  `name` varchar(120) DEFAULT NULL,
  `status` varchar(60) NOT NULL DEFAULT 'subscribed',
  `created_at` timestamp NULL DEFAULT NULL,
  `updated_at` timestamp NULL DEFAULT NULL,
  PRIMARY KEY (`id`)
) ENGINE=InnoDB DEFAULT CHARSET=utf8mb4 COLLATE=utf8mb4_unicode_ci;
/*!40101 SET character_set_client = @saved_cs_client */;

--
-- Dumping data for table `newsletters`
--

LOCK TABLES `newsletters` WRITE;
/*!40000 ALTER TABLE `newsletters` DISABLE KEYS */;
/*!40000 ALTER TABLE `newsletters` ENABLE KEYS */;
UNLOCK TABLES;

--
-- Table structure for table `pages`
--

DROP TABLE IF EXISTS `pages`;
/*!40101 SET @saved_cs_client     = @@character_set_client */;
/*!40101 SET character_set_client = utf8 */;
CREATE TABLE `pages` (
  `id` bigint(20) unsigned NOT NULL AUTO_INCREMENT,
  `name` varchar(120) NOT NULL,
  `content` longtext DEFAULT NULL,
  `user_id` bigint(20) unsigned DEFAULT NULL,
  `image` varchar(191) DEFAULT NULL,
  `template` varchar(60) DEFAULT NULL,
  `description` varchar(400) DEFAULT NULL,
  `status` varchar(60) NOT NULL DEFAULT 'published',
  `created_at` timestamp NULL DEFAULT NULL,
  `updated_at` timestamp NULL DEFAULT NULL,
  PRIMARY KEY (`id`),
  KEY `pages_user_id_index` (`user_id`)
) ENGINE=InnoDB AUTO_INCREMENT=12 DEFAULT CHARSET=utf8mb4 COLLATE=utf8mb4_unicode_ci;
/*!40101 SET character_set_client = @saved_cs_client */;

--
-- Dumping data for table `pages`
--

LOCK TABLES `pages` WRITE;
/*!40000 ALTER TABLE `pages` DISABLE KEYS */;
INSERT INTO `pages` VALUES (1,'Wooden Home','<shortcode>[product-categories title=\"Top &lt;span&gt;Categories&lt;/span&gt;\" category_ids=\"10,11,12,13,14,15\" style=\"wooden\" enable_lazy_loading=\"yes\"][/product-categories]</shortcode><shortcode>[products style=\"wooden\" title=\"Popular &lt;span&gt;Products&lt;/span&gt;\" limit=\"10\" enable_lazy_loading=\"yes\"][/products]</shortcode><shortcode>[deal-product flash_sale_id=\"1\" style=\"wooden\" enable_lazy_loading=\"yes\"][/deal-product]</shortcode><shortcode>[gallery title=\"ninico-shop\" limit=\"6\" subtitle=\"Follow On\" enable_lazy_loading=\"yes\"][/gallery]</shortcode>',1,NULL,'full-width','','published','2025-05-20 14:06:55','2025-05-21 13:03:20'),(2,'Fashion Home','[simple-slider key=\"slider-home-2\" style=\"fashion\"][/simple-slider][product-categories title=&quot;Top &lt;span&gt;Categories&lt;/span&gt;&quot; category_ids=&quot;1,2,3,4&quot; style=&quot;fashion&quot; enable_lazy_loading=&quot;yes&quot;][/product-categories][products style=&quot;fashion&quot; title=&quot;Popular &lt;span&gt;Products&lt;/span&gt;&quot; limit=&quot;10&quot; enable_lazy_loading=&quot;yes&quot;][/products][theme-ads key_1=\"QPTCBJBOJOSY\" key_2=\"T2VFLDYYIJEH\" enable_lazy_loading=\"yes\"][/theme-ads][featured-posts title=\"Popular Posts\" limit=\"4\" enable_lazy_loading=\"yes\"][/featured-posts][brands title=\"Happy Sponsors\" quantity=\"6\" name_1=\"Bustle\" image_1=\"brands/brand-01.png\" link_1=\"#\" name_2=\"Bazaar\" image_2=\"brands/brand-02.png\" link_2=\"#\" name_3=\"goop\" image_3=\"brands/brand-03.png\" link_3=\"#\" name_4=\"Brit + Co\" image_4=\"brands/brand-04.png\" link_4=\"#\" name_5=\"The Coveteur\" image_5=\"brands/brand-05.png\" link_5=\"#\" name_6=\"allure\" image_6=\"brands/brand-06.png\" link_6=\"#\" enable_lazy_loading=\"yes\"][/brands]',1,NULL,'full-width',NULL,'published','2025-05-20 14:06:55','2025-05-20 14:06:55'),(3,'Furniture Home','[simple-slider key=\"slider-furniture\" style=\"furniture\"][/simple-slider][services quantity=\"4\" title_1=\"Free shipping\" description_1=\"Free shipping on orders over.\" image_1=\"icons/box.png\" title_2=\"Free Returns\" description_2=\"30-days free return policy\" image_2=\"icons/car.png\" title_3=\"Secured Payments\" description_3=\"We accept all major credit cards\" image_3=\"icons/payment.png\" title_4=\"Customer Service\" description_4=\"Top notch customer service\" image_4=\"icons/hours.png\" enable_lazy_loading=\"yes\"][/services][products style=&quot;wooden&quot; title=&quot;Popular &lt;span&gt;Products&lt;/span&gt;&quot; limit=&quot;10&quot; enable_lazy_loading=&quot;yes&quot;][/products][theme-ads style=\"furniture\" key_1=\"JO7LLJHFH1RO\" key_2=\"L8GDJUBVD2TQ\" key_3=\"PXJPAXLOCVRS\" enable_lazy_loading=\"yes\"][/theme-ads][deal-product flash_sale_id=\"1\" enable_lazy_loading=\"yes\"][/deal-product][products-slide title=\"Top Sell In Month\" limit=\"5\" type=\"trending\" enable_lazy_loading=\"yes\"][/products-slide][brands title=\"Happy Sponsors\" background_color=\"#040404\" quantity=\"6\" name_1=\"Bustle\" image_1=\"brands/brand-w-01.png\" link_1=\"https://www.bustle.com\" name_2=\"Bazaar\" image_2=\"brands/brand-w-02.png\" link_2=\"https://www.harpersbazaar.com\" name_3=\"Goop\" image_3=\"brands/brand-w-03.png\" link_3=\"https://goop.com/\" name_4=\"Brit + Co\" image_4=\"brands/brand-w-04.png\" link_4=\"https://www.brit.co\" name_5=\"The Couture Club\" image_5=\"brands/brand-w-05.png\" link_5=\"https://www.thecoutureclub.com\" name_6=\"Allure\" image_6=\"brands/brand-w-06.png\" link_6=\"https://www.allure.com\" enable_lazy_loading=\"yes\"][/brands][featured-posts title=\"Blog & Insights\" limit=\"4\" type=\"popular\" url=\"/blog\" enable_lazy_loading=\"yes\"][/featured-posts]',1,NULL,'full-width',NULL,'published','2025-05-20 14:06:55','2025-05-20 14:06:55'),(4,'Cosmetics Home','[simple-slider key=\"slider-cosmetics\" style=\"cosmetics\"][/simple-slider][brands background_color=\"#F7EFEC\" quantity=\"6\" name_1=\"Bustle\" image_1=\"brands/pla-brand-01.png\" link_1=\"https://www.bustle.com\" name_2=\"Bazaar\" image_2=\"brands/pla-brand-02.png\" link_2=\"https://www.harpersbazaar.com\" name_3=\"Goop\" image_3=\"brands/pla-brand-03.png\" link_3=\"https://goop.com/\" name_4=\"Brit + Co\" image_4=\"brands/pla-brand-04.png\" link_4=\"https://www.brit.co\" name_5=\"The Couture Club\" image_5=\"brands/pla-brand-05.png\" link_5=\"https://www.thecoutureclub.com\" name_6=\"Allure\" image_6=\"brands/pla-brand-06.png\" link_6=\"https://www.allure.com\" enable_lazy_loading=\"yes\"][/brands][product-collections collection_ids=\"4,5,6,7\" enable_lazy_loading=\"yes\"][/product-collections][products style=&quot;wooden&quot; title=&quot;Popular &lt;span&gt;Products&lt;/span&gt;&quot; limit=&quot;4&quot; enable_lazy_loading=&quot;yes&quot;][/products][product-categories category_ids=\"10,11,12,13,14,15\" style=\"cosmetics\" enable_lazy_loading=\"yes\"][/product-categories][deal-product flash_sale_id=\"1\" style=\"cosmetics\" marque_text=\"Great Deal Of The Day Shop Now\" marque_highlight_text=\"Shop Now\" marque_highlight_url=\"/products\" highlight_background=\"blog/9.jpg\" enable_lazy_loading=\"yes\"][/deal-product][testimonials title=\"User Feedbacks\" limit=\"3\" enable_lazy_loading=\"yes\"][/testimonials][featured-posts title=\"Blog & Insights\" limit=\"4\" type=\"popular\" url=\"/blog\" enable_lazy_loading=\"yes\"][/featured-posts]',1,NULL,'full-width',NULL,'published','2025-05-20 14:06:55','2025-05-20 14:06:55'),(5,'Food Grocery Home','[simple-slider key=\"slider-grocery\" style=\"grocery\" ads_1=\"EMRCINED6AX9\" ads_2=\"JVMDAIB9HO2I\" background_image=\"banners/banner-bg-05.jpg\"][/simple-slider][services quantity=\"4\" title_1=\"Free shipping\" description_1=\"Free shipping on orders over.\" image_1=\"icons/box.png\" title_2=\"Free Returns\" description_2=\"30-days free return policy\" image_2=\"icons/car.png\" title_3=\"Secured Payments\" description_3=\"We accept all major credit cards\" image_3=\"icons/payment.png\" title_4=\"Customer Service\" description_4=\"Top notch customer service\" image_4=\"icons/hours.png\" enable_lazy_loading=\"yes\"][/services][products style=&quot;wooden&quot; title=&quot;Popular &lt;span&gt;Products&lt;/span&gt;&quot; limit=&quot;10&quot; enable_lazy_loading=&quot;yes&quot;][/products][deal-product flash_sale_id=\"1\" style=\"cosmetics\" enable_lazy_loading=\"yes\"][/deal-product][products-by-categories category_ids=\"2,3,6,11\" number_of_products=\"4\" enable_lazy_loading=\"yes\"][/products-by-categories][testimonials title=\"User Feedbacks\" limit=\"3\" background_color=\"#F7EFEC\" card_color=\"#FFFFFF\" enable_lazy_loading=\"yes\"][/testimonials][featured-posts title=\"Blog & Insights\" limit=\"4\" url=\"/blog\" enable_lazy_loading=\"yes\"][/featured-posts]',1,NULL,'full-width',NULL,'published','2025-05-20 14:06:55','2025-05-20 14:06:55'),(6,'Blog',NULL,1,NULL,NULL,NULL,'published','2025-05-20 14:06:55','2025-05-20 14:06:55'),(7,'About','[about image_1=\"banners/about-img-1.jpg\" image_2=\"banners/about-img-2.jpg\" logo=\"banners/about-img-3.png\" title=\"About Our Story\" subtitle=\"About Us\" story_text_1=\"Publish your eCommerce site quickly with our easy-to-use store builder— no coding required. Migrate your items from your point of sale system or turn your Instagram feed into a shopping site and start selling fast. Square Online works for all kinds of businesses—retail, restaurants, services without costly customization or add ons. Get orders to your customers in lots of ways by offering shipping, pickup, delivery, and even QR code ordering.\" story_text_2=\"Expand your reach and sell more using seamless integrations with Google, Instagram, Facebook, and more. Built- in SEO tools make it easy for shoppers to find your business on search engines. Get access to the entire suite of integrated Square solutions to help you run your business. Integration between Square Online and all Square point of sale systems makes inventory management easy. Subscribe to Square Marketing and easily send email promotions to your customers using the contact information.\" list_item_1=\"Orders go right to your restaurant point of sale, KDS, and kitchen\" list_item_url_1=\"#\" list_item_2=\"Provide in-person pickup, & delivery by professional couriers\" list_item_url_2=\"#\" list_item_3=\"Offer in-person diners self-serve, contactless ordering via QR codes.\" list_item_url_3=\"#\" enable_lazy_loading=\"yes\"][/about][team title=\"Meet With Team\" subtitle=\"Team\" team_ids=\"1,2,3,4\"][/team][features quantity=\"2\" title_1=\"Solutions that work together\" subtitle_1=\"Features #01\" description_1=\"Publish your eCommerce site quickly with our easy-to-use store builder— no coding required. Migrate your items from your point of sale system or turn your Instagram feed into a shopping site and start selling fast. Square Online works for all kinds of businesses—retail, restaurants, services.\" image_1=\"banners/about-banner-1.jpg\" button_label_1=\"Get In Touch\" button_url_1=\"#\" title_2=\"All kinds of payments securely\" subtitle_2=\"Features #02\" description_2=\"Publish your eCommerce site quickly with our easy-to-use store builder— no coding required. Migrate your items from your point of sale system or turn your Instagram feed into a shopping site and start selling fast. Square Online works for all kinds of businesses—retail, restaurants, services.\" image_2=\"banners/about-banner-2.jpg\" button_label_2=\"Contact With Us\" button_url_2=\"#\" enable_lazy_loading=\"yes\"][/features]',1,NULL,'default',NULL,'published','2025-05-20 14:06:55','2025-05-20 14:06:55'),(8,'Contact','[contact-box title=\"Get In Touch\" address=\"24/26 Strait Bargate, Boston, PE21, United Kingdom\" phone=\" +098 (905) 786 897 8\" email=\"ninico@example.com\" hours=\"10 am - 10 pm EST, 7 days a week\" show_contact_form=\"1\" button_label_1=\"Get Support On Call\" button_url_1=\"#\" button_icon_1=\"fa fa-headphones-alt\" button_label_2=\"Get Direction\" button_url_2=\"#\" button_icon_2=\"fa fa-map-marker-alt\"][/contact-box][google-map]24/26 Strait Bargate, Boston, PE21, United Kingdom[/google-map]',1,NULL,NULL,NULL,'published','2025-05-20 14:06:55','2025-05-20 14:06:55'),(9,'Coming soon','[coming-soon title=\"We are Coming Soon\" subtitle=\"Coming Soon!\" time=\"2025-10-24\" background_image=\"banners/coming-soon.jpg\" logo_style=\"general/logo-white.png\" show_subscribe_form=\"1\"][/coming-soon]',1,NULL,'blank',NULL,'published','2025-05-20 14:06:55','2025-05-20 14:06:55'),(10,'Store Locator','[shop-location quantity=\"4\" name_1=\"Baldwin Hills Crenshaw Plaza\" address_1=\"24/26 Strait Bargate, Boston, PE21, United Kingdom\" phone_1=\"+098 (905) 786 897 8\" hours_1=\"10 am - 10 pm EST, 7 days a week\" image_1=\"shop/location-1.png\" name_2=\"Ninico Hills Crenshaw Plaza\" address_2=\" 36/26 Strait Bargate, Boston, PE21, United Kingdom\" phone_2=\"+098 112 786 897 8\" hours_2=\"9 am - 10 pm EST, 5 days a week\" image_2=\"shop/location-2.png\" name_3=\"Vegas BGM Crenshaw Plaza\" address_3=\"40/26 Strait Bargate, Vegas, PE21, United Kingdom\" phone_3=\" +098 (905) 786 897 8\" hours_3=\"10 am - 10 pm EST, 7 days a week\" image_3=\"shop/location-3.png\" name_4=\"Bargate Cine Crenshaw Plaza\" address_4=\"38/26 Strait Bargate, Point, PE21, United Kingdom\" phone_4=\"6 - 146 - 389 - 5748\" hours_4=\"10 am - 10 pm EST, 7 days a week\" image_4=\"shop/location-4.png\" enable_lazy_loading=\"yes\"][/shop-location][google-map]New York, USA[/google-map]',1,NULL,NULL,NULL,'published','2025-05-20 14:06:55','2025-05-20 14:06:55'),(11,'FAQs','[faqs category_ids=\"1,2,3\"][/faqs]Get in touch<p>&nbsp;</p>\n                    <p>&nbsp;</p>\n                    <p><span style=\"font-size:24px;\"><strong>Get in touch</strong></span></p>[contact-form][/contact-form]',1,NULL,NULL,NULL,'published','2025-05-20 14:06:55','2025-05-20 14:06:55');
/*!40000 ALTER TABLE `pages` ENABLE KEYS */;
UNLOCK TABLES;

--
-- Table structure for table `pages_translations`
--

DROP TABLE IF EXISTS `pages_translations`;
/*!40101 SET @saved_cs_client     = @@character_set_client */;
/*!40101 SET character_set_client = utf8 */;
CREATE TABLE `pages_translations` (
  `lang_code` varchar(20) NOT NULL,
  `pages_id` bigint(20) unsigned NOT NULL,
  `name` varchar(191) DEFAULT NULL,
  `description` varchar(400) DEFAULT NULL,
  `content` longtext DEFAULT NULL,
  PRIMARY KEY (`lang_code`,`pages_id`)
) ENGINE=InnoDB DEFAULT CHARSET=utf8mb4 COLLATE=utf8mb4_unicode_ci;
/*!40101 SET character_set_client = @saved_cs_client */;

--
-- Dumping data for table `pages_translations`
--

LOCK TABLES `pages_translations` WRITE;
/*!40000 ALTER TABLE `pages_translations` DISABLE KEYS */;
/*!40000 ALTER TABLE `pages_translations` ENABLE KEYS */;
UNLOCK TABLES;

--
-- Table structure for table `password_reset_tokens`
--

DROP TABLE IF EXISTS `password_reset_tokens`;
/*!40101 SET @saved_cs_client     = @@character_set_client */;
/*!40101 SET character_set_client = utf8 */;
CREATE TABLE `password_reset_tokens` (
  `email` varchar(191) NOT NULL,
  `token` varchar(191) NOT NULL,
  `created_at` timestamp NULL DEFAULT NULL,
  PRIMARY KEY (`email`)
) ENGINE=InnoDB DEFAULT CHARSET=utf8mb4 COLLATE=utf8mb4_unicode_ci;
/*!40101 SET character_set_client = @saved_cs_client */;

--
-- Dumping data for table `password_reset_tokens`
--

LOCK TABLES `password_reset_tokens` WRITE;
/*!40000 ALTER TABLE `password_reset_tokens` DISABLE KEYS */;
/*!40000 ALTER TABLE `password_reset_tokens` ENABLE KEYS */;
UNLOCK TABLES;

--
-- Table structure for table `payment_logs`
--

DROP TABLE IF EXISTS `payment_logs`;
/*!40101 SET @saved_cs_client     = @@character_set_client */;
/*!40101 SET character_set_client = utf8 */;
CREATE TABLE `payment_logs` (
  `id` bigint(20) unsigned NOT NULL AUTO_INCREMENT,
  `payment_method` varchar(191) NOT NULL,
  `request` longtext DEFAULT NULL,
  `response` longtext DEFAULT NULL,
  `ip_address` varchar(45) NOT NULL,
  `created_at` timestamp NULL DEFAULT NULL,
  `updated_at` timestamp NULL DEFAULT NULL,
  PRIMARY KEY (`id`)
) ENGINE=InnoDB DEFAULT CHARSET=utf8mb4 COLLATE=utf8mb4_unicode_ci;
/*!40101 SET character_set_client = @saved_cs_client */;

--
-- Dumping data for table `payment_logs`
--

LOCK TABLES `payment_logs` WRITE;
/*!40000 ALTER TABLE `payment_logs` DISABLE KEYS */;
/*!40000 ALTER TABLE `payment_logs` ENABLE KEYS */;
UNLOCK TABLES;

--
-- Table structure for table `payments`
--

DROP TABLE IF EXISTS `payments`;
/*!40101 SET @saved_cs_client     = @@character_set_client */;
/*!40101 SET character_set_client = utf8 */;
CREATE TABLE `payments` (
  `id` bigint(20) unsigned NOT NULL AUTO_INCREMENT,
  `currency` varchar(120) DEFAULT NULL,
  `user_id` bigint(20) unsigned NOT NULL DEFAULT 0,
  `charge_id` varchar(191) DEFAULT NULL,
  `payment_channel` varchar(60) DEFAULT NULL,
  `description` varchar(400) DEFAULT NULL,
  `amount` decimal(15,2) unsigned NOT NULL,
  `order_id` bigint(20) unsigned DEFAULT NULL,
  `status` varchar(60) DEFAULT 'pending',
  `payment_type` varchar(191) DEFAULT 'confirm',
  `customer_id` bigint(20) unsigned DEFAULT NULL,
  `refunded_amount` decimal(15,2) unsigned DEFAULT NULL,
  `refund_note` varchar(191) DEFAULT NULL,
  `created_at` timestamp NULL DEFAULT NULL,
  `updated_at` timestamp NULL DEFAULT NULL,
  `customer_type` varchar(191) DEFAULT NULL,
  `metadata` mediumtext DEFAULT NULL,
  PRIMARY KEY (`id`)
) ENGINE=InnoDB DEFAULT CHARSET=utf8mb4 COLLATE=utf8mb4_unicode_ci;
/*!40101 SET character_set_client = @saved_cs_client */;

--
-- Dumping data for table `payments`
--

LOCK TABLES `payments` WRITE;
/*!40000 ALTER TABLE `payments` DISABLE KEYS */;
/*!40000 ALTER TABLE `payments` ENABLE KEYS */;
UNLOCK TABLES;

--
-- Table structure for table `personal_access_tokens`
--

DROP TABLE IF EXISTS `personal_access_tokens`;
/*!40101 SET @saved_cs_client     = @@character_set_client */;
/*!40101 SET character_set_client = utf8 */;
CREATE TABLE `personal_access_tokens` (
  `id` bigint(20) unsigned NOT NULL AUTO_INCREMENT,
  `tokenable_type` varchar(191) NOT NULL,
  `tokenable_id` bigint(20) unsigned NOT NULL,
  `name` varchar(191) NOT NULL,
  `token` varchar(64) NOT NULL,
  `abilities` text DEFAULT NULL,
  `last_used_at` timestamp NULL DEFAULT NULL,
  `expires_at` timestamp NULL DEFAULT NULL,
  `created_at` timestamp NULL DEFAULT NULL,
  `updated_at` timestamp NULL DEFAULT NULL,
  PRIMARY KEY (`id`),
  UNIQUE KEY `personal_access_tokens_token_unique` (`token`),
  KEY `personal_access_tokens_tokenable_type_tokenable_id_index` (`tokenable_type`,`tokenable_id`)
) ENGINE=InnoDB DEFAULT CHARSET=utf8mb4 COLLATE=utf8mb4_unicode_ci;
/*!40101 SET character_set_client = @saved_cs_client */;

--
-- Dumping data for table `personal_access_tokens`
--

LOCK TABLES `personal_access_tokens` WRITE;
/*!40000 ALTER TABLE `personal_access_tokens` DISABLE KEYS */;
/*!40000 ALTER TABLE `personal_access_tokens` ENABLE KEYS */;
UNLOCK TABLES;

--
-- Table structure for table `post_categories`
--

DROP TABLE IF EXISTS `post_categories`;
/*!40101 SET @saved_cs_client     = @@character_set_client */;
/*!40101 SET character_set_client = utf8 */;
CREATE TABLE `post_categories` (
  `category_id` bigint(20) unsigned NOT NULL,
  `post_id` bigint(20) unsigned NOT NULL,
  KEY `post_categories_category_id_index` (`category_id`),
  KEY `post_categories_post_id_index` (`post_id`)
) ENGINE=InnoDB DEFAULT CHARSET=utf8mb4 COLLATE=utf8mb4_unicode_ci;
/*!40101 SET character_set_client = @saved_cs_client */;

--
-- Dumping data for table `post_categories`
--

LOCK TABLES `post_categories` WRITE;
/*!40000 ALTER TABLE `post_categories` DISABLE KEYS */;
INSERT INTO `post_categories` VALUES (1,1),(2,1),(4,2),(1,2),(2,3),(1,3),(2,4),(1,4),(3,5),(2,6),(4,6),(1,7),(4,8),(4,9),(2,9),(1,10),(1,11),(3,11);
/*!40000 ALTER TABLE `post_categories` ENABLE KEYS */;
UNLOCK TABLES;

--
-- Table structure for table `post_tags`
--

DROP TABLE IF EXISTS `post_tags`;
/*!40101 SET @saved_cs_client     = @@character_set_client */;
/*!40101 SET character_set_client = utf8 */;
CREATE TABLE `post_tags` (
  `tag_id` bigint(20) unsigned NOT NULL,
  `post_id` bigint(20) unsigned NOT NULL,
  KEY `post_tags_tag_id_index` (`tag_id`),
  KEY `post_tags_post_id_index` (`post_id`)
) ENGINE=InnoDB DEFAULT CHARSET=utf8mb4 COLLATE=utf8mb4_unicode_ci;
/*!40101 SET character_set_client = @saved_cs_client */;

--
-- Dumping data for table `post_tags`
--

LOCK TABLES `post_tags` WRITE;
/*!40000 ALTER TABLE `post_tags` DISABLE KEYS */;
INSERT INTO `post_tags` VALUES (2,1),(5,1),(5,2),(4,2),(4,3),(5,3),(3,3),(1,4),(4,4),(3,4),(5,5),(3,5),(2,5),(3,6),(5,6),(4,7),(1,7),(3,8),(2,8),(1,9),(4,9),(2,9),(4,10),(1,10),(5,10),(2,11),(4,11),(3,11);
/*!40000 ALTER TABLE `post_tags` ENABLE KEYS */;
UNLOCK TABLES;

--
-- Table structure for table `posts`
--

DROP TABLE IF EXISTS `posts`;
/*!40101 SET @saved_cs_client     = @@character_set_client */;
/*!40101 SET character_set_client = utf8 */;
CREATE TABLE `posts` (
  `id` bigint(20) unsigned NOT NULL AUTO_INCREMENT,
  `name` varchar(191) NOT NULL,
  `description` varchar(400) DEFAULT NULL,
  `content` longtext DEFAULT NULL,
  `status` varchar(60) NOT NULL DEFAULT 'published',
  `author_id` bigint(20) unsigned DEFAULT NULL,
  `author_type` varchar(191) NOT NULL,
  `is_featured` tinyint(3) unsigned NOT NULL DEFAULT 0,
  `image` varchar(191) DEFAULT NULL,
  `views` int(10) unsigned NOT NULL DEFAULT 0,
  `format_type` varchar(30) DEFAULT NULL,
  `created_at` timestamp NULL DEFAULT NULL,
  `updated_at` timestamp NULL DEFAULT NULL,
  PRIMARY KEY (`id`),
  KEY `posts_status_index` (`status`),
  KEY `posts_author_id_index` (`author_id`),
  KEY `posts_author_type_index` (`author_type`),
  KEY `posts_created_at_index` (`created_at`)
) ENGINE=InnoDB AUTO_INCREMENT=12 DEFAULT CHARSET=utf8mb4 COLLATE=utf8mb4_unicode_ci;
/*!40101 SET character_set_client = @saved_cs_client */;

--
-- Dumping data for table `posts`
--

LOCK TABLES `posts` WRITE;
/*!40000 ALTER TABLE `posts` DISABLE KEYS */;
INSERT INTO `posts` VALUES (1,'4 Expert Tips On How To Choose The Right Men’s Wallet','Alice crouched down among the trees behind him. \'--or next day, maybe,\' the Footman remarked, \'till tomorrow--\' At this the whole place around her became alive with the other ladder?--Why, I hadn\'t.','<p>I have seen many people underestimating the power of their wallets. To them, they are just a functional item they use to carry. As a result, they often end up with the wallets which are not really suitable for them.</p>\n\n<p>You should pay more attention when you choose your wallets. There are a lot of them on the market with the different designs and styles. When you choose carefully, you would be able to buy a wallet that is catered to your needs. Not to mention that it will help to enhance your style significantly.</p>\n\n<p style=\"text-align:center\"><img alt=\"f4\" src=\"/storage/blog/blog-in-01.jpg\" /></p>\n\n<p><br />\n    &nbsp;</p>\n\n<p><strong><em>For all of the reason above, here are 7 expert tips to help you pick up the right men&rsquo;s wallet for you:</em></strong></p>\n\n<h4><strong>Number 1: Choose A Neat Wallet</strong></h4>\n\n<p>The wallet is an essential accessory that you should go simple. Simplicity is the best in this case. A simple and neat wallet with the plain color and even&nbsp;<strong>minimalist style</strong>&nbsp;is versatile. It can be used for both formal and casual events. In addition, that wallet will go well with most of the clothes in your wardrobe.</p>\n\n<p>Keep in mind that a wallet will tell other people about your personality and your fashion sense as much as other clothes you put on. Hence, don&rsquo;t go cheesy on your wallet or else people will think that you have a funny and particular style.</p>\n\n<p style=\"text-align:center\"><img alt=\"f5\" src=\"/storage/blog/blog-in-02.jpg\" /></p>\n\n<p><br />\n    &nbsp;</p>\n<hr />\n<h4><strong>Number 2: Choose The Right Size For Your Wallet</strong></h4>\n\n<p>You should avoid having an over-sized wallet. Don&rsquo;t think that you need to buy a big wallet because you have a lot to carry with you. In addition, a fat wallet is very ugly. It will make it harder for you to slide the wallet into your trousers&rsquo; pocket. In addition, it will create a bulge and ruin your look.</p>\n\n<p>Before you go on to buy a new wallet, clean out your wallet and place all the items from your wallet on a table. Throw away things that you would never need any more such as the old bills or the expired gift cards. Remember to check your wallet on a frequent basis to get rid of all of the old stuff that you don&rsquo;t need anymore.</p>\n\n<p style=\"text-align:center\"><img alt=\"f1\" src=\"/storage/blog/blog-in-03.jpg\" /></p>\n\n<p><br />\n    &nbsp;</p>\n\n<hr />\n<h4><strong>Number 3: Don&rsquo;t Limit Your Options Of Materials</strong></h4>\n\n<p>The types and designs of wallets are not the only things that you should consider when you go out searching for your best wallet. You have more than 1 option of material rather than leather to choose from as well.</p>\n\n<p>You can experiment with other available options such as cotton, polyester and canvas. They all have their own pros and cons. As a result, they will be suitable for different needs and requirements. You should think about them all in order to choose the material which you would like the most.</p>\n\n<p style=\"text-align:center\"><img alt=\"f6\" src=\"/storage/blog/blog-in-04.jpg\" /></p>\n\n<p><br />\n    &nbsp;</p>\n\n<hr />\n<h4><strong>Number 4: Consider A Wallet As A Long Term Investment</strong></h4>\n\n<p>Your wallet is indeed an investment that you should consider spending a decent amount of time and effort on it. Another factor that you need to consider is how much you want to spend on your wallet. The price ranges of wallets on the market vary a great deal. You can find a wallet which is as cheap as about 5 to 7 dollars. On the other hand, you should expect to pay around 250 to 300 dollars for a high-quality wallet.</p>\n\n<p>In case you need a wallet to use for a long time, it is a good idea that you should invest a decent amount of money on a wallet. A high quality wallet from a reputational brand with the premium quality such as cowhide leather will last for a long time. In addition, it is an accessory to show off your fashion sense and your social status.</p>\n\n<p style=\"text-align:center\"><img alt=\"f2\" src=\"/storage/blog/blog-in-05.jpg\" /></p>\n\n<p>&nbsp;</p>\n','published',1,'Botble\\ACL\\Models\\User',1,'blog/1.jpg',1699,NULL,'2025-05-20 14:06:52','2025-05-20 14:06:52'),(2,'Sexy Clutches: How to Buy &amp; Wear a Designer Clutch Bag','Alice; \'but a grin without a great crowd assembled about them--all sorts of little Alice and all would change to dull reality--the grass would be wasting our breath.\" \"I\'ll be judge, I\'ll be jury,\".','<p>I have seen many people underestimating the power of their wallets. To them, they are just a functional item they use to carry. As a result, they often end up with the wallets which are not really suitable for them.</p>\n\n<p>You should pay more attention when you choose your wallets. There are a lot of them on the market with the different designs and styles. When you choose carefully, you would be able to buy a wallet that is catered to your needs. Not to mention that it will help to enhance your style significantly.</p>\n\n<p style=\"text-align:center\"><img alt=\"f4\" src=\"/storage/blog/blog-in-01.jpg\" /></p>\n\n<p><br />\n    &nbsp;</p>\n\n<p><strong><em>For all of the reason above, here are 7 expert tips to help you pick up the right men&rsquo;s wallet for you:</em></strong></p>\n\n<h4><strong>Number 1: Choose A Neat Wallet</strong></h4>\n\n<p>The wallet is an essential accessory that you should go simple. Simplicity is the best in this case. A simple and neat wallet with the plain color and even&nbsp;<strong>minimalist style</strong>&nbsp;is versatile. It can be used for both formal and casual events. In addition, that wallet will go well with most of the clothes in your wardrobe.</p>\n\n<p>Keep in mind that a wallet will tell other people about your personality and your fashion sense as much as other clothes you put on. Hence, don&rsquo;t go cheesy on your wallet or else people will think that you have a funny and particular style.</p>\n\n<p style=\"text-align:center\"><img alt=\"f5\" src=\"/storage/blog/blog-in-02.jpg\" /></p>\n\n<p><br />\n    &nbsp;</p>\n<hr />\n<h4><strong>Number 2: Choose The Right Size For Your Wallet</strong></h4>\n\n<p>You should avoid having an over-sized wallet. Don&rsquo;t think that you need to buy a big wallet because you have a lot to carry with you. In addition, a fat wallet is very ugly. It will make it harder for you to slide the wallet into your trousers&rsquo; pocket. In addition, it will create a bulge and ruin your look.</p>\n\n<p>Before you go on to buy a new wallet, clean out your wallet and place all the items from your wallet on a table. Throw away things that you would never need any more such as the old bills or the expired gift cards. Remember to check your wallet on a frequent basis to get rid of all of the old stuff that you don&rsquo;t need anymore.</p>\n\n<p style=\"text-align:center\"><img alt=\"f1\" src=\"/storage/blog/blog-in-03.jpg\" /></p>\n\n<p><br />\n    &nbsp;</p>\n\n<hr />\n<h4><strong>Number 3: Don&rsquo;t Limit Your Options Of Materials</strong></h4>\n\n<p>The types and designs of wallets are not the only things that you should consider when you go out searching for your best wallet. You have more than 1 option of material rather than leather to choose from as well.</p>\n\n<p>You can experiment with other available options such as cotton, polyester and canvas. They all have their own pros and cons. As a result, they will be suitable for different needs and requirements. You should think about them all in order to choose the material which you would like the most.</p>\n\n<p style=\"text-align:center\"><img alt=\"f6\" src=\"/storage/blog/blog-in-04.jpg\" /></p>\n\n<p><br />\n    &nbsp;</p>\n\n<hr />\n<h4><strong>Number 4: Consider A Wallet As A Long Term Investment</strong></h4>\n\n<p>Your wallet is indeed an investment that you should consider spending a decent amount of time and effort on it. Another factor that you need to consider is how much you want to spend on your wallet. The price ranges of wallets on the market vary a great deal. You can find a wallet which is as cheap as about 5 to 7 dollars. On the other hand, you should expect to pay around 250 to 300 dollars for a high-quality wallet.</p>\n\n<p>In case you need a wallet to use for a long time, it is a good idea that you should invest a decent amount of money on a wallet. A high quality wallet from a reputational brand with the premium quality such as cowhide leather will last for a long time. In addition, it is an accessory to show off your fashion sense and your social status.</p>\n\n<p style=\"text-align:center\"><img alt=\"f2\" src=\"/storage/blog/blog-in-05.jpg\" /></p>\n\n<p>&nbsp;</p>\n','published',1,'Botble\\ACL\\Models\\User',0,'blog/2.jpg',1547,NULL,'2025-05-20 14:06:52','2025-05-20 14:06:52'),(3,'The Top 2020 Handbag Trends to Know','Cat\'s head with great curiosity, and this Alice would not join the dance. Will you, won\'t you, won\'t you, won\'t you join the dance?\"\' \'Thank you, it\'s a very little way out of THIS!\' (Sounds of more.','<p>I have seen many people underestimating the power of their wallets. To them, they are just a functional item they use to carry. As a result, they often end up with the wallets which are not really suitable for them.</p>\n\n<p>You should pay more attention when you choose your wallets. There are a lot of them on the market with the different designs and styles. When you choose carefully, you would be able to buy a wallet that is catered to your needs. Not to mention that it will help to enhance your style significantly.</p>\n\n<p style=\"text-align:center\"><img alt=\"f4\" src=\"/storage/blog/blog-in-01.jpg\" /></p>\n\n<p><br />\n    &nbsp;</p>\n\n<p><strong><em>For all of the reason above, here are 7 expert tips to help you pick up the right men&rsquo;s wallet for you:</em></strong></p>\n\n<h4><strong>Number 1: Choose A Neat Wallet</strong></h4>\n\n<p>The wallet is an essential accessory that you should go simple. Simplicity is the best in this case. A simple and neat wallet with the plain color and even&nbsp;<strong>minimalist style</strong>&nbsp;is versatile. It can be used for both formal and casual events. In addition, that wallet will go well with most of the clothes in your wardrobe.</p>\n\n<p>Keep in mind that a wallet will tell other people about your personality and your fashion sense as much as other clothes you put on. Hence, don&rsquo;t go cheesy on your wallet or else people will think that you have a funny and particular style.</p>\n\n<p style=\"text-align:center\"><img alt=\"f5\" src=\"/storage/blog/blog-in-02.jpg\" /></p>\n\n<p><br />\n    &nbsp;</p>\n<hr />\n<h4><strong>Number 2: Choose The Right Size For Your Wallet</strong></h4>\n\n<p>You should avoid having an over-sized wallet. Don&rsquo;t think that you need to buy a big wallet because you have a lot to carry with you. In addition, a fat wallet is very ugly. It will make it harder for you to slide the wallet into your trousers&rsquo; pocket. In addition, it will create a bulge and ruin your look.</p>\n\n<p>Before you go on to buy a new wallet, clean out your wallet and place all the items from your wallet on a table. Throw away things that you would never need any more such as the old bills or the expired gift cards. Remember to check your wallet on a frequent basis to get rid of all of the old stuff that you don&rsquo;t need anymore.</p>\n\n<p style=\"text-align:center\"><img alt=\"f1\" src=\"/storage/blog/blog-in-03.jpg\" /></p>\n\n<p><br />\n    &nbsp;</p>\n\n<hr />\n<h4><strong>Number 3: Don&rsquo;t Limit Your Options Of Materials</strong></h4>\n\n<p>The types and designs of wallets are not the only things that you should consider when you go out searching for your best wallet. You have more than 1 option of material rather than leather to choose from as well.</p>\n\n<p>You can experiment with other available options such as cotton, polyester and canvas. They all have their own pros and cons. As a result, they will be suitable for different needs and requirements. You should think about them all in order to choose the material which you would like the most.</p>\n\n<p style=\"text-align:center\"><img alt=\"f6\" src=\"/storage/blog/blog-in-04.jpg\" /></p>\n\n<p><br />\n    &nbsp;</p>\n\n<hr />\n<h4><strong>Number 4: Consider A Wallet As A Long Term Investment</strong></h4>\n\n<p>Your wallet is indeed an investment that you should consider spending a decent amount of time and effort on it. Another factor that you need to consider is how much you want to spend on your wallet. The price ranges of wallets on the market vary a great deal. You can find a wallet which is as cheap as about 5 to 7 dollars. On the other hand, you should expect to pay around 250 to 300 dollars for a high-quality wallet.</p>\n\n<p>In case you need a wallet to use for a long time, it is a good idea that you should invest a decent amount of money on a wallet. A high quality wallet from a reputational brand with the premium quality such as cowhide leather will last for a long time. In addition, it is an accessory to show off your fashion sense and your social status.</p>\n\n<p style=\"text-align:center\"><img alt=\"f2\" src=\"/storage/blog/blog-in-05.jpg\" /></p>\n\n<p>&nbsp;</p>\n','published',1,'Botble\\ACL\\Models\\User',0,'blog/3.jpg',1269,NULL,'2025-05-20 14:06:52','2025-05-20 14:06:52'),(4,'How to Match the Color of Your Handbag With an Outfit','Time!\' \'Perhaps not,\' Alice cautiously replied: \'but I haven\'t been invited yet.\' \'You\'ll see me there,\' said the Hatter: \'as the things I used to it in less than no time to be nothing but.','<p>I have seen many people underestimating the power of their wallets. To them, they are just a functional item they use to carry. As a result, they often end up with the wallets which are not really suitable for them.</p>\n\n<p>You should pay more attention when you choose your wallets. There are a lot of them on the market with the different designs and styles. When you choose carefully, you would be able to buy a wallet that is catered to your needs. Not to mention that it will help to enhance your style significantly.</p>\n\n<p style=\"text-align:center\"><img alt=\"f4\" src=\"/storage/blog/blog-in-01.jpg\" /></p>\n\n<p><br />\n    &nbsp;</p>\n\n<p><strong><em>For all of the reason above, here are 7 expert tips to help you pick up the right men&rsquo;s wallet for you:</em></strong></p>\n\n<h4><strong>Number 1: Choose A Neat Wallet</strong></h4>\n\n<p>The wallet is an essential accessory that you should go simple. Simplicity is the best in this case. A simple and neat wallet with the plain color and even&nbsp;<strong>minimalist style</strong>&nbsp;is versatile. It can be used for both formal and casual events. In addition, that wallet will go well with most of the clothes in your wardrobe.</p>\n\n<p>Keep in mind that a wallet will tell other people about your personality and your fashion sense as much as other clothes you put on. Hence, don&rsquo;t go cheesy on your wallet or else people will think that you have a funny and particular style.</p>\n\n<p style=\"text-align:center\"><img alt=\"f5\" src=\"/storage/blog/blog-in-02.jpg\" /></p>\n\n<p><br />\n    &nbsp;</p>\n<hr />\n<h4><strong>Number 2: Choose The Right Size For Your Wallet</strong></h4>\n\n<p>You should avoid having an over-sized wallet. Don&rsquo;t think that you need to buy a big wallet because you have a lot to carry with you. In addition, a fat wallet is very ugly. It will make it harder for you to slide the wallet into your trousers&rsquo; pocket. In addition, it will create a bulge and ruin your look.</p>\n\n<p>Before you go on to buy a new wallet, clean out your wallet and place all the items from your wallet on a table. Throw away things that you would never need any more such as the old bills or the expired gift cards. Remember to check your wallet on a frequent basis to get rid of all of the old stuff that you don&rsquo;t need anymore.</p>\n\n<p style=\"text-align:center\"><img alt=\"f1\" src=\"/storage/blog/blog-in-03.jpg\" /></p>\n\n<p><br />\n    &nbsp;</p>\n\n<hr />\n<h4><strong>Number 3: Don&rsquo;t Limit Your Options Of Materials</strong></h4>\n\n<p>The types and designs of wallets are not the only things that you should consider when you go out searching for your best wallet. You have more than 1 option of material rather than leather to choose from as well.</p>\n\n<p>You can experiment with other available options such as cotton, polyester and canvas. They all have their own pros and cons. As a result, they will be suitable for different needs and requirements. You should think about them all in order to choose the material which you would like the most.</p>\n\n<p style=\"text-align:center\"><img alt=\"f6\" src=\"/storage/blog/blog-in-04.jpg\" /></p>\n\n<p><br />\n    &nbsp;</p>\n\n<hr />\n<h4><strong>Number 4: Consider A Wallet As A Long Term Investment</strong></h4>\n\n<p>Your wallet is indeed an investment that you should consider spending a decent amount of time and effort on it. Another factor that you need to consider is how much you want to spend on your wallet. The price ranges of wallets on the market vary a great deal. You can find a wallet which is as cheap as about 5 to 7 dollars. On the other hand, you should expect to pay around 250 to 300 dollars for a high-quality wallet.</p>\n\n<p>In case you need a wallet to use for a long time, it is a good idea that you should invest a decent amount of money on a wallet. A high quality wallet from a reputational brand with the premium quality such as cowhide leather will last for a long time. In addition, it is an accessory to show off your fashion sense and your social status.</p>\n\n<p style=\"text-align:center\"><img alt=\"f2\" src=\"/storage/blog/blog-in-05.jpg\" /></p>\n\n<p>&nbsp;</p>\n','published',1,'Botble\\ACL\\Models\\User',0,'blog/4.jpg',648,NULL,'2025-05-20 14:06:52','2025-05-20 14:06:52'),(5,'How to Care for Leather Bags','An enormous puppy was looking up into the way I want to be?\' it asked. \'Oh, I\'m not myself, you see.\' \'I don\'t see,\' said the Gryphon. \'I mean, what makes them so shiny?\' Alice looked down into a.','<p>I have seen many people underestimating the power of their wallets. To them, they are just a functional item they use to carry. As a result, they often end up with the wallets which are not really suitable for them.</p>\n\n<p>You should pay more attention when you choose your wallets. There are a lot of them on the market with the different designs and styles. When you choose carefully, you would be able to buy a wallet that is catered to your needs. Not to mention that it will help to enhance your style significantly.</p>\n\n<p style=\"text-align:center\"><img alt=\"f4\" src=\"/storage/blog/blog-in-01.jpg\" /></p>\n\n<p><br />\n    &nbsp;</p>\n\n<p><strong><em>For all of the reason above, here are 7 expert tips to help you pick up the right men&rsquo;s wallet for you:</em></strong></p>\n\n<h4><strong>Number 1: Choose A Neat Wallet</strong></h4>\n\n<p>The wallet is an essential accessory that you should go simple. Simplicity is the best in this case. A simple and neat wallet with the plain color and even&nbsp;<strong>minimalist style</strong>&nbsp;is versatile. It can be used for both formal and casual events. In addition, that wallet will go well with most of the clothes in your wardrobe.</p>\n\n<p>Keep in mind that a wallet will tell other people about your personality and your fashion sense as much as other clothes you put on. Hence, don&rsquo;t go cheesy on your wallet or else people will think that you have a funny and particular style.</p>\n\n<p style=\"text-align:center\"><img alt=\"f5\" src=\"/storage/blog/blog-in-02.jpg\" /></p>\n\n<p><br />\n    &nbsp;</p>\n<hr />\n<h4><strong>Number 2: Choose The Right Size For Your Wallet</strong></h4>\n\n<p>You should avoid having an over-sized wallet. Don&rsquo;t think that you need to buy a big wallet because you have a lot to carry with you. In addition, a fat wallet is very ugly. It will make it harder for you to slide the wallet into your trousers&rsquo; pocket. In addition, it will create a bulge and ruin your look.</p>\n\n<p>Before you go on to buy a new wallet, clean out your wallet and place all the items from your wallet on a table. Throw away things that you would never need any more such as the old bills or the expired gift cards. Remember to check your wallet on a frequent basis to get rid of all of the old stuff that you don&rsquo;t need anymore.</p>\n\n<p style=\"text-align:center\"><img alt=\"f1\" src=\"/storage/blog/blog-in-03.jpg\" /></p>\n\n<p><br />\n    &nbsp;</p>\n\n<hr />\n<h4><strong>Number 3: Don&rsquo;t Limit Your Options Of Materials</strong></h4>\n\n<p>The types and designs of wallets are not the only things that you should consider when you go out searching for your best wallet. You have more than 1 option of material rather than leather to choose from as well.</p>\n\n<p>You can experiment with other available options such as cotton, polyester and canvas. They all have their own pros and cons. As a result, they will be suitable for different needs and requirements. You should think about them all in order to choose the material which you would like the most.</p>\n\n<p style=\"text-align:center\"><img alt=\"f6\" src=\"/storage/blog/blog-in-04.jpg\" /></p>\n\n<p><br />\n    &nbsp;</p>\n\n<hr />\n<h4><strong>Number 4: Consider A Wallet As A Long Term Investment</strong></h4>\n\n<p>Your wallet is indeed an investment that you should consider spending a decent amount of time and effort on it. Another factor that you need to consider is how much you want to spend on your wallet. The price ranges of wallets on the market vary a great deal. You can find a wallet which is as cheap as about 5 to 7 dollars. On the other hand, you should expect to pay around 250 to 300 dollars for a high-quality wallet.</p>\n\n<p>In case you need a wallet to use for a long time, it is a good idea that you should invest a decent amount of money on a wallet. A high quality wallet from a reputational brand with the premium quality such as cowhide leather will last for a long time. In addition, it is an accessory to show off your fashion sense and your social status.</p>\n\n<p style=\"text-align:center\"><img alt=\"f2\" src=\"/storage/blog/blog-in-05.jpg\" /></p>\n\n<p>&nbsp;</p>\n','published',1,'Botble\\ACL\\Models\\User',0,'blog/5.jpg',159,NULL,'2025-05-20 14:06:52','2025-05-20 14:06:52'),(6,'We\'re Crushing Hard on Summer\'s 10 Biggest Bag Trends','Why, there\'s hardly enough of me left to make personal remarks,\' Alice said very humbly; \'I won\'t indeed!\' said the Hatter. \'It isn\'t mine,\' said the Caterpillar. \'Well, I\'ve tried hedges,\' the.','<p>I have seen many people underestimating the power of their wallets. To them, they are just a functional item they use to carry. As a result, they often end up with the wallets which are not really suitable for them.</p>\n\n<p>You should pay more attention when you choose your wallets. There are a lot of them on the market with the different designs and styles. When you choose carefully, you would be able to buy a wallet that is catered to your needs. Not to mention that it will help to enhance your style significantly.</p>\n\n<p style=\"text-align:center\"><img alt=\"f4\" src=\"/storage/blog/blog-in-01.jpg\" /></p>\n\n<p><br />\n    &nbsp;</p>\n\n<p><strong><em>For all of the reason above, here are 7 expert tips to help you pick up the right men&rsquo;s wallet for you:</em></strong></p>\n\n<h4><strong>Number 1: Choose A Neat Wallet</strong></h4>\n\n<p>The wallet is an essential accessory that you should go simple. Simplicity is the best in this case. A simple and neat wallet with the plain color and even&nbsp;<strong>minimalist style</strong>&nbsp;is versatile. It can be used for both formal and casual events. In addition, that wallet will go well with most of the clothes in your wardrobe.</p>\n\n<p>Keep in mind that a wallet will tell other people about your personality and your fashion sense as much as other clothes you put on. Hence, don&rsquo;t go cheesy on your wallet or else people will think that you have a funny and particular style.</p>\n\n<p style=\"text-align:center\"><img alt=\"f5\" src=\"/storage/blog/blog-in-02.jpg\" /></p>\n\n<p><br />\n    &nbsp;</p>\n<hr />\n<h4><strong>Number 2: Choose The Right Size For Your Wallet</strong></h4>\n\n<p>You should avoid having an over-sized wallet. Don&rsquo;t think that you need to buy a big wallet because you have a lot to carry with you. In addition, a fat wallet is very ugly. It will make it harder for you to slide the wallet into your trousers&rsquo; pocket. In addition, it will create a bulge and ruin your look.</p>\n\n<p>Before you go on to buy a new wallet, clean out your wallet and place all the items from your wallet on a table. Throw away things that you would never need any more such as the old bills or the expired gift cards. Remember to check your wallet on a frequent basis to get rid of all of the old stuff that you don&rsquo;t need anymore.</p>\n\n<p style=\"text-align:center\"><img alt=\"f1\" src=\"/storage/blog/blog-in-03.jpg\" /></p>\n\n<p><br />\n    &nbsp;</p>\n\n<hr />\n<h4><strong>Number 3: Don&rsquo;t Limit Your Options Of Materials</strong></h4>\n\n<p>The types and designs of wallets are not the only things that you should consider when you go out searching for your best wallet. You have more than 1 option of material rather than leather to choose from as well.</p>\n\n<p>You can experiment with other available options such as cotton, polyester and canvas. They all have their own pros and cons. As a result, they will be suitable for different needs and requirements. You should think about them all in order to choose the material which you would like the most.</p>\n\n<p style=\"text-align:center\"><img alt=\"f6\" src=\"/storage/blog/blog-in-04.jpg\" /></p>\n\n<p><br />\n    &nbsp;</p>\n\n<hr />\n<h4><strong>Number 4: Consider A Wallet As A Long Term Investment</strong></h4>\n\n<p>Your wallet is indeed an investment that you should consider spending a decent amount of time and effort on it. Another factor that you need to consider is how much you want to spend on your wallet. The price ranges of wallets on the market vary a great deal. You can find a wallet which is as cheap as about 5 to 7 dollars. On the other hand, you should expect to pay around 250 to 300 dollars for a high-quality wallet.</p>\n\n<p>In case you need a wallet to use for a long time, it is a good idea that you should invest a decent amount of money on a wallet. A high quality wallet from a reputational brand with the premium quality such as cowhide leather will last for a long time. In addition, it is an accessory to show off your fashion sense and your social status.</p>\n\n<p style=\"text-align:center\"><img alt=\"f2\" src=\"/storage/blog/blog-in-05.jpg\" /></p>\n\n<p>&nbsp;</p>\n','published',1,'Botble\\ACL\\Models\\User',0,'blog/6.jpg',2202,NULL,'2025-05-20 14:06:52','2025-05-20 14:06:52'),(7,'Essential Qualities of Highly Successful Music','The King and Queen of Hearts, he stole those tarts, And took them quite away!\' \'Consider your verdict,\' he said in a loud, indignant voice, but she could not be denied, so she began again. \'I should.','<p>I have seen many people underestimating the power of their wallets. To them, they are just a functional item they use to carry. As a result, they often end up with the wallets which are not really suitable for them.</p>\n\n<p>You should pay more attention when you choose your wallets. There are a lot of them on the market with the different designs and styles. When you choose carefully, you would be able to buy a wallet that is catered to your needs. Not to mention that it will help to enhance your style significantly.</p>\n\n<p style=\"text-align:center\"><img alt=\"f4\" src=\"/storage/blog/blog-in-01.jpg\" /></p>\n\n<p><br />\n    &nbsp;</p>\n\n<p><strong><em>For all of the reason above, here are 7 expert tips to help you pick up the right men&rsquo;s wallet for you:</em></strong></p>\n\n<h4><strong>Number 1: Choose A Neat Wallet</strong></h4>\n\n<p>The wallet is an essential accessory that you should go simple. Simplicity is the best in this case. A simple and neat wallet with the plain color and even&nbsp;<strong>minimalist style</strong>&nbsp;is versatile. It can be used for both formal and casual events. In addition, that wallet will go well with most of the clothes in your wardrobe.</p>\n\n<p>Keep in mind that a wallet will tell other people about your personality and your fashion sense as much as other clothes you put on. Hence, don&rsquo;t go cheesy on your wallet or else people will think that you have a funny and particular style.</p>\n\n<p style=\"text-align:center\"><img alt=\"f5\" src=\"/storage/blog/blog-in-02.jpg\" /></p>\n\n<p><br />\n    &nbsp;</p>\n<hr />\n<h4><strong>Number 2: Choose The Right Size For Your Wallet</strong></h4>\n\n<p>You should avoid having an over-sized wallet. Don&rsquo;t think that you need to buy a big wallet because you have a lot to carry with you. In addition, a fat wallet is very ugly. It will make it harder for you to slide the wallet into your trousers&rsquo; pocket. In addition, it will create a bulge and ruin your look.</p>\n\n<p>Before you go on to buy a new wallet, clean out your wallet and place all the items from your wallet on a table. Throw away things that you would never need any more such as the old bills or the expired gift cards. Remember to check your wallet on a frequent basis to get rid of all of the old stuff that you don&rsquo;t need anymore.</p>\n\n<p style=\"text-align:center\"><img alt=\"f1\" src=\"/storage/blog/blog-in-03.jpg\" /></p>\n\n<p><br />\n    &nbsp;</p>\n\n<hr />\n<h4><strong>Number 3: Don&rsquo;t Limit Your Options Of Materials</strong></h4>\n\n<p>The types and designs of wallets are not the only things that you should consider when you go out searching for your best wallet. You have more than 1 option of material rather than leather to choose from as well.</p>\n\n<p>You can experiment with other available options such as cotton, polyester and canvas. They all have their own pros and cons. As a result, they will be suitable for different needs and requirements. You should think about them all in order to choose the material which you would like the most.</p>\n\n<p style=\"text-align:center\"><img alt=\"f6\" src=\"/storage/blog/blog-in-04.jpg\" /></p>\n\n<p><br />\n    &nbsp;</p>\n\n<hr />\n<h4><strong>Number 4: Consider A Wallet As A Long Term Investment</strong></h4>\n\n<p>Your wallet is indeed an investment that you should consider spending a decent amount of time and effort on it. Another factor that you need to consider is how much you want to spend on your wallet. The price ranges of wallets on the market vary a great deal. You can find a wallet which is as cheap as about 5 to 7 dollars. On the other hand, you should expect to pay around 250 to 300 dollars for a high-quality wallet.</p>\n\n<p>In case you need a wallet to use for a long time, it is a good idea that you should invest a decent amount of money on a wallet. A high quality wallet from a reputational brand with the premium quality such as cowhide leather will last for a long time. In addition, it is an accessory to show off your fashion sense and your social status.</p>\n\n<p style=\"text-align:center\"><img alt=\"f2\" src=\"/storage/blog/blog-in-05.jpg\" /></p>\n\n<p>&nbsp;</p>\n','published',1,'Botble\\ACL\\Models\\User',0,'blog/7.jpg',1360,NULL,'2025-05-20 14:06:52','2025-05-20 14:06:52'),(8,'9 Things I Love About Shaving My Head','Mock Turtle, suddenly dropping his voice; and Alice was very deep, or she should chance to be seen: she found she could remember them, all these strange Adventures of hers would, in the after-time.','<p>I have seen many people underestimating the power of their wallets. To them, they are just a functional item they use to carry. As a result, they often end up with the wallets which are not really suitable for them.</p>\n\n<p>You should pay more attention when you choose your wallets. There are a lot of them on the market with the different designs and styles. When you choose carefully, you would be able to buy a wallet that is catered to your needs. Not to mention that it will help to enhance your style significantly.</p>\n\n<p style=\"text-align:center\"><img alt=\"f4\" src=\"/storage/blog/blog-in-01.jpg\" /></p>\n\n<p><br />\n    &nbsp;</p>\n\n<p><strong><em>For all of the reason above, here are 7 expert tips to help you pick up the right men&rsquo;s wallet for you:</em></strong></p>\n\n<h4><strong>Number 1: Choose A Neat Wallet</strong></h4>\n\n<p>The wallet is an essential accessory that you should go simple. Simplicity is the best in this case. A simple and neat wallet with the plain color and even&nbsp;<strong>minimalist style</strong>&nbsp;is versatile. It can be used for both formal and casual events. In addition, that wallet will go well with most of the clothes in your wardrobe.</p>\n\n<p>Keep in mind that a wallet will tell other people about your personality and your fashion sense as much as other clothes you put on. Hence, don&rsquo;t go cheesy on your wallet or else people will think that you have a funny and particular style.</p>\n\n<p style=\"text-align:center\"><img alt=\"f5\" src=\"/storage/blog/blog-in-02.jpg\" /></p>\n\n<p><br />\n    &nbsp;</p>\n<hr />\n<h4><strong>Number 2: Choose The Right Size For Your Wallet</strong></h4>\n\n<p>You should avoid having an over-sized wallet. Don&rsquo;t think that you need to buy a big wallet because you have a lot to carry with you. In addition, a fat wallet is very ugly. It will make it harder for you to slide the wallet into your trousers&rsquo; pocket. In addition, it will create a bulge and ruin your look.</p>\n\n<p>Before you go on to buy a new wallet, clean out your wallet and place all the items from your wallet on a table. Throw away things that you would never need any more such as the old bills or the expired gift cards. Remember to check your wallet on a frequent basis to get rid of all of the old stuff that you don&rsquo;t need anymore.</p>\n\n<p style=\"text-align:center\"><img alt=\"f1\" src=\"/storage/blog/blog-in-03.jpg\" /></p>\n\n<p><br />\n    &nbsp;</p>\n\n<hr />\n<h4><strong>Number 3: Don&rsquo;t Limit Your Options Of Materials</strong></h4>\n\n<p>The types and designs of wallets are not the only things that you should consider when you go out searching for your best wallet. You have more than 1 option of material rather than leather to choose from as well.</p>\n\n<p>You can experiment with other available options such as cotton, polyester and canvas. They all have their own pros and cons. As a result, they will be suitable for different needs and requirements. You should think about them all in order to choose the material which you would like the most.</p>\n\n<p style=\"text-align:center\"><img alt=\"f6\" src=\"/storage/blog/blog-in-04.jpg\" /></p>\n\n<p><br />\n    &nbsp;</p>\n\n<hr />\n<h4><strong>Number 4: Consider A Wallet As A Long Term Investment</strong></h4>\n\n<p>Your wallet is indeed an investment that you should consider spending a decent amount of time and effort on it. Another factor that you need to consider is how much you want to spend on your wallet. The price ranges of wallets on the market vary a great deal. You can find a wallet which is as cheap as about 5 to 7 dollars. On the other hand, you should expect to pay around 250 to 300 dollars for a high-quality wallet.</p>\n\n<p>In case you need a wallet to use for a long time, it is a good idea that you should invest a decent amount of money on a wallet. A high quality wallet from a reputational brand with the premium quality such as cowhide leather will last for a long time. In addition, it is an accessory to show off your fashion sense and your social status.</p>\n\n<p style=\"text-align:center\"><img alt=\"f2\" src=\"/storage/blog/blog-in-05.jpg\" /></p>\n\n<p>&nbsp;</p>\n','published',1,'Botble\\ACL\\Models\\User',1,'blog/8.jpg',1523,NULL,'2025-05-20 14:06:52','2025-05-20 14:06:52'),(9,'Why Teamwork Really Makes The Dream Work','At last the Mouse, who seemed to think that there was no more to do that,\' said the March Hare. \'Exactly so,\' said the Hatter. \'Does YOUR watch tell you my history, and you\'ll understand why it is.','<p>I have seen many people underestimating the power of their wallets. To them, they are just a functional item they use to carry. As a result, they often end up with the wallets which are not really suitable for them.</p>\n\n<p>You should pay more attention when you choose your wallets. There are a lot of them on the market with the different designs and styles. When you choose carefully, you would be able to buy a wallet that is catered to your needs. Not to mention that it will help to enhance your style significantly.</p>\n\n<p style=\"text-align:center\"><img alt=\"f4\" src=\"/storage/blog/blog-in-01.jpg\" /></p>\n\n<p><br />\n    &nbsp;</p>\n\n<p><strong><em>For all of the reason above, here are 7 expert tips to help you pick up the right men&rsquo;s wallet for you:</em></strong></p>\n\n<h4><strong>Number 1: Choose A Neat Wallet</strong></h4>\n\n<p>The wallet is an essential accessory that you should go simple. Simplicity is the best in this case. A simple and neat wallet with the plain color and even&nbsp;<strong>minimalist style</strong>&nbsp;is versatile. It can be used for both formal and casual events. In addition, that wallet will go well with most of the clothes in your wardrobe.</p>\n\n<p>Keep in mind that a wallet will tell other people about your personality and your fashion sense as much as other clothes you put on. Hence, don&rsquo;t go cheesy on your wallet or else people will think that you have a funny and particular style.</p>\n\n<p style=\"text-align:center\"><img alt=\"f5\" src=\"/storage/blog/blog-in-02.jpg\" /></p>\n\n<p><br />\n    &nbsp;</p>\n<hr />\n<h4><strong>Number 2: Choose The Right Size For Your Wallet</strong></h4>\n\n<p>You should avoid having an over-sized wallet. Don&rsquo;t think that you need to buy a big wallet because you have a lot to carry with you. In addition, a fat wallet is very ugly. It will make it harder for you to slide the wallet into your trousers&rsquo; pocket. In addition, it will create a bulge and ruin your look.</p>\n\n<p>Before you go on to buy a new wallet, clean out your wallet and place all the items from your wallet on a table. Throw away things that you would never need any more such as the old bills or the expired gift cards. Remember to check your wallet on a frequent basis to get rid of all of the old stuff that you don&rsquo;t need anymore.</p>\n\n<p style=\"text-align:center\"><img alt=\"f1\" src=\"/storage/blog/blog-in-03.jpg\" /></p>\n\n<p><br />\n    &nbsp;</p>\n\n<hr />\n<h4><strong>Number 3: Don&rsquo;t Limit Your Options Of Materials</strong></h4>\n\n<p>The types and designs of wallets are not the only things that you should consider when you go out searching for your best wallet. You have more than 1 option of material rather than leather to choose from as well.</p>\n\n<p>You can experiment with other available options such as cotton, polyester and canvas. They all have their own pros and cons. As a result, they will be suitable for different needs and requirements. You should think about them all in order to choose the material which you would like the most.</p>\n\n<p style=\"text-align:center\"><img alt=\"f6\" src=\"/storage/blog/blog-in-04.jpg\" /></p>\n\n<p><br />\n    &nbsp;</p>\n\n<hr />\n<h4><strong>Number 4: Consider A Wallet As A Long Term Investment</strong></h4>\n\n<p>Your wallet is indeed an investment that you should consider spending a decent amount of time and effort on it. Another factor that you need to consider is how much you want to spend on your wallet. The price ranges of wallets on the market vary a great deal. You can find a wallet which is as cheap as about 5 to 7 dollars. On the other hand, you should expect to pay around 250 to 300 dollars for a high-quality wallet.</p>\n\n<p>In case you need a wallet to use for a long time, it is a good idea that you should invest a decent amount of money on a wallet. A high quality wallet from a reputational brand with the premium quality such as cowhide leather will last for a long time. In addition, it is an accessory to show off your fashion sense and your social status.</p>\n\n<p style=\"text-align:center\"><img alt=\"f2\" src=\"/storage/blog/blog-in-05.jpg\" /></p>\n\n<p>&nbsp;</p>\n','published',1,'Botble\\ACL\\Models\\User',1,'blog/9.jpg',2439,NULL,'2025-05-20 14:06:52','2025-05-20 14:06:52'),(10,'The World Caters to Average People','King. (The jury all wrote down on her spectacles, and began whistling. \'Oh, there\'s no room at all the time he had come to the King, \'that saves a world of trouble, you know, as we needn\'t try to.','<p>I have seen many people underestimating the power of their wallets. To them, they are just a functional item they use to carry. As a result, they often end up with the wallets which are not really suitable for them.</p>\n\n<p>You should pay more attention when you choose your wallets. There are a lot of them on the market with the different designs and styles. When you choose carefully, you would be able to buy a wallet that is catered to your needs. Not to mention that it will help to enhance your style significantly.</p>\n\n<p style=\"text-align:center\"><img alt=\"f4\" src=\"/storage/blog/blog-in-01.jpg\" /></p>\n\n<p><br />\n    &nbsp;</p>\n\n<p><strong><em>For all of the reason above, here are 7 expert tips to help you pick up the right men&rsquo;s wallet for you:</em></strong></p>\n\n<h4><strong>Number 1: Choose A Neat Wallet</strong></h4>\n\n<p>The wallet is an essential accessory that you should go simple. Simplicity is the best in this case. A simple and neat wallet with the plain color and even&nbsp;<strong>minimalist style</strong>&nbsp;is versatile. It can be used for both formal and casual events. In addition, that wallet will go well with most of the clothes in your wardrobe.</p>\n\n<p>Keep in mind that a wallet will tell other people about your personality and your fashion sense as much as other clothes you put on. Hence, don&rsquo;t go cheesy on your wallet or else people will think that you have a funny and particular style.</p>\n\n<p style=\"text-align:center\"><img alt=\"f5\" src=\"/storage/blog/blog-in-02.jpg\" /></p>\n\n<p><br />\n    &nbsp;</p>\n<hr />\n<h4><strong>Number 2: Choose The Right Size For Your Wallet</strong></h4>\n\n<p>You should avoid having an over-sized wallet. Don&rsquo;t think that you need to buy a big wallet because you have a lot to carry with you. In addition, a fat wallet is very ugly. It will make it harder for you to slide the wallet into your trousers&rsquo; pocket. In addition, it will create a bulge and ruin your look.</p>\n\n<p>Before you go on to buy a new wallet, clean out your wallet and place all the items from your wallet on a table. Throw away things that you would never need any more such as the old bills or the expired gift cards. Remember to check your wallet on a frequent basis to get rid of all of the old stuff that you don&rsquo;t need anymore.</p>\n\n<p style=\"text-align:center\"><img alt=\"f1\" src=\"/storage/blog/blog-in-03.jpg\" /></p>\n\n<p><br />\n    &nbsp;</p>\n\n<hr />\n<h4><strong>Number 3: Don&rsquo;t Limit Your Options Of Materials</strong></h4>\n\n<p>The types and designs of wallets are not the only things that you should consider when you go out searching for your best wallet. You have more than 1 option of material rather than leather to choose from as well.</p>\n\n<p>You can experiment with other available options such as cotton, polyester and canvas. They all have their own pros and cons. As a result, they will be suitable for different needs and requirements. You should think about them all in order to choose the material which you would like the most.</p>\n\n<p style=\"text-align:center\"><img alt=\"f6\" src=\"/storage/blog/blog-in-04.jpg\" /></p>\n\n<p><br />\n    &nbsp;</p>\n\n<hr />\n<h4><strong>Number 4: Consider A Wallet As A Long Term Investment</strong></h4>\n\n<p>Your wallet is indeed an investment that you should consider spending a decent amount of time and effort on it. Another factor that you need to consider is how much you want to spend on your wallet. The price ranges of wallets on the market vary a great deal. You can find a wallet which is as cheap as about 5 to 7 dollars. On the other hand, you should expect to pay around 250 to 300 dollars for a high-quality wallet.</p>\n\n<p>In case you need a wallet to use for a long time, it is a good idea that you should invest a decent amount of money on a wallet. A high quality wallet from a reputational brand with the premium quality such as cowhide leather will last for a long time. In addition, it is an accessory to show off your fashion sense and your social status.</p>\n\n<p style=\"text-align:center\"><img alt=\"f2\" src=\"/storage/blog/blog-in-05.jpg\" /></p>\n\n<p>&nbsp;</p>\n','published',1,'Botble\\ACL\\Models\\User',1,'blog/10.jpg',1975,NULL,'2025-05-20 14:06:52','2025-05-20 14:06:52'),(11,'The litigants on the screen are not actors','Duchess, digging her sharp little chin. \'I\'ve a right to think,\' said Alice hastily; \'but I\'m not looking for eggs, I know THAT well enough; and what does it matter to me whether you\'re nervous or.','<p>I have seen many people underestimating the power of their wallets. To them, they are just a functional item they use to carry. As a result, they often end up with the wallets which are not really suitable for them.</p>\n\n<p>You should pay more attention when you choose your wallets. There are a lot of them on the market with the different designs and styles. When you choose carefully, you would be able to buy a wallet that is catered to your needs. Not to mention that it will help to enhance your style significantly.</p>\n\n<p style=\"text-align:center\"><img alt=\"f4\" src=\"/storage/blog/blog-in-01.jpg\" /></p>\n\n<p><br />\n    &nbsp;</p>\n\n<p><strong><em>For all of the reason above, here are 7 expert tips to help you pick up the right men&rsquo;s wallet for you:</em></strong></p>\n\n<h4><strong>Number 1: Choose A Neat Wallet</strong></h4>\n\n<p>The wallet is an essential accessory that you should go simple. Simplicity is the best in this case. A simple and neat wallet with the plain color and even&nbsp;<strong>minimalist style</strong>&nbsp;is versatile. It can be used for both formal and casual events. In addition, that wallet will go well with most of the clothes in your wardrobe.</p>\n\n<p>Keep in mind that a wallet will tell other people about your personality and your fashion sense as much as other clothes you put on. Hence, don&rsquo;t go cheesy on your wallet or else people will think that you have a funny and particular style.</p>\n\n<p style=\"text-align:center\"><img alt=\"f5\" src=\"/storage/blog/blog-in-02.jpg\" /></p>\n\n<p><br />\n    &nbsp;</p>\n<hr />\n<h4><strong>Number 2: Choose The Right Size For Your Wallet</strong></h4>\n\n<p>You should avoid having an over-sized wallet. Don&rsquo;t think that you need to buy a big wallet because you have a lot to carry with you. In addition, a fat wallet is very ugly. It will make it harder for you to slide the wallet into your trousers&rsquo; pocket. In addition, it will create a bulge and ruin your look.</p>\n\n<p>Before you go on to buy a new wallet, clean out your wallet and place all the items from your wallet on a table. Throw away things that you would never need any more such as the old bills or the expired gift cards. Remember to check your wallet on a frequent basis to get rid of all of the old stuff that you don&rsquo;t need anymore.</p>\n\n<p style=\"text-align:center\"><img alt=\"f1\" src=\"/storage/blog/blog-in-03.jpg\" /></p>\n\n<p><br />\n    &nbsp;</p>\n\n<hr />\n<h4><strong>Number 3: Don&rsquo;t Limit Your Options Of Materials</strong></h4>\n\n<p>The types and designs of wallets are not the only things that you should consider when you go out searching for your best wallet. You have more than 1 option of material rather than leather to choose from as well.</p>\n\n<p>You can experiment with other available options such as cotton, polyester and canvas. They all have their own pros and cons. As a result, they will be suitable for different needs and requirements. You should think about them all in order to choose the material which you would like the most.</p>\n\n<p style=\"text-align:center\"><img alt=\"f6\" src=\"/storage/blog/blog-in-04.jpg\" /></p>\n\n<p><br />\n    &nbsp;</p>\n\n<hr />\n<h4><strong>Number 4: Consider A Wallet As A Long Term Investment</strong></h4>\n\n<p>Your wallet is indeed an investment that you should consider spending a decent amount of time and effort on it. Another factor that you need to consider is how much you want to spend on your wallet. The price ranges of wallets on the market vary a great deal. You can find a wallet which is as cheap as about 5 to 7 dollars. On the other hand, you should expect to pay around 250 to 300 dollars for a high-quality wallet.</p>\n\n<p>In case you need a wallet to use for a long time, it is a good idea that you should invest a decent amount of money on a wallet. A high quality wallet from a reputational brand with the premium quality such as cowhide leather will last for a long time. In addition, it is an accessory to show off your fashion sense and your social status.</p>\n\n<p style=\"text-align:center\"><img alt=\"f2\" src=\"/storage/blog/blog-in-05.jpg\" /></p>\n\n<p>&nbsp;</p>\n','published',1,'Botble\\ACL\\Models\\User',0,'blog/11.jpg',1609,NULL,'2025-05-20 14:06:52','2025-05-20 14:06:52');
/*!40000 ALTER TABLE `posts` ENABLE KEYS */;
UNLOCK TABLES;

--
-- Table structure for table `posts_translations`
--

DROP TABLE IF EXISTS `posts_translations`;
/*!40101 SET @saved_cs_client     = @@character_set_client */;
/*!40101 SET character_set_client = utf8 */;
CREATE TABLE `posts_translations` (
  `lang_code` varchar(20) NOT NULL,
  `posts_id` bigint(20) unsigned NOT NULL,
  `name` varchar(191) DEFAULT NULL,
  `description` varchar(400) DEFAULT NULL,
  `content` longtext DEFAULT NULL,
  PRIMARY KEY (`lang_code`,`posts_id`)
) ENGINE=InnoDB DEFAULT CHARSET=utf8mb4 COLLATE=utf8mb4_unicode_ci;
/*!40101 SET character_set_client = @saved_cs_client */;

--
-- Dumping data for table `posts_translations`
--

LOCK TABLES `posts_translations` WRITE;
/*!40000 ALTER TABLE `posts_translations` DISABLE KEYS */;
/*!40000 ALTER TABLE `posts_translations` ENABLE KEYS */;
UNLOCK TABLES;

--
-- Table structure for table `revisions`
--

DROP TABLE IF EXISTS `revisions`;
/*!40101 SET @saved_cs_client     = @@character_set_client */;
/*!40101 SET character_set_client = utf8 */;
CREATE TABLE `revisions` (
  `id` bigint(20) unsigned NOT NULL AUTO_INCREMENT,
  `revisionable_type` varchar(191) NOT NULL,
  `revisionable_id` bigint(20) unsigned NOT NULL,
  `user_id` bigint(20) unsigned DEFAULT NULL,
  `key` varchar(120) NOT NULL,
  `old_value` text DEFAULT NULL,
  `new_value` text DEFAULT NULL,
  `created_at` timestamp NULL DEFAULT NULL,
  `updated_at` timestamp NULL DEFAULT NULL,
  PRIMARY KEY (`id`),
  KEY `revisions_revisionable_id_revisionable_type_index` (`revisionable_id`,`revisionable_type`)
) ENGINE=InnoDB AUTO_INCREMENT=2 DEFAULT CHARSET=utf8mb4 COLLATE=utf8mb4_unicode_ci;
/*!40101 SET character_set_client = @saved_cs_client */;

--
-- Dumping data for table `revisions`
--

LOCK TABLES `revisions` WRITE;
/*!40000 ALTER TABLE `revisions` DISABLE KEYS */;
INSERT INTO `revisions` VALUES (1,'Botble\\Page\\Models\\Page',1,1,'description',NULL,'','2025-05-21 12:58:21','2025-05-21 12:58:21');
/*!40000 ALTER TABLE `revisions` ENABLE KEYS */;
UNLOCK TABLES;

--
-- Table structure for table `role_users`
--

DROP TABLE IF EXISTS `role_users`;
/*!40101 SET @saved_cs_client     = @@character_set_client */;
/*!40101 SET character_set_client = utf8 */;
CREATE TABLE `role_users` (
  `user_id` bigint(20) unsigned NOT NULL,
  `role_id` bigint(20) unsigned NOT NULL,
  `created_at` timestamp NULL DEFAULT NULL,
  `updated_at` timestamp NULL DEFAULT NULL,
  PRIMARY KEY (`user_id`,`role_id`),
  KEY `role_users_user_id_index` (`user_id`),
  KEY `role_users_role_id_index` (`role_id`)
) ENGINE=InnoDB DEFAULT CHARSET=utf8mb4 COLLATE=utf8mb4_unicode_ci;
/*!40101 SET character_set_client = @saved_cs_client */;

--
-- Dumping data for table `role_users`
--

LOCK TABLES `role_users` WRITE;
/*!40000 ALTER TABLE `role_users` DISABLE KEYS */;
/*!40000 ALTER TABLE `role_users` ENABLE KEYS */;
UNLOCK TABLES;

--
-- Table structure for table `roles`
--

DROP TABLE IF EXISTS `roles`;
/*!40101 SET @saved_cs_client     = @@character_set_client */;
/*!40101 SET character_set_client = utf8 */;
CREATE TABLE `roles` (
  `id` bigint(20) unsigned NOT NULL AUTO_INCREMENT,
  `slug` varchar(120) NOT NULL,
  `name` varchar(120) NOT NULL,
  `permissions` text DEFAULT NULL,
  `description` varchar(400) DEFAULT NULL,
  `is_default` tinyint(3) unsigned NOT NULL DEFAULT 0,
  `created_by` bigint(20) unsigned NOT NULL,
  `updated_by` bigint(20) unsigned NOT NULL,
  `created_at` timestamp NULL DEFAULT NULL,
  `updated_at` timestamp NULL DEFAULT NULL,
  PRIMARY KEY (`id`),
  UNIQUE KEY `roles_slug_unique` (`slug`),
  KEY `roles_created_by_index` (`created_by`),
  KEY `roles_updated_by_index` (`updated_by`)
) ENGINE=InnoDB AUTO_INCREMENT=2 DEFAULT CHARSET=utf8mb4 COLLATE=utf8mb4_unicode_ci;
/*!40101 SET character_set_client = @saved_cs_client */;

--
-- Dumping data for table `roles`
--

LOCK TABLES `roles` WRITE;
/*!40000 ALTER TABLE `roles` DISABLE KEYS */;
INSERT INTO `roles` VALUES (1,'admin','Admin','{\"users.index\":true,\"users.create\":true,\"users.edit\":true,\"users.destroy\":true,\"roles.index\":true,\"roles.create\":true,\"roles.edit\":true,\"roles.destroy\":true,\"core.system\":true,\"core.cms\":true,\"core.manage.license\":true,\"systems.cronjob\":true,\"core.tools\":true,\"tools.data-synchronize\":true,\"media.index\":true,\"files.index\":true,\"files.create\":true,\"files.edit\":true,\"files.trash\":true,\"files.destroy\":true,\"folders.index\":true,\"folders.create\":true,\"folders.edit\":true,\"folders.trash\":true,\"folders.destroy\":true,\"settings.index\":true,\"settings.common\":true,\"settings.options\":true,\"settings.email\":true,\"settings.media\":true,\"settings.admin-appearance\":true,\"settings.cache\":true,\"settings.datatables\":true,\"settings.email.rules\":true,\"settings.others\":true,\"menus.index\":true,\"menus.create\":true,\"menus.edit\":true,\"menus.destroy\":true,\"optimize.settings\":true,\"pages.index\":true,\"pages.create\":true,\"pages.edit\":true,\"pages.destroy\":true,\"plugins.index\":true,\"plugins.edit\":true,\"plugins.remove\":true,\"plugins.marketplace\":true,\"core.appearance\":true,\"theme.index\":true,\"theme.activate\":true,\"theme.remove\":true,\"theme.options\":true,\"theme.custom-css\":true,\"theme.custom-js\":true,\"theme.custom-html\":true,\"theme.robots-txt\":true,\"settings.website-tracking\":true,\"widgets.index\":true,\"ads.index\":true,\"ads.create\":true,\"ads.edit\":true,\"ads.destroy\":true,\"ads.settings\":true,\"analytics.general\":true,\"analytics.page\":true,\"analytics.browser\":true,\"analytics.referrer\":true,\"analytics.settings\":true,\"announcements.index\":true,\"announcements.create\":true,\"announcements.edit\":true,\"announcements.destroy\":true,\"announcements.settings\":true,\"audit-log.index\":true,\"audit-log.destroy\":true,\"backups.index\":true,\"backups.create\":true,\"backups.restore\":true,\"backups.destroy\":true,\"plugins.blog\":true,\"posts.index\":true,\"posts.create\":true,\"posts.edit\":true,\"posts.destroy\":true,\"categories.index\":true,\"categories.create\":true,\"categories.edit\":true,\"categories.destroy\":true,\"tags.index\":true,\"tags.create\":true,\"tags.edit\":true,\"tags.destroy\":true,\"blog.settings\":true,\"posts.export\":true,\"posts.import\":true,\"captcha.settings\":true,\"contacts.index\":true,\"contacts.edit\":true,\"contacts.destroy\":true,\"contact.custom-fields\":true,\"contact.settings\":true,\"plugins.ecommerce\":true,\"ecommerce.report.index\":true,\"products.index\":true,\"products.create\":true,\"products.edit\":true,\"products.destroy\":true,\"products.duplicate\":true,\"ecommerce.product-prices.index\":true,\"ecommerce.product-prices.edit\":true,\"ecommerce.product-inventory.index\":true,\"ecommerce.product-inventory.edit\":true,\"product-categories.index\":true,\"product-categories.create\":true,\"product-categories.edit\":true,\"product-categories.destroy\":true,\"product-tag.index\":true,\"product-tag.create\":true,\"product-tag.edit\":true,\"product-tag.destroy\":true,\"brands.index\":true,\"brands.create\":true,\"brands.edit\":true,\"brands.destroy\":true,\"product-collections.index\":true,\"product-collections.create\":true,\"product-collections.edit\":true,\"product-collections.destroy\":true,\"product-attribute-sets.index\":true,\"product-attribute-sets.create\":true,\"product-attribute-sets.edit\":true,\"product-attribute-sets.destroy\":true,\"product-attributes.index\":true,\"product-attributes.create\":true,\"product-attributes.edit\":true,\"product-attributes.destroy\":true,\"tax.index\":true,\"tax.create\":true,\"tax.edit\":true,\"tax.destroy\":true,\"reviews.index\":true,\"reviews.create\":true,\"reviews.destroy\":true,\"reviews.publish\":true,\"reviews.reply\":true,\"ecommerce.shipments.index\":true,\"ecommerce.shipments.create\":true,\"ecommerce.shipments.edit\":true,\"ecommerce.shipments.destroy\":true,\"orders.index\":true,\"orders.create\":true,\"orders.edit\":true,\"orders.destroy\":true,\"discounts.index\":true,\"discounts.create\":true,\"discounts.edit\":true,\"discounts.destroy\":true,\"customers.index\":true,\"customers.create\":true,\"customers.edit\":true,\"customers.destroy\":true,\"flash-sale.index\":true,\"flash-sale.create\":true,\"flash-sale.edit\":true,\"flash-sale.destroy\":true,\"product-label.index\":true,\"product-label.create\":true,\"product-label.edit\":true,\"product-label.destroy\":true,\"ecommerce.import.products.index\":true,\"ecommerce.export.products.index\":true,\"order_returns.index\":true,\"order_returns.edit\":true,\"order_returns.destroy\":true,\"global-option.index\":true,\"global-option.create\":true,\"global-option.edit\":true,\"global-option.destroy\":true,\"ecommerce.invoice.index\":true,\"ecommerce.invoice.edit\":true,\"ecommerce.invoice.destroy\":true,\"ecommerce.settings\":true,\"ecommerce.settings.general\":true,\"ecommerce.invoice-template.index\":true,\"ecommerce.settings.currencies\":true,\"ecommerce.settings.products\":true,\"ecommerce.settings.product-search\":true,\"ecommerce.settings.digital-products\":true,\"ecommerce.settings.store-locators\":true,\"ecommerce.settings.invoices\":true,\"ecommerce.settings.product-reviews\":true,\"ecommerce.settings.customers\":true,\"ecommerce.settings.shopping\":true,\"ecommerce.settings.taxes\":true,\"ecommerce.settings.shipping\":true,\"ecommerce.shipping-rule-items.index\":true,\"ecommerce.shipping-rule-items.create\":true,\"ecommerce.shipping-rule-items.edit\":true,\"ecommerce.shipping-rule-items.destroy\":true,\"ecommerce.shipping-rule-items.bulk-import\":true,\"ecommerce.settings.tracking\":true,\"ecommerce.settings.standard-and-format\":true,\"ecommerce.settings.checkout\":true,\"ecommerce.settings.return\":true,\"ecommerce.settings.flash-sale\":true,\"ecommerce.settings.product-specification\":true,\"product-categories.export\":true,\"product-categories.import\":true,\"orders.export\":true,\"ecommerce.product-specification.index\":true,\"ecommerce.specification-groups.index\":true,\"ecommerce.specification-groups.create\":true,\"ecommerce.specification-groups.edit\":true,\"ecommerce.specification-groups.destroy\":true,\"ecommerce.specification-attributes.index\":true,\"ecommerce.specification-attributes.create\":true,\"ecommerce.specification-attributes.edit\":true,\"ecommerce.specification-attributes.destroy\":true,\"ecommerce.specification-tables.index\":true,\"ecommerce.specification-tables.create\":true,\"ecommerce.specification-tables.edit\":true,\"ecommerce.specification-tables.destroy\":true,\"plugin.faq\":true,\"faq.index\":true,\"faq.create\":true,\"faq.edit\":true,\"faq.destroy\":true,\"faq_category.index\":true,\"faq_category.create\":true,\"faq_category.edit\":true,\"faq_category.destroy\":true,\"faqs.settings\":true,\"galleries.index\":true,\"galleries.create\":true,\"galleries.edit\":true,\"galleries.destroy\":true,\"languages.index\":true,\"languages.create\":true,\"languages.edit\":true,\"languages.destroy\":true,\"plugin.location\":true,\"country.index\":true,\"country.create\":true,\"country.edit\":true,\"country.destroy\":true,\"state.index\":true,\"state.create\":true,\"state.edit\":true,\"state.destroy\":true,\"city.index\":true,\"city.create\":true,\"city.edit\":true,\"city.destroy\":true,\"newsletter.index\":true,\"newsletter.destroy\":true,\"newsletter.settings\":true,\"payment.index\":true,\"payments.settings\":true,\"payment.destroy\":true,\"payments.logs\":true,\"payments.logs.show\":true,\"payments.logs.destroy\":true,\"sale-popup.settings\":true,\"simple-slider.index\":true,\"simple-slider.create\":true,\"simple-slider.edit\":true,\"simple-slider.destroy\":true,\"simple-slider-item.index\":true,\"simple-slider-item.create\":true,\"simple-slider-item.edit\":true,\"simple-slider-item.destroy\":true,\"simple-slider.settings\":true,\"social-login.settings\":true,\"team.index\":true,\"team.create\":true,\"team.edit\":true,\"team.destroy\":true,\"testimonial.index\":true,\"testimonial.create\":true,\"testimonial.edit\":true,\"testimonial.destroy\":true,\"plugins.translation\":true,\"translations.locales\":true,\"translations.theme-translations\":true,\"translations.index\":true,\"theme-translations.export\":true,\"other-translations.export\":true,\"theme-translations.import\":true,\"other-translations.import\":true,\"api.settings\":true,\"api.sanctum-token.index\":true,\"api.sanctum-token.create\":true,\"api.sanctum-token.destroy\":true}','Admin users role',1,1,1,'2025-05-20 14:06:43','2025-05-20 14:06:43');
/*!40000 ALTER TABLE `roles` ENABLE KEYS */;
UNLOCK TABLES;

--
-- Table structure for table `sessions`
--

DROP TABLE IF EXISTS `sessions`;
/*!40101 SET @saved_cs_client     = @@character_set_client */;
/*!40101 SET character_set_client = utf8 */;
CREATE TABLE `sessions` (
  `id` varchar(191) NOT NULL,
  `user_id` bigint(20) unsigned DEFAULT NULL,
  `ip_address` varchar(45) DEFAULT NULL,
  `user_agent` text DEFAULT NULL,
  `payload` longtext NOT NULL,
  `last_activity` int(11) NOT NULL,
  PRIMARY KEY (`id`),
  KEY `sessions_user_id_index` (`user_id`),
  KEY `sessions_last_activity_index` (`last_activity`)
) ENGINE=InnoDB DEFAULT CHARSET=utf8mb4 COLLATE=utf8mb4_unicode_ci;
/*!40101 SET character_set_client = @saved_cs_client */;

--
-- Dumping data for table `sessions`
--

LOCK TABLES `sessions` WRITE;
/*!40000 ALTER TABLE `sessions` DISABLE KEYS */;
/*!40000 ALTER TABLE `sessions` ENABLE KEYS */;
UNLOCK TABLES;

--
-- Table structure for table `settings`
--

DROP TABLE IF EXISTS `settings`;
/*!40101 SET @saved_cs_client     = @@character_set_client */;
/*!40101 SET character_set_client = utf8 */;
CREATE TABLE `settings` (
  `id` bigint(20) unsigned NOT NULL AUTO_INCREMENT,
  `key` varchar(191) NOT NULL,
  `value` text DEFAULT NULL,
  `created_at` timestamp NULL DEFAULT NULL,
  `updated_at` timestamp NULL DEFAULT NULL,
  PRIMARY KEY (`id`),
  UNIQUE KEY `settings_key_unique` (`key`)
) ENGINE=InnoDB AUTO_INCREMENT=71 DEFAULT CHARSET=utf8mb4 COLLATE=utf8mb4_unicode_ci;
/*!40101 SET character_set_client = @saved_cs_client */;

--
-- Dumping data for table `settings`
--

LOCK TABLES `settings` WRITE;
/*!40000 ALTER TABLE `settings` DISABLE KEYS */;
INSERT INTO `settings` VALUES (1,'media_random_hash','ed25a5904ab13aea5c228b6ddead612e',NULL,'2025-05-21 13:08:26'),(2,'api_enabled','0',NULL,'2025-05-21 13:08:26'),(3,'activated_plugins','[\"language\",\"language-advanced\",\"ads\",\"analytics\",\"announcement\",\"audit-log\",\"backup\",\"blog\",\"captcha\",\"contact\",\"cookie-consent\",\"ecommerce\",\"faq\",\"gallery\",\"location\",\"mollie\",\"newsletter\",\"payment\",\"paypal\",\"paystack\",\"razorpay\",\"sale-popup\",\"shippo\",\"simple-slider\",\"social-login\",\"sslcommerz\",\"stripe\",\"team\",\"testimonial\",\"translation\"]',NULL,'2025-05-21 13:08:26'),(4,'analytics_dashboard_widgets','0','2025-05-20 14:06:18','2025-05-21 13:08:26'),(5,'enable_recaptcha_botble_contact_forms_fronts_contact_form','1','2025-05-20 14:06:20','2025-05-21 13:08:26'),(6,'api_layer_api_key','',NULL,'2025-05-21 13:08:26'),(9,'enable_recaptcha_botble_newsletter_forms_fronts_newsletter_form','1','2025-05-20 14:06:35','2025-05-21 13:08:26'),(10,'theme','ninico',NULL,'2025-05-21 13:08:26'),(11,'show_admin_bar','1',NULL,'2025-05-21 13:08:26'),(12,'language_hide_default','1',NULL,'2025-05-21 13:08:26'),(13,'language_switcher_display','dropdown',NULL,'2025-05-21 13:08:26'),(14,'language_display','all',NULL,'2025-05-21 13:08:26'),(15,'language_hide_languages','[]',NULL,'2025-05-21 13:08:26'),(16,'payment_cod_status','1',NULL,'2025-05-21 13:08:26'),(17,'payment_bank_transfer_status','1',NULL,'2025-05-21 13:08:26'),(18,'admin_favicon','general/favicon.png',NULL,'2025-05-21 13:08:26'),(19,'admin_logo','general/logo-white.png',NULL,'2025-05-21 13:08:26'),(20,'permalink-botble-blog-models-post','blog',NULL,'2025-05-21 13:08:26'),(21,'permalink-botble-blog-models-category','blog',NULL,'2025-05-21 13:08:26'),(22,'payment_cod_description','Please pay money directly to the postman, if you choose cash on delivery method (COD).',NULL,'2025-05-21 13:08:26'),(23,'payment_bank_transfer_description','Please send money to our bank account: ACB - 69270 213 19.',NULL,'2025-05-21 13:08:26'),(24,'payment_stripe_payment_type','stripe_checkout',NULL,'2025-05-21 13:08:26'),(25,'plugins_ecommerce_customer_new_order_status','0',NULL,'2025-05-21 13:08:26'),(26,'plugins_ecommerce_admin_new_order_status','0',NULL,'2025-05-21 13:08:26'),(27,'ecommerce_is_enabled_support_digital_products','1',NULL,'2025-05-21 13:08:26'),(28,'ecommerce_load_countries_states_cities_from_location_plugin','0',NULL,'2025-05-21 13:08:26'),(29,'ecommerce_product_sku_format','NN-2443-[%S]',NULL,'2025-05-21 13:08:26'),(30,'theme-ninico-site_title','Ninico - Minimal eCommerce',NULL,'2025-05-21 13:08:26'),(31,'theme-ninico-seo_description','Ninico is a modern and flexible Minimal eCommerce Laravel script. This script is suited for electronic, organic and grocery store, furniture store, clothing store, hitech store and accessories store...',NULL,'2025-05-21 13:08:26'),(32,'theme-ninico-favicon','general/favicon.png',NULL,'2025-05-21 13:08:26'),(33,'theme-ninico-logo_light','capture-decran-2025-05-21-145505.png',NULL,'2025-05-21 13:08:26'),(34,'theme-ninico-logo','capture-decran-2025-05-21-145505.png',NULL,'2025-05-21 13:08:26'),(35,'theme-ninico-primary_font','Jost',NULL,'2025-05-21 13:08:26'),(36,'theme-ninico-primary_color','rgb(240, 189, 136)',NULL,'2025-05-21 13:08:26'),(37,'theme-ninico-hotline','908. 408. 501. 89',NULL,'2025-05-21 13:08:26'),(38,'theme-ninico-homepage_id','1',NULL,'2025-05-21 13:08:26'),(39,'theme-ninico-blog_page_id','6',NULL,'2025-05-21 13:08:26'),(40,'theme-ninico-cart_footer_description','Free shipping for orders <b>under 10km</b>',NULL,'2025-05-21 13:08:26'),(41,'theme-ninico-breadcrumb_background','banners/breadcrumb-01.jpg',NULL,'2025-05-21 13:08:26'),(42,'theme-ninico-login_background','banners/login-bg.jpg',NULL,'2025-05-21 13:08:26'),(43,'theme-ninico-register_background','banners/sign-bg.jpg',NULL,'2025-05-21 13:08:26'),(44,'theme-ninico-404_not_found_icon','icons/error.png',NULL,'2025-05-21 13:08:26'),(45,'theme-ninico-order_tracking_background','banners/track-bg.jpg',NULL,'2025-05-21 13:08:26'),(46,'theme-ninico-default_product_list_layout','grid',NULL,'2025-05-21 13:08:26'),(47,'theme-ninico-number_of_products_per_page','30',NULL,'2025-05-21 13:08:26'),(48,'theme-ninico-footer_background_color','#F8F8F8',NULL,'2025-05-21 13:08:26'),(49,'theme-ninico-footer_text_color','#000000',NULL,'2025-05-21 13:08:26'),(50,'theme-ninico-footer_text_muted_color','#686666',NULL,'2025-05-21 13:08:26'),(51,'theme-ninico-footer_border_color','#E0E0E0',NULL,'2025-05-21 13:08:26'),(52,'theme-ninico-footer_bottom_background_color','#ededed',NULL,'2025-05-21 13:08:26'),(53,'theme-ninico-preloader_version','v2',NULL,'2025-05-21 13:08:26'),(54,'theme-ninico-newsletter_popup_enable','1',NULL,'2025-05-21 13:08:26'),(55,'theme-ninico-newsletter_popup_image','general/newsletter-popup.png',NULL,'2025-05-21 13:08:26'),(56,'theme-ninico-newsletter_popup_title','Subscribe Now',NULL,'2025-05-21 13:08:26'),(57,'theme-ninico-newsletter_popup_subtitle','Newsletter',NULL,'2025-05-21 13:08:26'),(58,'theme-ninico-newsletter_popup_description','Subscribe to our newsletter and get 10% off your first purchase',NULL,'2025-05-21 13:08:26'),(59,'theme-ninico-social_links','[[{\"key\":\"name\",\"value\":\"Facebook\"},{\"key\":\"icon\",\"value\":\"ti ti-brand-facebook\"},{\"key\":\"url\",\"value\":\"https:\\/\\/www.facebook.com\"}],[{\"key\":\"name\",\"value\":\"X (Twitter)\"},{\"key\":\"icon\",\"value\":\"ti ti-brand-x\"},{\"key\":\"url\",\"value\":\"https:\\/\\/twitter.com\"}],[{\"key\":\"name\",\"value\":\"Behance\"},{\"key\":\"icon\",\"value\":\"ti ti-brand-behance\"},{\"key\":\"url\",\"value\":\"https:\\/\\/www.behance.net\"}],[{\"key\":\"name\",\"value\":\"YouTube\"},{\"key\":\"icon\",\"value\":\"ti ti-brand-youtube\"},{\"key\":\"url\",\"value\":\"https:\\/\\/www.youtube.com\"}],[{\"key\":\"name\",\"value\":\"LinkedIn\"},{\"key\":\"icon\",\"value\":\"ti ti-brand-linkedin\"},{\"key\":\"url\",\"value\":\"https:\\/\\/www.linkedin.com\"}]]',NULL,'2025-05-21 13:08:26'),(60,'ecommerce_enable_product_specification','1',NULL,'2025-05-21 13:08:26'),(61,'announcement_text_alignment','start',NULL,'2025-05-21 13:08:26'),(62,'announcement_background_color','#f3eee7',NULL,'2025-05-21 13:08:26'),(63,'announcement_text_color','#000000',NULL,'2025-05-21 13:08:26'),(64,'announcement_font_size','13',NULL,'2025-05-21 13:08:26'),(65,'announcement_font_size_unit','px',NULL,'2025-05-21 13:08:26'),(66,'announcement_autoplay','1',NULL,'2025-05-21 13:08:26'),(67,'announcement_autoplay_delay','5000',NULL,'2025-05-21 13:08:26'),(68,'theme-ninico-header_style','default',NULL,'2025-05-21 13:08:26'),(69,'theme-ninico-collapsing_product_categories_on_homepage','no',NULL,'2025-05-21 13:08:26'),(70,'theme-ninico-logo_height','50',NULL,'2025-05-21 13:08:26');
/*!40000 ALTER TABLE `settings` ENABLE KEYS */;
UNLOCK TABLES;

--
-- Table structure for table `simple_slider_items`
--

DROP TABLE IF EXISTS `simple_slider_items`;
/*!40101 SET @saved_cs_client     = @@character_set_client */;
/*!40101 SET character_set_client = utf8 */;
CREATE TABLE `simple_slider_items` (
  `id` bigint(20) unsigned NOT NULL AUTO_INCREMENT,
  `simple_slider_id` bigint(20) unsigned NOT NULL,
  `title` varchar(191) DEFAULT NULL,
  `image` varchar(191) NOT NULL,
  `link` varchar(191) DEFAULT NULL,
  `description` text DEFAULT NULL,
  `order` int(10) unsigned NOT NULL DEFAULT 0,
  `created_at` timestamp NULL DEFAULT NULL,
  `updated_at` timestamp NULL DEFAULT NULL,
  PRIMARY KEY (`id`)
) ENGINE=InnoDB AUTO_INCREMENT=16 DEFAULT CHARSET=utf8mb4 COLLATE=utf8mb4_unicode_ci;
/*!40101 SET character_set_client = @saved_cs_client */;

--
-- Dumping data for table `simple_slider_items`
--

LOCK TABLES `simple_slider_items` WRITE;
/*!40000 ALTER TABLE `simple_slider_items` DISABLE KEYS */;
INSERT INTO `simple_slider_items` VALUES (1,1,'Up To <i>40% Off</i> latest Creations','home-8495378-1280.png','/products','Accessories',1,'2025-05-20 14:07:07','2025-05-21 13:01:29'),(2,1,'Up To <i>40% Off</i> latest Creations','sliders/banner-2.jpg','/products','Accessories',2,'2025-05-20 14:07:07','2025-05-20 14:07:07'),(3,1,'Up To <i>40% Off</i> latest Creations','sliders/banner-3.jpg','/products','Accessories',3,'2025-05-20 14:07:07','2025-05-20 14:07:07'),(4,2,'Exclusive <br> Winter Collection','sliders/slider-01.png','/products','New Modern Stylist Fashionable Women\'s Wear holder',1,'2025-05-20 14:07:07','2025-05-20 14:07:07'),(5,2,'Exclusive <br> Women\'s Fashion','sliders/slider-02.png','/products','New Modern Stylist Fashionable Women\'s Wear holder',2,'2025-05-20 14:07:07','2025-05-20 14:07:07'),(6,2,'Exclusive <br> Summer Collection','sliders/slider-03.png','/products','New Modern Stylist Fashionable Women\'s Wear holder',3,'2025-05-20 14:07:07','2025-05-20 14:07:07'),(7,3,'Wooden <br> Lounge Furniture','sliders/slider-04.png','/products','New Modern Stylist Fashionable Women\'s Wear holder',1,'2025-05-20 14:07:07','2025-05-20 14:07:07'),(8,3,'Wooden <br> Lounge Chair','sliders/slider-05.png','/products',NULL,2,'2025-05-20 14:07:07','2025-05-20 14:07:07'),(9,3,'Wooden <br> Houston Furniture','sliders/slider-06.png','/products',NULL,3,'2025-05-20 14:07:07','2025-05-20 14:07:07'),(10,4,'Will Never <br> Compromise Beauty','sliders/slider-bg-04.png','/products','New Modern Stylist Fashionable Women\'s Wear holder',1,'2025-05-20 14:07:07','2025-05-20 14:07:07'),(11,4,'Will Never <br> Compromise Glow','sliders/slider-bg-05.png','/products','New Modern Stylist Fashionable Women\'s Wear holder',2,'2025-05-20 14:07:07','2025-05-20 14:07:07'),(12,4,'Will Never <br> Compromise Health','sliders/slider-bg-06.png','/products','New Modern Stylist Fashionable Women\'s Wear holder',3,'2025-05-20 14:07:07','2025-05-20 14:07:07'),(13,5,'Fresh Grocery <br> Products.','sliders/slider-05-bg-1.jpg','/products','Quality &amp; Fresh Products',1,'2025-05-20 14:07:07','2025-05-20 14:07:07'),(14,5,'Fresh Grocery <br> Products.','sliders/slider-05-bg-2.jpg','/products','Quality &amp; Fresh Products',2,'2025-05-20 14:07:07','2025-05-20 14:07:07'),(15,5,'Fresh Grocery <br> Products.','sliders/slider-05-bg-3.jpg','/products','Quality &amp; Fresh Products',3,'2025-05-20 14:07:07','2025-05-20 14:07:07');
/*!40000 ALTER TABLE `simple_slider_items` ENABLE KEYS */;
UNLOCK TABLES;

--
-- Table structure for table `simple_sliders`
--

DROP TABLE IF EXISTS `simple_sliders`;
/*!40101 SET @saved_cs_client     = @@character_set_client */;
/*!40101 SET character_set_client = utf8 */;
CREATE TABLE `simple_sliders` (
  `id` bigint(20) unsigned NOT NULL AUTO_INCREMENT,
  `name` varchar(120) NOT NULL,
  `key` varchar(120) NOT NULL,
  `description` varchar(400) DEFAULT NULL,
  `status` varchar(60) NOT NULL DEFAULT 'published',
  `created_at` timestamp NULL DEFAULT NULL,
  `updated_at` timestamp NULL DEFAULT NULL,
  PRIMARY KEY (`id`)
) ENGINE=InnoDB AUTO_INCREMENT=6 DEFAULT CHARSET=utf8mb4 COLLATE=utf8mb4_unicode_ci;
/*!40101 SET character_set_client = @saved_cs_client */;

--
-- Dumping data for table `simple_sliders`
--

LOCK TABLES `simple_sliders` WRITE;
/*!40000 ALTER TABLE `simple_sliders` DISABLE KEYS */;
INSERT INTO `simple_sliders` VALUES (1,'Slider home 1','slider-home-1','The slider on home page 1','published','2025-05-20 14:07:07','2025-05-20 14:07:07'),(2,'Slider home 2','slider-home-2','The slider on home page 2','published','2025-05-20 14:07:07','2025-05-20 14:07:07'),(3,'Slider Furniture','slider-furniture','The slider for furniture style','published','2025-05-20 14:07:07','2025-05-20 14:07:07'),(4,'Slider Cosmetics','slider-cosmetics','The slider for cosmetics style','published','2025-05-20 14:07:07','2025-05-20 14:07:07'),(5,'Slider Grocery','slider-grocery','The slider for grocery style','published','2025-05-20 14:07:07','2025-05-20 14:07:07');
/*!40000 ALTER TABLE `simple_sliders` ENABLE KEYS */;
UNLOCK TABLES;

--
-- Table structure for table `slugs`
--

DROP TABLE IF EXISTS `slugs`;
/*!40101 SET @saved_cs_client     = @@character_set_client */;
/*!40101 SET character_set_client = utf8 */;
CREATE TABLE `slugs` (
  `id` bigint(20) unsigned NOT NULL AUTO_INCREMENT,
  `key` varchar(191) NOT NULL,
  `reference_id` bigint(20) unsigned NOT NULL,
  `reference_type` varchar(191) NOT NULL,
  `prefix` varchar(120) DEFAULT '',
  `created_at` timestamp NULL DEFAULT NULL,
  `updated_at` timestamp NULL DEFAULT NULL,
  PRIMARY KEY (`id`),
  KEY `slugs_reference_id_index` (`reference_id`),
  KEY `slugs_key_index` (`key`),
  KEY `slugs_prefix_index` (`prefix`),
  KEY `slugs_reference_index` (`reference_id`,`reference_type`)
) ENGINE=InnoDB AUTO_INCREMENT=391 DEFAULT CHARSET=utf8mb4 COLLATE=utf8mb4_unicode_ci;
/*!40101 SET character_set_client = @saved_cs_client */;

--
-- Dumping data for table `slugs`
--

LOCK TABLES `slugs` WRITE;
/*!40000 ALTER TABLE `slugs` DISABLE KEYS */;
INSERT INTO `slugs` VALUES (1,'ecommerce',1,'Botble\\Blog\\Models\\Category','blog','2025-05-20 14:06:51','2025-05-20 14:06:51'),(2,'fashion',2,'Botble\\Blog\\Models\\Category','blog','2025-05-20 14:06:51','2025-05-20 14:06:51'),(3,'electronic',3,'Botble\\Blog\\Models\\Category','blog','2025-05-20 14:06:51','2025-05-20 14:06:51'),(4,'commercial',4,'Botble\\Blog\\Models\\Category','blog','2025-05-20 14:06:51','2025-05-20 14:06:51'),(5,'general',1,'Botble\\Blog\\Models\\Tag','tag','2025-05-20 14:06:51','2025-05-20 14:06:51'),(6,'design',2,'Botble\\Blog\\Models\\Tag','tag','2025-05-20 14:06:51','2025-05-20 14:06:51'),(7,'fashion',3,'Botble\\Blog\\Models\\Tag','tag','2025-05-20 14:06:51','2025-05-20 14:06:51'),(8,'branding',4,'Botble\\Blog\\Models\\Tag','tag','2025-05-20 14:06:51','2025-05-20 14:06:51'),(9,'modern',5,'Botble\\Blog\\Models\\Tag','tag','2025-05-20 14:06:51','2025-05-20 14:06:51'),(10,'4-expert-tips-on-how-to-choose-the-right-mens-wallet',1,'Botble\\Blog\\Models\\Post','blog','2025-05-20 14:06:52','2025-05-20 14:06:52'),(11,'sexy-clutches-how-to-buy-wear-a-designer-clutch-bag',2,'Botble\\Blog\\Models\\Post','blog','2025-05-20 14:06:52','2025-05-20 14:06:52'),(12,'the-top-2020-handbag-trends-to-know',3,'Botble\\Blog\\Models\\Post','blog','2025-05-20 14:06:52','2025-05-20 14:06:52'),(13,'how-to-match-the-color-of-your-handbag-with-an-outfit',4,'Botble\\Blog\\Models\\Post','blog','2025-05-20 14:06:52','2025-05-20 14:06:52'),(14,'how-to-care-for-leather-bags',5,'Botble\\Blog\\Models\\Post','blog','2025-05-20 14:06:52','2025-05-20 14:06:52'),(15,'were-crushing-hard-on-summers-10-biggest-bag-trends',6,'Botble\\Blog\\Models\\Post','blog','2025-05-20 14:06:52','2025-05-20 14:06:52'),(16,'essential-qualities-of-highly-successful-music',7,'Botble\\Blog\\Models\\Post','blog','2025-05-20 14:06:52','2025-05-20 14:06:52'),(17,'9-things-i-love-about-shaving-my-head',8,'Botble\\Blog\\Models\\Post','blog','2025-05-20 14:06:52','2025-05-20 14:06:52'),(18,'why-teamwork-really-makes-the-dream-work',9,'Botble\\Blog\\Models\\Post','blog','2025-05-20 14:06:52','2025-05-20 14:06:52'),(19,'the-world-caters-to-average-people',10,'Botble\\Blog\\Models\\Post','blog','2025-05-20 14:06:52','2025-05-20 14:06:52'),(20,'the-litigants-on-the-screen-are-not-actors',11,'Botble\\Blog\\Models\\Post','blog','2025-05-20 14:06:52','2025-05-20 14:06:52'),(21,'wooden-home',1,'Botble\\Page\\Models\\Page','','2025-05-20 14:06:55','2025-05-20 14:06:55'),(22,'fashion-home',2,'Botble\\Page\\Models\\Page','','2025-05-20 14:06:55','2025-05-20 14:06:55'),(23,'furniture-home',3,'Botble\\Page\\Models\\Page','','2025-05-20 14:06:55','2025-05-20 14:06:55'),(24,'cosmetics-home',4,'Botble\\Page\\Models\\Page','','2025-05-20 14:06:55','2025-05-20 14:06:55'),(25,'food-grocery-home',5,'Botble\\Page\\Models\\Page','','2025-05-20 14:06:55','2025-05-20 14:06:55'),(26,'blog',6,'Botble\\Page\\Models\\Page','','2025-05-20 14:06:55','2025-05-20 14:06:55'),(27,'about',7,'Botble\\Page\\Models\\Page','','2025-05-20 14:06:55','2025-05-20 14:06:55'),(28,'contact',8,'Botble\\Page\\Models\\Page','','2025-05-20 14:06:55','2025-05-20 14:06:55'),(29,'coming-soon',9,'Botble\\Page\\Models\\Page','','2025-05-20 14:06:55','2025-05-20 14:06:55'),(30,'store-locator',10,'Botble\\Page\\Models\\Page','','2025-05-20 14:06:55','2025-05-20 14:06:55'),(31,'faqs',11,'Botble\\Page\\Models\\Page','','2025-05-20 14:06:55','2025-05-20 14:06:55'),(32,'fashion-live',1,'Botble\\Ecommerce\\Models\\Brand','brands','2025-05-20 14:07:10','2025-05-20 14:07:10'),(33,'hand-crafted',2,'Botble\\Ecommerce\\Models\\Brand','brands','2025-05-20 14:07:10','2025-05-20 14:07:10'),(34,'mestonix',3,'Botble\\Ecommerce\\Models\\Brand','brands','2025-05-20 14:07:10','2025-05-20 14:07:10'),(35,'sunshine',4,'Botble\\Ecommerce\\Models\\Brand','brands','2025-05-20 14:07:10','2025-05-20 14:07:10'),(36,'pure',5,'Botble\\Ecommerce\\Models\\Brand','brands','2025-05-20 14:07:10','2025-05-20 14:07:10'),(37,'anfold',6,'Botble\\Ecommerce\\Models\\Brand','brands','2025-05-20 14:07:10','2025-05-20 14:07:10'),(47,'gift-sets',10,'Botble\\Ecommerce\\Models\\ProductCategory','product-categories','2025-05-20 14:07:11','2025-05-20 14:07:11'),(50,'cosmetics',13,'Botble\\Ecommerce\\Models\\ProductCategory','product-categories','2025-05-20 14:07:11','2025-05-20 14:07:11'),(51,'silk-accessories',14,'Botble\\Ecommerce\\Models\\ProductCategory','product-categories','2025-05-20 14:07:11','2025-05-20 14:07:11'),(55,'electronic',1,'Botble\\Ecommerce\\Models\\ProductTag','product-tags','2025-05-20 14:07:11','2025-05-20 14:07:11'),(56,'mobile',2,'Botble\\Ecommerce\\Models\\ProductTag','product-tags','2025-05-20 14:07:11','2025-05-20 14:07:11'),(57,'iphone',3,'Botble\\Ecommerce\\Models\\ProductTag','product-tags','2025-05-20 14:07:11','2025-05-20 14:07:11'),(58,'printer',4,'Botble\\Ecommerce\\Models\\ProductTag','product-tags','2025-05-20 14:07:11','2025-05-20 14:07:11'),(59,'office',5,'Botble\\Ecommerce\\Models\\ProductTag','product-tags','2025-05-20 14:07:11','2025-05-20 14:07:11'),(60,'it',6,'Botble\\Ecommerce\\Models\\ProductTag','product-tags','2025-05-20 14:07:11','2025-05-20 14:07:11'),(61,'miko-wooden-bluetooth-speaker',1,'Botble\\Ecommerce\\Models\\Product','products','2025-05-20 14:07:32','2025-05-20 14:07:32'),(62,'gorgeous-wooden-gloves',2,'Botble\\Ecommerce\\Models\\Product','products','2025-05-20 14:07:32','2025-05-20 14:07:32'),(63,'pinkol-enormous-granite-bottle',3,'Botble\\Ecommerce\\Models\\Product','products','2025-05-20 14:07:32','2025-05-20 14:07:32'),(64,'gorgeous-aluminum-table',4,'Botble\\Ecommerce\\Models\\Product','products','2025-05-20 14:07:32','2025-05-20 14:07:32'),(65,'evo-lightweight-granite-shirt',5,'Botble\\Ecommerce\\Models\\Product','products','2025-05-20 14:07:32','2025-05-20 14:07:32'),(66,'clco-incredible-paper-car',6,'Botble\\Ecommerce\\Models\\Product','products','2025-05-20 14:07:32','2025-05-20 14:07:32'),(67,'progash-durable-granite-hat',7,'Botble\\Ecommerce\\Models\\Product','products','2025-05-20 14:07:32','2025-05-20 14:07:32'),(68,'purab-enormous-miranda-bottle',8,'Botble\\Ecommerce\\Models\\Product','products','2025-05-20 14:07:32','2025-05-20 14:07:32'),(69,'miklonda-co-crafted-candles',9,'Botble\\Ecommerce\\Models\\Product','products','2025-05-20 14:07:32','2025-05-20 14:07:32'),(70,'pinkol-enormous-granite-bottle',10,'Botble\\Ecommerce\\Models\\Product','products','2025-05-20 14:07:32','2025-05-20 14:07:32'),(71,'dual-camera-20mp',11,'Botble\\Ecommerce\\Models\\Product','products','2025-05-20 14:07:32','2025-05-20 14:07:32'),(72,'smart-watches',12,'Botble\\Ecommerce\\Models\\Product','products','2025-05-20 14:07:32','2025-05-20 14:07:32'),(73,'beat-headphone',13,'Botble\\Ecommerce\\Models\\Product','products','2025-05-20 14:07:32','2025-05-20 14:07:32'),(74,'red-black-headphone',14,'Botble\\Ecommerce\\Models\\Product','products','2025-05-20 14:07:32','2025-05-20 14:07:32'),(75,'smart-watch-external',15,'Botble\\Ecommerce\\Models\\Product','products','2025-05-20 14:07:32','2025-05-20 14:07:32'),(76,'nikon-hd-camera',16,'Botble\\Ecommerce\\Models\\Product','products','2025-05-20 14:07:32','2025-05-20 14:07:32'),(77,'audio-equipment',17,'Botble\\Ecommerce\\Models\\Product','products','2025-05-20 14:07:32','2025-05-20 14:07:32'),(78,'smart-televisions',18,'Botble\\Ecommerce\\Models\\Product','products','2025-05-20 14:07:32','2025-05-20 14:07:32'),(79,'samsung-smart-phone',19,'Botble\\Ecommerce\\Models\\Product','products','2025-05-20 14:07:32','2025-05-20 14:07:32'),(80,'herschel-leather-duffle-bag-in-brown-color',20,'Botble\\Ecommerce\\Models\\Product','products','2025-05-20 14:07:32','2025-05-20 14:07:32'),(81,'xbox-one-wireless-controller-black-color',21,'Botble\\Ecommerce\\Models\\Product','products','2025-05-20 14:07:32','2025-05-20 14:07:32'),(82,'epsion-plaster-printer',22,'Botble\\Ecommerce\\Models\\Product','products','2025-05-20 14:07:32','2025-05-20 14:07:32'),(83,'sound-intone-i65-earphone-white-version',23,'Botble\\Ecommerce\\Models\\Product','products','2025-05-20 14:07:32','2025-05-20 14:07:32'),(84,'bo-play-mini-bluetooth-speaker',24,'Botble\\Ecommerce\\Models\\Product','products','2025-05-20 14:07:32','2025-05-20 14:07:32'),(85,'apple-macbook-air-retina-133-inch-laptop',25,'Botble\\Ecommerce\\Models\\Product','products','2025-05-20 14:07:32','2025-05-20 14:07:32'),(86,'apple-macbook-air-retina-12-inch-laptop',26,'Botble\\Ecommerce\\Models\\Product','products','2025-05-20 14:07:32','2025-05-20 14:07:32'),(87,'samsung-gear-vr-virtual-reality-headset',27,'Botble\\Ecommerce\\Models\\Product','products','2025-05-20 14:07:32','2025-05-20 14:07:32'),(88,'aveeno-moisturizing-body-shower-450ml',28,'Botble\\Ecommerce\\Models\\Product','products','2025-05-20 14:07:32','2025-05-20 14:07:32'),(89,'nyx-beauty-couton-pallete-makeup-12',29,'Botble\\Ecommerce\\Models\\Product','products','2025-05-20 14:07:32','2025-05-20 14:07:32'),(90,'nyx-beauty-couton-pallete-makeup-12',30,'Botble\\Ecommerce\\Models\\Product','products','2025-05-20 14:07:32','2025-05-20 14:07:32'),(91,'mvmth-classical-leather-watch-in-black',31,'Botble\\Ecommerce\\Models\\Product','products','2025-05-20 14:07:32','2025-05-20 14:07:32'),(92,'baxter-care-hair-kit-for-bearded-mens',32,'Botble\\Ecommerce\\Models\\Product','products','2025-05-20 14:07:32','2025-05-20 14:07:32'),(93,'ciate-palemore-lipstick-bold-red-color',33,'Botble\\Ecommerce\\Models\\Product','products','2025-05-20 14:07:33','2025-05-20 14:07:33'),(94,'vimto-squash-remix-apple-15-litres',34,'Botble\\Ecommerce\\Models\\Product','products','2025-05-20 14:07:33','2025-05-20 14:07:33'),(95,'crock-pot-slow-cooker',35,'Botble\\Ecommerce\\Models\\Product','products','2025-05-20 14:07:33','2025-05-20 14:07:33'),(96,'taylors-of-harrogate-yorkshire-coffee',36,'Botble\\Ecommerce\\Models\\Product','products','2025-05-20 14:07:33','2025-05-20 14:07:33'),(98,'naked-noodle-egg-noodles-singapore',38,'Botble\\Ecommerce\\Models\\Product','products','2025-05-20 14:07:33','2025-05-20 14:07:33'),(99,'saute-pan-silver',39,'Botble\\Ecommerce\\Models\\Product','products','2025-05-20 14:07:33','2025-05-20 14:07:33'),(100,'bar-s-classic-bun-length-franks',40,'Botble\\Ecommerce\\Models\\Product','products','2025-05-20 14:07:33','2025-05-20 14:07:33'),(101,'broccoli-crowns',41,'Botble\\Ecommerce\\Models\\Product','products','2025-05-20 14:07:33','2025-05-20 14:07:33'),(102,'slimming-world-vegan-mac-greens',42,'Botble\\Ecommerce\\Models\\Product','products','2025-05-20 14:07:33','2025-05-20 14:07:33'),(103,'haagen-dazs-salted-caramel',43,'Botble\\Ecommerce\\Models\\Product','products','2025-05-20 14:07:33','2025-05-20 14:07:33'),(104,'iceland-3-solo-exotic-burst',44,'Botble\\Ecommerce\\Models\\Product','products','2025-05-20 14:07:33','2025-05-20 14:07:33'),(105,'extreme-budweiser-light-can',45,'Botble\\Ecommerce\\Models\\Product','products','2025-05-20 14:07:33','2025-05-20 14:07:33'),(107,'dolmio-bolognese-pasta-sauce',47,'Botble\\Ecommerce\\Models\\Product','products','2025-05-20 14:07:33','2025-05-20 14:07:33'),(109,'wayfair-basics-dinner-plate-storage',49,'Botble\\Ecommerce\\Models\\Product','products','2025-05-20 14:07:33','2025-05-20 14:07:33'),(111,'sesame-seed-bread',51,'Botble\\Ecommerce\\Models\\Product','products','2025-05-20 14:07:33','2025-05-20 14:07:33'),(112,'morrisons-the-best-beef',52,'Botble\\Ecommerce\\Models\\Product','products','2025-05-20 14:07:33','2025-05-20 14:07:33'),(113,'avocado-hass-large',53,'Botble\\Ecommerce\\Models\\Product','products','2025-05-20 14:07:33','2025-05-20 14:07:33'),(114,'italia-beef-lasagne',54,'Botble\\Ecommerce\\Models\\Product','products','2025-05-20 14:07:33','2025-05-20 14:07:33'),(115,'maxwell-house-classic-roast-mocha',55,'Botble\\Ecommerce\\Models\\Product','products','2025-05-20 14:07:33','2025-05-20 14:07:33'),(116,'bottled-pure-water-500ml',56,'Botble\\Ecommerce\\Models\\Product','products','2025-05-20 14:07:33','2025-05-20 14:07:33'),(117,'famart-farmhouse-soft-white',57,'Botble\\Ecommerce\\Models\\Product','products','2025-05-20 14:07:33','2025-05-20 14:07:33'),(118,'coca-cola-original-taste',58,'Botble\\Ecommerce\\Models\\Product','products','2025-05-20 14:07:33','2025-05-20 14:07:33'),(119,'casillero-diablo-cabernet-sauvignon',59,'Botble\\Ecommerce\\Models\\Product','products','2025-05-20 14:07:33','2025-05-20 14:07:33'),(120,'arla-organic-free-range-milk',60,'Botble\\Ecommerce\\Models\\Product','products','2025-05-20 14:07:33','2025-05-20 14:07:33'),(121,'aptamil-follow-on-baby-milk',61,'Botble\\Ecommerce\\Models\\Product','products','2025-05-20 14:07:33','2025-05-20 14:07:33'),(122,'cuisinart-chefs-classic-hard-anodized',62,'Botble\\Ecommerce\\Models\\Product','products','2025-05-20 14:07:33','2025-05-20 14:07:33'),(123,'corn-yellow-sweet',63,'Botble\\Ecommerce\\Models\\Product','products','2025-05-20 14:07:33','2025-05-20 14:07:33'),(124,'hobnobs-the-nobbly-biscuit',64,'Botble\\Ecommerce\\Models\\Product','products','2025-05-20 14:07:33','2025-05-20 14:07:33'),(125,'honest-organic-still-lemonade',65,'Botble\\Ecommerce\\Models\\Product','products','2025-05-20 14:07:34','2025-05-20 14:07:34'),(126,'ice-becks-beer-350ml-x-24-pieces',66,'Botble\\Ecommerce\\Models\\Product','products','2025-05-20 14:07:34','2025-05-20 14:07:34'),(127,'iceland-6-hot-cross-buns',67,'Botble\\Ecommerce\\Models\\Product','products','2025-05-20 14:07:34','2025-05-20 14:07:34'),(128,'iceland-luxury-4-panini-rolls',68,'Botble\\Ecommerce\\Models\\Product','products','2025-05-20 14:07:34','2025-05-20 14:07:34'),(129,'iceland-soft-scoop-vanilla',69,'Botble\\Ecommerce\\Models\\Product','products','2025-05-20 14:07:34','2025-05-20 14:07:34'),(130,'iceland-spaghetti-bolognese',70,'Botble\\Ecommerce\\Models\\Product','products','2025-05-20 14:07:34','2025-05-20 14:07:34'),(131,'kelloggs-coco-pops-cereal',71,'Botble\\Ecommerce\\Models\\Product','products','2025-05-20 14:07:34','2025-05-20 14:07:34'),(132,'kit-kat-chunky-milk-chocolate',72,'Botble\\Ecommerce\\Models\\Product','products','2025-05-20 14:07:34','2025-05-20 14:07:34'),(133,'large-green-bell-pepper',73,'Botble\\Ecommerce\\Models\\Product','products','2025-05-20 14:07:34','2025-05-20 14:07:34'),(134,'pice-94w-beasley-journal',74,'Botble\\Ecommerce\\Models\\Product','products','2025-05-20 14:07:34','2025-05-20 14:07:34'),(135,'province-piece-glass-drinking-glass',75,'Botble\\Ecommerce\\Models\\Product','products','2025-05-20 14:07:34','2025-05-20 14:07:34'),(136,'perfect',1,'Botble\\Gallery\\Models\\Gallery','galleries','2025-05-20 14:07:50','2025-05-20 14:07:50'),(137,'new-day',2,'Botble\\Gallery\\Models\\Gallery','galleries','2025-05-20 14:07:50','2025-05-20 14:07:50'),(138,'happy-day',3,'Botble\\Gallery\\Models\\Gallery','galleries','2025-05-20 14:07:50','2025-05-20 14:07:50'),(139,'nature',4,'Botble\\Gallery\\Models\\Gallery','galleries','2025-05-20 14:07:50','2025-05-20 14:07:50'),(140,'morning',5,'Botble\\Gallery\\Models\\Gallery','galleries','2025-05-20 14:07:50','2025-05-20 14:07:50'),(141,'photography',6,'Botble\\Gallery\\Models\\Gallery','galleries','2025-05-20 14:07:50','2025-05-20 14:07:50'),(142,'miko-wooden-bluetooth-speaker',76,'Botble\\Ecommerce\\Models\\Product','products','2025-05-20 14:07:53','2025-05-20 14:07:53'),(143,'miko-wooden-bluetooth-speaker',77,'Botble\\Ecommerce\\Models\\Product','products','2025-05-20 14:07:53','2025-05-20 14:07:53'),(144,'gorgeous-wooden-gloves',78,'Botble\\Ecommerce\\Models\\Product','products','2025-05-20 14:07:53','2025-05-20 14:07:53'),(145,'gorgeous-wooden-gloves',79,'Botble\\Ecommerce\\Models\\Product','products','2025-05-20 14:07:53','2025-05-20 14:07:53'),(146,'pinkol-enormous-granite-bottle',80,'Botble\\Ecommerce\\Models\\Product','products','2025-05-20 14:07:53','2025-05-20 14:07:53'),(147,'pinkol-enormous-granite-bottle',81,'Botble\\Ecommerce\\Models\\Product','products','2025-05-20 14:07:53','2025-05-20 14:07:53'),(148,'gorgeous-aluminum-table',82,'Botble\\Ecommerce\\Models\\Product','products','2025-05-20 14:07:53','2025-05-20 14:07:53'),(149,'gorgeous-aluminum-table',83,'Botble\\Ecommerce\\Models\\Product','products','2025-05-20 14:07:53','2025-05-20 14:07:53'),(150,'evo-lightweight-granite-shirt',84,'Botble\\Ecommerce\\Models\\Product','products','2025-05-20 14:07:53','2025-05-20 14:07:53'),(151,'clco-incredible-paper-car',85,'Botble\\Ecommerce\\Models\\Product','products','2025-05-20 14:07:53','2025-05-20 14:07:53'),(152,'progash-durable-granite-hat',86,'Botble\\Ecommerce\\Models\\Product','products','2025-05-20 14:07:53','2025-05-20 14:07:53'),(153,'progash-durable-granite-hat',87,'Botble\\Ecommerce\\Models\\Product','products','2025-05-20 14:07:53','2025-05-20 14:07:53'),(154,'progash-durable-granite-hat',88,'Botble\\Ecommerce\\Models\\Product','products','2025-05-20 14:07:53','2025-05-20 14:07:53'),(155,'purab-enormous-miranda-bottle',89,'Botble\\Ecommerce\\Models\\Product','products','2025-05-20 14:07:53','2025-05-20 14:07:53'),(156,'purab-enormous-miranda-bottle',90,'Botble\\Ecommerce\\Models\\Product','products','2025-05-20 14:07:53','2025-05-20 14:07:53'),(157,'miklonda-co-crafted-candles',91,'Botble\\Ecommerce\\Models\\Product','products','2025-05-20 14:07:53','2025-05-20 14:07:53'),(158,'pinkol-enormous-granite-bottle',92,'Botble\\Ecommerce\\Models\\Product','products','2025-05-20 14:07:53','2025-05-20 14:07:53'),(159,'dual-camera-20mp',93,'Botble\\Ecommerce\\Models\\Product','products','2025-05-20 14:07:53','2025-05-20 14:07:53'),(160,'dual-camera-20mp',94,'Botble\\Ecommerce\\Models\\Product','products','2025-05-20 14:07:53','2025-05-20 14:07:53'),(161,'dual-camera-20mp',95,'Botble\\Ecommerce\\Models\\Product','products','2025-05-20 14:07:53','2025-05-20 14:07:53'),(162,'smart-watches',96,'Botble\\Ecommerce\\Models\\Product','products','2025-05-20 14:07:53','2025-05-20 14:07:53'),(163,'smart-watches',97,'Botble\\Ecommerce\\Models\\Product','products','2025-05-20 14:07:53','2025-05-20 14:07:53'),(164,'smart-watches',98,'Botble\\Ecommerce\\Models\\Product','products','2025-05-20 14:07:53','2025-05-20 14:07:53'),(165,'smart-watches',99,'Botble\\Ecommerce\\Models\\Product','products','2025-05-20 14:07:53','2025-05-20 14:07:53'),(166,'beat-headphone',100,'Botble\\Ecommerce\\Models\\Product','products','2025-05-20 14:07:53','2025-05-20 14:07:53'),(167,'beat-headphone',101,'Botble\\Ecommerce\\Models\\Product','products','2025-05-20 14:07:53','2025-05-20 14:07:53'),(168,'red-black-headphone',102,'Botble\\Ecommerce\\Models\\Product','products','2025-05-20 14:07:53','2025-05-20 14:07:53'),(169,'red-black-headphone',103,'Botble\\Ecommerce\\Models\\Product','products','2025-05-20 14:07:53','2025-05-20 14:07:53'),(170,'smart-watch-external',104,'Botble\\Ecommerce\\Models\\Product','products','2025-05-20 14:07:53','2025-05-20 14:07:53'),(171,'smart-watch-external',105,'Botble\\Ecommerce\\Models\\Product','products','2025-05-20 14:07:53','2025-05-20 14:07:53'),(172,'smart-watch-external',106,'Botble\\Ecommerce\\Models\\Product','products','2025-05-20 14:07:53','2025-05-20 14:07:53'),(173,'smart-watch-external',107,'Botble\\Ecommerce\\Models\\Product','products','2025-05-20 14:07:53','2025-05-20 14:07:53'),(174,'nikon-hd-camera',108,'Botble\\Ecommerce\\Models\\Product','products','2025-05-20 14:07:53','2025-05-20 14:07:53'),(175,'audio-equipment',109,'Botble\\Ecommerce\\Models\\Product','products','2025-05-20 14:07:53','2025-05-20 14:07:53'),(176,'audio-equipment',110,'Botble\\Ecommerce\\Models\\Product','products','2025-05-20 14:07:53','2025-05-20 14:07:53'),(177,'audio-equipment',111,'Botble\\Ecommerce\\Models\\Product','products','2025-05-20 14:07:53','2025-05-20 14:07:53'),(178,'audio-equipment',112,'Botble\\Ecommerce\\Models\\Product','products','2025-05-20 14:07:53','2025-05-20 14:07:53'),(179,'audio-equipment',113,'Botble\\Ecommerce\\Models\\Product','products','2025-05-20 14:07:53','2025-05-20 14:07:53'),(180,'smart-televisions',114,'Botble\\Ecommerce\\Models\\Product','products','2025-05-20 14:07:53','2025-05-20 14:07:53'),(181,'smart-televisions',115,'Botble\\Ecommerce\\Models\\Product','products','2025-05-20 14:07:53','2025-05-20 14:07:53'),(182,'smart-televisions',116,'Botble\\Ecommerce\\Models\\Product','products','2025-05-20 14:07:53','2025-05-20 14:07:53'),(183,'smart-televisions',117,'Botble\\Ecommerce\\Models\\Product','products','2025-05-20 14:07:53','2025-05-20 14:07:53'),(184,'samsung-smart-phone',118,'Botble\\Ecommerce\\Models\\Product','products','2025-05-20 14:07:53','2025-05-20 14:07:53'),(185,'herschel-leather-duffle-bag-in-brown-color',119,'Botble\\Ecommerce\\Models\\Product','products','2025-05-20 14:07:53','2025-05-20 14:07:53'),(186,'herschel-leather-duffle-bag-in-brown-color',120,'Botble\\Ecommerce\\Models\\Product','products','2025-05-20 14:07:53','2025-05-20 14:07:53'),(187,'herschel-leather-duffle-bag-in-brown-color',121,'Botble\\Ecommerce\\Models\\Product','products','2025-05-20 14:07:53','2025-05-20 14:07:53'),(188,'xbox-one-wireless-controller-black-color',122,'Botble\\Ecommerce\\Models\\Product','products','2025-05-20 14:07:53','2025-05-20 14:07:53'),(189,'xbox-one-wireless-controller-black-color',123,'Botble\\Ecommerce\\Models\\Product','products','2025-05-20 14:07:53','2025-05-20 14:07:53'),(190,'xbox-one-wireless-controller-black-color',124,'Botble\\Ecommerce\\Models\\Product','products','2025-05-20 14:07:53','2025-05-20 14:07:53'),(191,'epsion-plaster-printer',125,'Botble\\Ecommerce\\Models\\Product','products','2025-05-20 14:07:53','2025-05-20 14:07:53'),(192,'epsion-plaster-printer',126,'Botble\\Ecommerce\\Models\\Product','products','2025-05-20 14:07:53','2025-05-20 14:07:53'),(193,'epsion-plaster-printer',127,'Botble\\Ecommerce\\Models\\Product','products','2025-05-20 14:07:53','2025-05-20 14:07:53'),(194,'sound-intone-i65-earphone-white-version',128,'Botble\\Ecommerce\\Models\\Product','products','2025-05-20 14:07:53','2025-05-20 14:07:53'),(195,'sound-intone-i65-earphone-white-version',129,'Botble\\Ecommerce\\Models\\Product','products','2025-05-20 14:07:53','2025-05-20 14:07:53'),(196,'sound-intone-i65-earphone-white-version',130,'Botble\\Ecommerce\\Models\\Product','products','2025-05-20 14:07:53','2025-05-20 14:07:53'),(197,'bo-play-mini-bluetooth-speaker',131,'Botble\\Ecommerce\\Models\\Product','products','2025-05-20 14:07:53','2025-05-20 14:07:53'),(198,'bo-play-mini-bluetooth-speaker',132,'Botble\\Ecommerce\\Models\\Product','products','2025-05-20 14:07:53','2025-05-20 14:07:53'),(199,'bo-play-mini-bluetooth-speaker',133,'Botble\\Ecommerce\\Models\\Product','products','2025-05-20 14:07:53','2025-05-20 14:07:53'),(200,'bo-play-mini-bluetooth-speaker',134,'Botble\\Ecommerce\\Models\\Product','products','2025-05-20 14:07:53','2025-05-20 14:07:53'),(201,'apple-macbook-air-retina-133-inch-laptop',135,'Botble\\Ecommerce\\Models\\Product','products','2025-05-20 14:07:53','2025-05-20 14:07:53'),(202,'apple-macbook-air-retina-133-inch-laptop',136,'Botble\\Ecommerce\\Models\\Product','products','2025-05-20 14:07:53','2025-05-20 14:07:53'),(203,'apple-macbook-air-retina-133-inch-laptop',137,'Botble\\Ecommerce\\Models\\Product','products','2025-05-20 14:07:53','2025-05-20 14:07:53'),(204,'apple-macbook-air-retina-133-inch-laptop',138,'Botble\\Ecommerce\\Models\\Product','products','2025-05-20 14:07:53','2025-05-20 14:07:53'),(205,'apple-macbook-air-retina-12-inch-laptop',139,'Botble\\Ecommerce\\Models\\Product','products','2025-05-20 14:07:53','2025-05-20 14:07:53'),(206,'apple-macbook-air-retina-12-inch-laptop',140,'Botble\\Ecommerce\\Models\\Product','products','2025-05-20 14:07:53','2025-05-20 14:07:53'),(207,'apple-macbook-air-retina-12-inch-laptop',141,'Botble\\Ecommerce\\Models\\Product','products','2025-05-20 14:07:53','2025-05-20 14:07:53'),(208,'apple-macbook-air-retina-12-inch-laptop',142,'Botble\\Ecommerce\\Models\\Product','products','2025-05-20 14:07:53','2025-05-20 14:07:53'),(209,'samsung-gear-vr-virtual-reality-headset',143,'Botble\\Ecommerce\\Models\\Product','products','2025-05-20 14:07:53','2025-05-20 14:07:53'),(210,'samsung-gear-vr-virtual-reality-headset',144,'Botble\\Ecommerce\\Models\\Product','products','2025-05-20 14:07:53','2025-05-20 14:07:53'),(211,'samsung-gear-vr-virtual-reality-headset',145,'Botble\\Ecommerce\\Models\\Product','products','2025-05-20 14:07:53','2025-05-20 14:07:53'),(212,'samsung-gear-vr-virtual-reality-headset',146,'Botble\\Ecommerce\\Models\\Product','products','2025-05-20 14:07:53','2025-05-20 14:07:53'),(213,'aveeno-moisturizing-body-shower-450ml',147,'Botble\\Ecommerce\\Models\\Product','products','2025-05-20 14:07:53','2025-05-20 14:07:53'),(214,'aveeno-moisturizing-body-shower-450ml',148,'Botble\\Ecommerce\\Models\\Product','products','2025-05-20 14:07:53','2025-05-20 14:07:53'),(215,'aveeno-moisturizing-body-shower-450ml',149,'Botble\\Ecommerce\\Models\\Product','products','2025-05-20 14:07:53','2025-05-20 14:07:53'),(216,'nyx-beauty-couton-pallete-makeup-12',150,'Botble\\Ecommerce\\Models\\Product','products','2025-05-20 14:07:53','2025-05-20 14:07:53'),(217,'nyx-beauty-couton-pallete-makeup-12',151,'Botble\\Ecommerce\\Models\\Product','products','2025-05-20 14:07:53','2025-05-20 14:07:53'),(218,'nyx-beauty-couton-pallete-makeup-12',152,'Botble\\Ecommerce\\Models\\Product','products','2025-05-20 14:07:53','2025-05-20 14:07:53'),(219,'nyx-beauty-couton-pallete-makeup-12',153,'Botble\\Ecommerce\\Models\\Product','products','2025-05-20 14:07:53','2025-05-20 14:07:53'),(220,'nyx-beauty-couton-pallete-makeup-12',154,'Botble\\Ecommerce\\Models\\Product','products','2025-05-20 14:07:53','2025-05-20 14:07:53'),(221,'nyx-beauty-couton-pallete-makeup-12',155,'Botble\\Ecommerce\\Models\\Product','products','2025-05-20 14:07:53','2025-05-20 14:07:53'),(222,'mvmth-classical-leather-watch-in-black',156,'Botble\\Ecommerce\\Models\\Product','products','2025-05-20 14:07:53','2025-05-20 14:07:53'),(223,'mvmth-classical-leather-watch-in-black',157,'Botble\\Ecommerce\\Models\\Product','products','2025-05-20 14:07:53','2025-05-20 14:07:53'),(224,'baxter-care-hair-kit-for-bearded-mens',158,'Botble\\Ecommerce\\Models\\Product','products','2025-05-20 14:07:53','2025-05-20 14:07:53'),(225,'baxter-care-hair-kit-for-bearded-mens',159,'Botble\\Ecommerce\\Models\\Product','products','2025-05-20 14:07:53','2025-05-20 14:07:53'),(226,'ciate-palemore-lipstick-bold-red-color',160,'Botble\\Ecommerce\\Models\\Product','products','2025-05-20 14:07:53','2025-05-20 14:07:53'),(227,'vimto-squash-remix-apple-15-litres',161,'Botble\\Ecommerce\\Models\\Product','products','2025-05-20 14:07:53','2025-05-20 14:07:53'),(228,'vimto-squash-remix-apple-15-litres',162,'Botble\\Ecommerce\\Models\\Product','products','2025-05-20 14:07:53','2025-05-20 14:07:53'),(229,'vimto-squash-remix-apple-15-litres',163,'Botble\\Ecommerce\\Models\\Product','products','2025-05-20 14:07:53','2025-05-20 14:07:53'),(230,'crock-pot-slow-cooker',164,'Botble\\Ecommerce\\Models\\Product','products','2025-05-20 14:07:53','2025-05-20 14:07:53'),(231,'crock-pot-slow-cooker',165,'Botble\\Ecommerce\\Models\\Product','products','2025-05-20 14:07:53','2025-05-20 14:07:53'),(232,'crock-pot-slow-cooker',166,'Botble\\Ecommerce\\Models\\Product','products','2025-05-20 14:07:53','2025-05-20 14:07:53'),(233,'crock-pot-slow-cooker',167,'Botble\\Ecommerce\\Models\\Product','products','2025-05-20 14:07:54','2025-05-20 14:07:54'),(234,'taylors-of-harrogate-yorkshire-coffee',168,'Botble\\Ecommerce\\Models\\Product','products','2025-05-20 14:07:54','2025-05-20 14:07:54'),(235,'taylors-of-harrogate-yorkshire-coffee',169,'Botble\\Ecommerce\\Models\\Product','products','2025-05-20 14:07:54','2025-05-20 14:07:54'),(236,'taylors-of-harrogate-yorkshire-coffee',170,'Botble\\Ecommerce\\Models\\Product','products','2025-05-20 14:07:54','2025-05-20 14:07:54'),(238,'naked-noodle-egg-noodles-singapore',172,'Botble\\Ecommerce\\Models\\Product','products','2025-05-20 14:07:54','2025-05-20 14:07:54'),(239,'naked-noodle-egg-noodles-singapore',173,'Botble\\Ecommerce\\Models\\Product','products','2025-05-20 14:07:54','2025-05-20 14:07:54'),(240,'naked-noodle-egg-noodles-singapore',174,'Botble\\Ecommerce\\Models\\Product','products','2025-05-20 14:07:54','2025-05-20 14:07:54'),(241,'saute-pan-silver',175,'Botble\\Ecommerce\\Models\\Product','products','2025-05-20 14:07:54','2025-05-20 14:07:54'),(242,'bar-s-classic-bun-length-franks',176,'Botble\\Ecommerce\\Models\\Product','products','2025-05-20 14:07:54','2025-05-20 14:07:54'),(243,'broccoli-crowns',177,'Botble\\Ecommerce\\Models\\Product','products','2025-05-20 14:07:54','2025-05-20 14:07:54'),(244,'slimming-world-vegan-mac-greens',178,'Botble\\Ecommerce\\Models\\Product','products','2025-05-20 14:07:54','2025-05-20 14:07:54'),(245,'haagen-dazs-salted-caramel',179,'Botble\\Ecommerce\\Models\\Product','products','2025-05-20 14:07:54','2025-05-20 14:07:54'),(246,'haagen-dazs-salted-caramel',180,'Botble\\Ecommerce\\Models\\Product','products','2025-05-20 14:07:54','2025-05-20 14:07:54'),(247,'iceland-3-solo-exotic-burst',181,'Botble\\Ecommerce\\Models\\Product','products','2025-05-20 14:07:54','2025-05-20 14:07:54'),(248,'iceland-3-solo-exotic-burst',182,'Botble\\Ecommerce\\Models\\Product','products','2025-05-20 14:07:54','2025-05-20 14:07:54'),(249,'iceland-3-solo-exotic-burst',183,'Botble\\Ecommerce\\Models\\Product','products','2025-05-20 14:07:54','2025-05-20 14:07:54'),(250,'extreme-budweiser-light-can',184,'Botble\\Ecommerce\\Models\\Product','products','2025-05-20 14:07:54','2025-05-20 14:07:54'),(251,'extreme-budweiser-light-can',185,'Botble\\Ecommerce\\Models\\Product','products','2025-05-20 14:07:54','2025-05-20 14:07:54'),(252,'extreme-budweiser-light-can',186,'Botble\\Ecommerce\\Models\\Product','products','2025-05-20 14:07:54','2025-05-20 14:07:54'),(255,'dolmio-bolognese-pasta-sauce',189,'Botble\\Ecommerce\\Models\\Product','products','2025-05-20 14:07:54','2025-05-20 14:07:54'),(256,'dolmio-bolognese-pasta-sauce',190,'Botble\\Ecommerce\\Models\\Product','products','2025-05-20 14:07:54','2025-05-20 14:07:54'),(259,'wayfair-basics-dinner-plate-storage',193,'Botble\\Ecommerce\\Models\\Product','products','2025-05-20 14:07:54','2025-05-20 14:07:54'),(260,'wayfair-basics-dinner-plate-storage',194,'Botble\\Ecommerce\\Models\\Product','products','2025-05-20 14:07:54','2025-05-20 14:07:54'),(261,'wayfair-basics-dinner-plate-storage',195,'Botble\\Ecommerce\\Models\\Product','products','2025-05-20 14:07:54','2025-05-20 14:07:54'),(266,'sesame-seed-bread',200,'Botble\\Ecommerce\\Models\\Product','products','2025-05-20 14:07:54','2025-05-20 14:07:54'),(267,'morrisons-the-best-beef',201,'Botble\\Ecommerce\\Models\\Product','products','2025-05-20 14:07:54','2025-05-20 14:07:54'),(268,'morrisons-the-best-beef',202,'Botble\\Ecommerce\\Models\\Product','products','2025-05-20 14:07:54','2025-05-20 14:07:54'),(269,'morrisons-the-best-beef',203,'Botble\\Ecommerce\\Models\\Product','products','2025-05-20 14:07:54','2025-05-20 14:07:54'),(270,'avocado-hass-large',204,'Botble\\Ecommerce\\Models\\Product','products','2025-05-20 14:07:54','2025-05-20 14:07:54'),(271,'avocado-hass-large',205,'Botble\\Ecommerce\\Models\\Product','products','2025-05-20 14:07:54','2025-05-20 14:07:54'),(272,'italia-beef-lasagne',206,'Botble\\Ecommerce\\Models\\Product','products','2025-05-20 14:07:54','2025-05-20 14:07:54'),(273,'italia-beef-lasagne',207,'Botble\\Ecommerce\\Models\\Product','products','2025-05-20 14:07:54','2025-05-20 14:07:54'),(274,'italia-beef-lasagne',208,'Botble\\Ecommerce\\Models\\Product','products','2025-05-20 14:07:54','2025-05-20 14:07:54'),(275,'italia-beef-lasagne',209,'Botble\\Ecommerce\\Models\\Product','products','2025-05-20 14:07:54','2025-05-20 14:07:54'),(276,'italia-beef-lasagne',210,'Botble\\Ecommerce\\Models\\Product','products','2025-05-20 14:07:54','2025-05-20 14:07:54'),(277,'maxwell-house-classic-roast-mocha',211,'Botble\\Ecommerce\\Models\\Product','products','2025-05-20 14:07:54','2025-05-20 14:07:54'),(278,'maxwell-house-classic-roast-mocha',212,'Botble\\Ecommerce\\Models\\Product','products','2025-05-20 14:07:54','2025-05-20 14:07:54'),(279,'maxwell-house-classic-roast-mocha',213,'Botble\\Ecommerce\\Models\\Product','products','2025-05-20 14:07:54','2025-05-20 14:07:54'),(280,'maxwell-house-classic-roast-mocha',214,'Botble\\Ecommerce\\Models\\Product','products','2025-05-20 14:07:54','2025-05-20 14:07:54'),(281,'maxwell-house-classic-roast-mocha',215,'Botble\\Ecommerce\\Models\\Product','products','2025-05-20 14:07:54','2025-05-20 14:07:54'),(282,'bottled-pure-water-500ml',216,'Botble\\Ecommerce\\Models\\Product','products','2025-05-20 14:07:54','2025-05-20 14:07:54'),(283,'bottled-pure-water-500ml',217,'Botble\\Ecommerce\\Models\\Product','products','2025-05-20 14:07:54','2025-05-20 14:07:54'),(284,'bottled-pure-water-500ml',218,'Botble\\Ecommerce\\Models\\Product','products','2025-05-20 14:07:54','2025-05-20 14:07:54'),(285,'bottled-pure-water-500ml',219,'Botble\\Ecommerce\\Models\\Product','products','2025-05-20 14:07:54','2025-05-20 14:07:54'),(286,'famart-farmhouse-soft-white',220,'Botble\\Ecommerce\\Models\\Product','products','2025-05-20 14:07:54','2025-05-20 14:07:54'),(287,'famart-farmhouse-soft-white',221,'Botble\\Ecommerce\\Models\\Product','products','2025-05-20 14:07:54','2025-05-20 14:07:54'),(288,'coca-cola-original-taste',222,'Botble\\Ecommerce\\Models\\Product','products','2025-05-20 14:07:54','2025-05-20 14:07:54'),(289,'casillero-diablo-cabernet-sauvignon',223,'Botble\\Ecommerce\\Models\\Product','products','2025-05-20 14:07:54','2025-05-20 14:07:54'),(290,'casillero-diablo-cabernet-sauvignon',224,'Botble\\Ecommerce\\Models\\Product','products','2025-05-20 14:07:54','2025-05-20 14:07:54'),(291,'arla-organic-free-range-milk',225,'Botble\\Ecommerce\\Models\\Product','products','2025-05-20 14:07:54','2025-05-20 14:07:54'),(292,'arla-organic-free-range-milk',226,'Botble\\Ecommerce\\Models\\Product','products','2025-05-20 14:07:54','2025-05-20 14:07:54'),(293,'aptamil-follow-on-baby-milk',227,'Botble\\Ecommerce\\Models\\Product','products','2025-05-20 14:07:54','2025-05-20 14:07:54'),(294,'aptamil-follow-on-baby-milk',228,'Botble\\Ecommerce\\Models\\Product','products','2025-05-20 14:07:54','2025-05-20 14:07:54'),(295,'aptamil-follow-on-baby-milk',229,'Botble\\Ecommerce\\Models\\Product','products','2025-05-20 14:07:54','2025-05-20 14:07:54'),(296,'cuisinart-chefs-classic-hard-anodized',230,'Botble\\Ecommerce\\Models\\Product','products','2025-05-20 14:07:54','2025-05-20 14:07:54'),(297,'corn-yellow-sweet',231,'Botble\\Ecommerce\\Models\\Product','products','2025-05-20 14:07:54','2025-05-20 14:07:54'),(298,'corn-yellow-sweet',232,'Botble\\Ecommerce\\Models\\Product','products','2025-05-20 14:07:54','2025-05-20 14:07:54'),(299,'hobnobs-the-nobbly-biscuit',233,'Botble\\Ecommerce\\Models\\Product','products','2025-05-20 14:07:54','2025-05-20 14:07:54'),(300,'hobnobs-the-nobbly-biscuit',234,'Botble\\Ecommerce\\Models\\Product','products','2025-05-20 14:07:54','2025-05-20 14:07:54'),(301,'hobnobs-the-nobbly-biscuit',235,'Botble\\Ecommerce\\Models\\Product','products','2025-05-20 14:07:54','2025-05-20 14:07:54'),(302,'hobnobs-the-nobbly-biscuit',236,'Botble\\Ecommerce\\Models\\Product','products','2025-05-20 14:07:54','2025-05-20 14:07:54'),(303,'honest-organic-still-lemonade',237,'Botble\\Ecommerce\\Models\\Product','products','2025-05-20 14:07:54','2025-05-20 14:07:54'),(304,'honest-organic-still-lemonade',238,'Botble\\Ecommerce\\Models\\Product','products','2025-05-20 14:07:54','2025-05-20 14:07:54'),(305,'honest-organic-still-lemonade',239,'Botble\\Ecommerce\\Models\\Product','products','2025-05-20 14:07:54','2025-05-20 14:07:54'),(306,'honest-organic-still-lemonade',240,'Botble\\Ecommerce\\Models\\Product','products','2025-05-20 14:07:54','2025-05-20 14:07:54'),(307,'ice-becks-beer-350ml-x-24-pieces',241,'Botble\\Ecommerce\\Models\\Product','products','2025-05-20 14:07:54','2025-05-20 14:07:54'),(308,'ice-becks-beer-350ml-x-24-pieces',242,'Botble\\Ecommerce\\Models\\Product','products','2025-05-20 14:07:54','2025-05-20 14:07:54'),(309,'iceland-6-hot-cross-buns',243,'Botble\\Ecommerce\\Models\\Product','products','2025-05-20 14:07:54','2025-05-20 14:07:54'),(310,'iceland-6-hot-cross-buns',244,'Botble\\Ecommerce\\Models\\Product','products','2025-05-20 14:07:54','2025-05-20 14:07:54'),(311,'iceland-luxury-4-panini-rolls',245,'Botble\\Ecommerce\\Models\\Product','products','2025-05-20 14:07:54','2025-05-20 14:07:54'),(312,'iceland-luxury-4-panini-rolls',246,'Botble\\Ecommerce\\Models\\Product','products','2025-05-20 14:07:54','2025-05-20 14:07:54'),(313,'iceland-luxury-4-panini-rolls',247,'Botble\\Ecommerce\\Models\\Product','products','2025-05-20 14:07:54','2025-05-20 14:07:54'),(314,'iceland-luxury-4-panini-rolls',248,'Botble\\Ecommerce\\Models\\Product','products','2025-05-20 14:07:54','2025-05-20 14:07:54'),(315,'iceland-soft-scoop-vanilla',249,'Botble\\Ecommerce\\Models\\Product','products','2025-05-20 14:07:54','2025-05-20 14:07:54'),(316,'iceland-soft-scoop-vanilla',250,'Botble\\Ecommerce\\Models\\Product','products','2025-05-20 14:07:54','2025-05-20 14:07:54'),(317,'iceland-soft-scoop-vanilla',251,'Botble\\Ecommerce\\Models\\Product','products','2025-05-20 14:07:54','2025-05-20 14:07:54'),(318,'iceland-soft-scoop-vanilla',252,'Botble\\Ecommerce\\Models\\Product','products','2025-05-20 14:07:54','2025-05-20 14:07:54'),(319,'iceland-spaghetti-bolognese',253,'Botble\\Ecommerce\\Models\\Product','products','2025-05-20 14:07:54','2025-05-20 14:07:54'),(320,'iceland-spaghetti-bolognese',254,'Botble\\Ecommerce\\Models\\Product','products','2025-05-20 14:07:54','2025-05-20 14:07:54'),(321,'iceland-spaghetti-bolognese',255,'Botble\\Ecommerce\\Models\\Product','products','2025-05-20 14:07:54','2025-05-20 14:07:54'),(322,'kelloggs-coco-pops-cereal',256,'Botble\\Ecommerce\\Models\\Product','products','2025-05-20 14:07:54','2025-05-20 14:07:54'),(323,'kelloggs-coco-pops-cereal',257,'Botble\\Ecommerce\\Models\\Product','products','2025-05-20 14:07:54','2025-05-20 14:07:54'),(324,'kit-kat-chunky-milk-chocolate',258,'Botble\\Ecommerce\\Models\\Product','products','2025-05-20 14:07:54','2025-05-20 14:07:54'),(325,'large-green-bell-pepper',259,'Botble\\Ecommerce\\Models\\Product','products','2025-05-20 14:07:54','2025-05-20 14:07:54'),(326,'large-green-bell-pepper',260,'Botble\\Ecommerce\\Models\\Product','products','2025-05-20 14:07:54','2025-05-20 14:07:54'),(327,'pice-94w-beasley-journal',261,'Botble\\Ecommerce\\Models\\Product','products','2025-05-20 14:07:54','2025-05-20 14:07:54'),(328,'pice-94w-beasley-journal',262,'Botble\\Ecommerce\\Models\\Product','products','2025-05-20 14:07:54','2025-05-20 14:07:54'),(329,'pice-94w-beasley-journal',263,'Botble\\Ecommerce\\Models\\Product','products','2025-05-20 14:07:54','2025-05-20 14:07:54'),(330,'province-piece-glass-drinking-glass',264,'Botble\\Ecommerce\\Models\\Product','products','2025-05-20 14:07:54','2025-05-20 14:07:54'),(331,'province-piece-glass-drinking-glass',265,'Botble\\Ecommerce\\Models\\Product','products','2025-05-20 14:07:54','2025-05-20 14:07:54'),(332,'rosalina-d-willson',1,'Botble\\Team\\Models\\Team','teams','2025-05-20 14:07:54','2025-05-20 14:07:54'),(333,'ukolilix-x-xilanorix',2,'Botble\\Team\\Models\\Team','teams','2025-05-20 14:07:54','2025-05-20 14:07:54'),(334,'alonso-m-miklonax',3,'Botble\\Team\\Models\\Team','teams','2025-05-20 14:07:54','2025-05-20 14:07:54'),(335,'miranda-h-halim',4,'Botble\\Team\\Models\\Team','teams','2025-05-20 14:07:54','2025-05-20 14:07:54'),(336,'decoration-murale',18,'Botble\\Ecommerce\\Models\\ProductCategory','product-categories','2025-05-21 13:23:24','2025-05-21 13:23:24'),(337,'tableaux',19,'Botble\\Ecommerce\\Models\\ProductCategory','product-categories','2025-05-21 13:26:20','2025-05-21 13:26:20'),(338,'miroirs',20,'Botble\\Ecommerce\\Models\\ProductCategory','product-categories','2025-05-21 13:26:57','2025-05-21 13:26:57'),(339,'horloges',21,'Botble\\Ecommerce\\Models\\ProductCategory','product-categories','2025-05-21 13:27:25','2025-05-21 13:27:25'),(340,'meubles',22,'Botble\\Ecommerce\\Models\\ProductCategory','product-categories','2025-05-21 13:27:56','2025-05-21 13:27:56'),(341,'canapes',23,'Botble\\Ecommerce\\Models\\ProductCategory','product-categories','2025-05-21 13:28:22','2025-05-21 13:28:22'),(342,'tables',24,'Botble\\Ecommerce\\Models\\ProductCategory','product-categories','2025-05-21 13:28:47','2025-05-21 13:28:47'),(343,'plantes-fleurs',25,'Botble\\Ecommerce\\Models\\ProductCategory','product-categories','2025-05-21 13:29:35','2025-05-21 13:29:35'),(344,'vases',26,'Botble\\Ecommerce\\Models\\ProductCategory','product-categories','2025-05-21 13:30:00','2025-05-21 13:30:00'),(345,'plantes-artificielles',27,'Botble\\Ecommerce\\Models\\ProductCategory','product-categories','2025-05-21 13:30:26','2025-05-21 13:30:26'),(346,'textiles-dinterieur',28,'Botble\\Ecommerce\\Models\\ProductCategory','product-categories','2025-05-21 13:31:09','2025-05-21 13:31:09'),(347,'rideaux',29,'Botble\\Ecommerce\\Models\\ProductCategory','product-categories','2025-05-21 13:31:34','2025-05-21 13:31:34'),(348,'coussins',30,'Botble\\Ecommerce\\Models\\ProductCategory','product-categories','2025-05-21 13:31:52','2025-05-21 13:31:52'),(349,'tapis',31,'Botble\\Ecommerce\\Models\\ProductCategory','product-categories','2025-05-21 13:32:11','2025-05-21 13:32:11'),(350,'accessoires-decoratifs',32,'Botble\\Ecommerce\\Models\\ProductCategory','product-categories','2025-05-21 13:32:32','2025-05-21 13:32:32'),(351,'tableau-abstrait-moderne',266,'Botble\\Ecommerce\\Models\\Product','products','2025-05-21 14:00:33','2025-05-21 14:00:33'),(352,'miroirs',267,'Botble\\Ecommerce\\Models\\Product','products','2025-05-21 14:05:50','2025-05-21 14:05:50'),(379,'canape',294,'Botble\\Ecommerce\\Models\\Product','products','2025-05-21 14:18:50','2025-05-21 14:18:50'),(380,'rideaux-assombrissants',295,'Botble\\Ecommerce\\Models\\Product','products','2025-05-21 14:27:07','2025-05-21 14:27:07'),(381,'horloge-murale',296,'Botble\\Ecommerce\\Models\\Product','products','2025-05-27 11:42:25','2025-05-27 11:42:25'),(382,'table',297,'Botble\\Ecommerce\\Models\\Product','products','2025-05-27 11:55:19','2025-05-27 11:55:19'),(383,'plante-artificielle',298,'Botble\\Ecommerce\\Models\\Product','products','2025-05-27 12:00:34','2025-05-27 12:00:34'),(384,'housse-de-coussin',299,'Botble\\Ecommerce\\Models\\Product','products','2025-05-27 13:05:09','2025-05-27 13:05:09'),(385,'fejka',300,'Botble\\Ecommerce\\Models\\Product','products','2025-05-27 14:40:05','2025-05-27 14:40:05'),(386,'plante-artificielle-1',301,'Botble\\Ecommerce\\Models\\Product','products','2025-05-27 14:42:14','2025-05-27 14:42:14'),(387,'plante-artificielle-2',302,'Botble\\Ecommerce\\Models\\Product','products','2025-05-27 14:44:50','2025-05-27 14:44:50'),(388,'orchidee-blanc',303,'Botble\\Ecommerce\\Models\\Product','products','2025-05-27 14:49:31','2025-05-27 14:49:31'),(389,'areca',304,'Botble\\Ecommerce\\Models\\Product','products','2025-05-27 14:51:28','2025-05-27 14:51:28'),(390,'lavande',305,'Botble\\Ecommerce\\Models\\Product','products','2025-05-27 14:54:51','2025-05-27 14:54:51');
/*!40000 ALTER TABLE `slugs` ENABLE KEYS */;
UNLOCK TABLES;

--
-- Table structure for table `slugs_translations`
--

DROP TABLE IF EXISTS `slugs_translations`;
/*!40101 SET @saved_cs_client     = @@character_set_client */;
/*!40101 SET character_set_client = utf8 */;
CREATE TABLE `slugs_translations` (
  `lang_code` varchar(20) NOT NULL,
  `slugs_id` bigint(20) unsigned NOT NULL,
  `key` varchar(191) DEFAULT NULL,
  `prefix` varchar(120) DEFAULT '',
  PRIMARY KEY (`lang_code`,`slugs_id`)
) ENGINE=InnoDB DEFAULT CHARSET=utf8mb4 COLLATE=utf8mb4_unicode_ci;
/*!40101 SET character_set_client = @saved_cs_client */;

--
-- Dumping data for table `slugs_translations`
--

LOCK TABLES `slugs_translations` WRITE;
/*!40000 ALTER TABLE `slugs_translations` DISABLE KEYS */;
/*!40000 ALTER TABLE `slugs_translations` ENABLE KEYS */;
UNLOCK TABLES;

--
-- Table structure for table `states`
--

DROP TABLE IF EXISTS `states`;
/*!40101 SET @saved_cs_client     = @@character_set_client */;
/*!40101 SET character_set_client = utf8 */;
CREATE TABLE `states` (
  `id` bigint(20) unsigned NOT NULL AUTO_INCREMENT,
  `name` varchar(120) NOT NULL,
  `slug` varchar(120) DEFAULT NULL,
  `abbreviation` varchar(10) DEFAULT NULL,
  `country_id` bigint(20) unsigned DEFAULT NULL,
  `order` tinyint(4) NOT NULL DEFAULT 0,
  `image` varchar(191) DEFAULT NULL,
  `is_default` tinyint(3) unsigned NOT NULL DEFAULT 0,
  `status` varchar(60) NOT NULL DEFAULT 'published',
  `created_at` timestamp NULL DEFAULT NULL,
  `updated_at` timestamp NULL DEFAULT NULL,
  PRIMARY KEY (`id`),
  UNIQUE KEY `states_slug_unique` (`slug`)
) ENGINE=InnoDB DEFAULT CHARSET=utf8mb4 COLLATE=utf8mb4_unicode_ci;
/*!40101 SET character_set_client = @saved_cs_client */;

--
-- Dumping data for table `states`
--

LOCK TABLES `states` WRITE;
/*!40000 ALTER TABLE `states` DISABLE KEYS */;
/*!40000 ALTER TABLE `states` ENABLE KEYS */;
UNLOCK TABLES;

--
-- Table structure for table `states_translations`
--

DROP TABLE IF EXISTS `states_translations`;
/*!40101 SET @saved_cs_client     = @@character_set_client */;
/*!40101 SET character_set_client = utf8 */;
CREATE TABLE `states_translations` (
  `lang_code` varchar(20) NOT NULL,
  `states_id` bigint(20) unsigned NOT NULL,
  `name` varchar(120) DEFAULT NULL,
  `slug` varchar(120) DEFAULT NULL,
  `abbreviation` varchar(10) DEFAULT NULL,
  PRIMARY KEY (`lang_code`,`states_id`)
) ENGINE=InnoDB DEFAULT CHARSET=utf8mb4 COLLATE=utf8mb4_unicode_ci;
/*!40101 SET character_set_client = @saved_cs_client */;

--
-- Dumping data for table `states_translations`
--

LOCK TABLES `states_translations` WRITE;
/*!40000 ALTER TABLE `states_translations` DISABLE KEYS */;
/*!40000 ALTER TABLE `states_translations` ENABLE KEYS */;
UNLOCK TABLES;

--
-- Table structure for table `tags`
--

DROP TABLE IF EXISTS `tags`;
/*!40101 SET @saved_cs_client     = @@character_set_client */;
/*!40101 SET character_set_client = utf8 */;
CREATE TABLE `tags` (
  `id` bigint(20) unsigned NOT NULL AUTO_INCREMENT,
  `name` varchar(120) NOT NULL,
  `author_id` bigint(20) unsigned DEFAULT NULL,
  `author_type` varchar(191) NOT NULL,
  `description` varchar(400) DEFAULT NULL,
  `status` varchar(60) NOT NULL DEFAULT 'published',
  `created_at` timestamp NULL DEFAULT NULL,
  `updated_at` timestamp NULL DEFAULT NULL,
  PRIMARY KEY (`id`)
) ENGINE=InnoDB AUTO_INCREMENT=6 DEFAULT CHARSET=utf8mb4 COLLATE=utf8mb4_unicode_ci;
/*!40101 SET character_set_client = @saved_cs_client */;

--
-- Dumping data for table `tags`
--

LOCK TABLES `tags` WRITE;
/*!40000 ALTER TABLE `tags` DISABLE KEYS */;
INSERT INTO `tags` VALUES (1,'General',1,'Botble\\ACL\\Models\\User',NULL,'published','2025-05-20 14:06:51','2025-05-20 14:06:51'),(2,'Design',1,'Botble\\ACL\\Models\\User',NULL,'published','2025-05-20 14:06:51','2025-05-20 14:06:51'),(3,'Fashion',1,'Botble\\ACL\\Models\\User',NULL,'published','2025-05-20 14:06:51','2025-05-20 14:06:51'),(4,'Branding',1,'Botble\\ACL\\Models\\User',NULL,'published','2025-05-20 14:06:51','2025-05-20 14:06:51'),(5,'Modern',1,'Botble\\ACL\\Models\\User',NULL,'published','2025-05-20 14:06:51','2025-05-20 14:06:51');
/*!40000 ALTER TABLE `tags` ENABLE KEYS */;
UNLOCK TABLES;

--
-- Table structure for table `tags_translations`
--

DROP TABLE IF EXISTS `tags_translations`;
/*!40101 SET @saved_cs_client     = @@character_set_client */;
/*!40101 SET character_set_client = utf8 */;
CREATE TABLE `tags_translations` (
  `lang_code` varchar(20) NOT NULL,
  `tags_id` bigint(20) unsigned NOT NULL,
  `name` varchar(191) DEFAULT NULL,
  `description` varchar(400) DEFAULT NULL,
  PRIMARY KEY (`lang_code`,`tags_id`)
) ENGINE=InnoDB DEFAULT CHARSET=utf8mb4 COLLATE=utf8mb4_unicode_ci;
/*!40101 SET character_set_client = @saved_cs_client */;

--
-- Dumping data for table `tags_translations`
--

LOCK TABLES `tags_translations` WRITE;
/*!40000 ALTER TABLE `tags_translations` DISABLE KEYS */;
/*!40000 ALTER TABLE `tags_translations` ENABLE KEYS */;
UNLOCK TABLES;

--
-- Table structure for table `teams`
--

DROP TABLE IF EXISTS `teams`;
/*!40101 SET @saved_cs_client     = @@character_set_client */;
/*!40101 SET character_set_client = utf8 */;
CREATE TABLE `teams` (
  `id` bigint(20) unsigned NOT NULL AUTO_INCREMENT,
  `name` varchar(191) NOT NULL,
  `photo` varchar(191) DEFAULT NULL,
  `title` varchar(191) DEFAULT NULL,
  `location` varchar(191) DEFAULT NULL,
  `socials` varchar(191) DEFAULT NULL,
  `status` varchar(60) NOT NULL DEFAULT 'published',
  `created_at` timestamp NULL DEFAULT NULL,
  `updated_at` timestamp NULL DEFAULT NULL,
  `content` longtext DEFAULT NULL,
  `phone` varchar(15) DEFAULT NULL,
  `email` varchar(191) DEFAULT NULL,
  `address` varchar(191) DEFAULT NULL,
  `website` varchar(191) DEFAULT NULL,
  `description` varchar(400) DEFAULT NULL,
  PRIMARY KEY (`id`)
) ENGINE=InnoDB AUTO_INCREMENT=5 DEFAULT CHARSET=utf8mb4 COLLATE=utf8mb4_unicode_ci;
/*!40101 SET character_set_client = @saved_cs_client */;

--
-- Dumping data for table `teams`
--

LOCK TABLES `teams` WRITE;
/*!40000 ALTER TABLE `teams` DISABLE KEYS */;
INSERT INTO `teams` VALUES (1,'Rosalina D. Willson','testimonials/team-1.jpg','Founder','USA',NULL,'published','2025-05-20 14:07:51','2025-05-20 14:07:51',NULL,NULL,NULL,NULL,NULL,NULL),(2,'Ukolilix X. Xilanorix','testimonials/team-2.jpg','CEO','Qatar',NULL,'published','2025-05-20 14:07:51','2025-05-20 14:07:51',NULL,NULL,NULL,NULL,NULL,NULL),(3,'Alonso M. Miklonax','testimonials/team-3.jpg','Designer','India',NULL,'published','2025-05-20 14:07:51','2025-05-20 14:07:51',NULL,NULL,NULL,NULL,NULL,NULL),(4,'Miranda H. Halim','testimonials/team-4.jpg','Developer','China',NULL,'published','2025-05-20 14:07:51','2025-05-20 14:07:51',NULL,NULL,NULL,NULL,NULL,NULL);
/*!40000 ALTER TABLE `teams` ENABLE KEYS */;
UNLOCK TABLES;

--
-- Table structure for table `teams_translations`
--

DROP TABLE IF EXISTS `teams_translations`;
/*!40101 SET @saved_cs_client     = @@character_set_client */;
/*!40101 SET character_set_client = utf8 */;
CREATE TABLE `teams_translations` (
  `lang_code` varchar(191) NOT NULL,
  `teams_id` int(11) NOT NULL,
  `name` varchar(191) NOT NULL,
  `title` varchar(191) DEFAULT NULL,
  `location` varchar(191) DEFAULT NULL,
  `content` longtext DEFAULT NULL,
  `address` varchar(191) DEFAULT NULL,
  PRIMARY KEY (`lang_code`,`teams_id`)
) ENGINE=InnoDB DEFAULT CHARSET=utf8mb4 COLLATE=utf8mb4_unicode_ci;
/*!40101 SET character_set_client = @saved_cs_client */;

--
-- Dumping data for table `teams_translations`
--

LOCK TABLES `teams_translations` WRITE;
/*!40000 ALTER TABLE `teams_translations` DISABLE KEYS */;
/*!40000 ALTER TABLE `teams_translations` ENABLE KEYS */;
UNLOCK TABLES;

--
-- Table structure for table `testimonials`
--

DROP TABLE IF EXISTS `testimonials`;
/*!40101 SET @saved_cs_client     = @@character_set_client */;
/*!40101 SET character_set_client = utf8 */;
CREATE TABLE `testimonials` (
  `id` bigint(20) unsigned NOT NULL AUTO_INCREMENT,
  `name` varchar(120) NOT NULL,
  `content` text NOT NULL,
  `image` varchar(255) DEFAULT NULL,
  `company` varchar(120) DEFAULT NULL,
  `status` varchar(60) NOT NULL DEFAULT 'published',
  `created_at` timestamp NULL DEFAULT NULL,
  `updated_at` timestamp NULL DEFAULT NULL,
  PRIMARY KEY (`id`)
) ENGINE=InnoDB AUTO_INCREMENT=5 DEFAULT CHARSET=utf8mb4 COLLATE=utf8mb4_unicode_ci;
/*!40101 SET character_set_client = @saved_cs_client */;

--
-- Dumping data for table `testimonials`
--

LOCK TABLES `testimonials` WRITE;
/*!40000 ALTER TABLE `testimonials` DISABLE KEYS */;
INSERT INTO `testimonials` VALUES (1,'Guy Hawkins','Five stars! Their cosmetics are magic. Transformed my skin, enhanced my beauty. A go-to for quality and results ⭐⭐⭐⭐⭐','testimonials/avatar-1.png','Bank of America','published','2025-05-20 14:07:52','2025-05-20 14:07:52'),(2,'Eleanor Pena','Top-notch! 5 stars. Makeup, skincare, all exceptional. Delighted with my purchases. A must-visit for every beauty enthusiast! ⭐⭐⭐⭐⭐','testimonials/avatar-2.png','Nintendo','published','2025-05-20 14:07:52','2025-05-20 14:07:52'),(3,'Cody Fisher','Thrilled with results! 5 stars. Solved my sensitive skin issues. The cosmetics shop is a gem. Highly recommended. ⭐⭐⭐⭐⭐','testimonials/avatar-3.png','Starbucks','published','2025-05-20 14:07:52','2025-05-20 14:07:52'),(4,'Albert Flores','Wedding day savior! 5 stars. Their bridal collection is a game-changer. Made me feel like a star. Impressed beyond words. ⭐⭐⭐⭐⭐','testimonials/avatar-4.png','Bank of America','published','2025-05-20 14:07:52','2025-05-20 14:07:52');
/*!40000 ALTER TABLE `testimonials` ENABLE KEYS */;
UNLOCK TABLES;

--
-- Table structure for table `testimonials_translations`
--

DROP TABLE IF EXISTS `testimonials_translations`;
/*!40101 SET @saved_cs_client     = @@character_set_client */;
/*!40101 SET character_set_client = utf8 */;
CREATE TABLE `testimonials_translations` (
  `lang_code` varchar(191) NOT NULL,
  `testimonials_id` bigint(20) unsigned NOT NULL,
  `name` varchar(255) DEFAULT NULL,
  `content` text DEFAULT NULL,
  `company` varchar(120) DEFAULT NULL,
  PRIMARY KEY (`lang_code`,`testimonials_id`)
) ENGINE=InnoDB DEFAULT CHARSET=utf8mb4 COLLATE=utf8mb4_unicode_ci;
/*!40101 SET character_set_client = @saved_cs_client */;

--
-- Dumping data for table `testimonials_translations`
--

LOCK TABLES `testimonials_translations` WRITE;
/*!40000 ALTER TABLE `testimonials_translations` DISABLE KEYS */;
/*!40000 ALTER TABLE `testimonials_translations` ENABLE KEYS */;
UNLOCK TABLES;

--
-- Table structure for table `user_meta`
--

DROP TABLE IF EXISTS `user_meta`;
/*!40101 SET @saved_cs_client     = @@character_set_client */;
/*!40101 SET character_set_client = utf8 */;
CREATE TABLE `user_meta` (
  `id` bigint(20) unsigned NOT NULL AUTO_INCREMENT,
  `key` varchar(120) DEFAULT NULL,
  `value` text DEFAULT NULL,
  `user_id` bigint(20) unsigned NOT NULL,
  `created_at` timestamp NULL DEFAULT NULL,
  `updated_at` timestamp NULL DEFAULT NULL,
  PRIMARY KEY (`id`),
  KEY `user_meta_user_id_index` (`user_id`)
) ENGINE=InnoDB DEFAULT CHARSET=utf8mb4 COLLATE=utf8mb4_unicode_ci;
/*!40101 SET character_set_client = @saved_cs_client */;

--
-- Dumping data for table `user_meta`
--

LOCK TABLES `user_meta` WRITE;
/*!40000 ALTER TABLE `user_meta` DISABLE KEYS */;
/*!40000 ALTER TABLE `user_meta` ENABLE KEYS */;
UNLOCK TABLES;

--
-- Table structure for table `users`
--

DROP TABLE IF EXISTS `users`;
/*!40101 SET @saved_cs_client     = @@character_set_client */;
/*!40101 SET character_set_client = utf8 */;
CREATE TABLE `users` (
  `id` bigint(20) unsigned NOT NULL AUTO_INCREMENT,
  `email` varchar(191) NOT NULL,
  `email_verified_at` timestamp NULL DEFAULT NULL,
  `password` varchar(120) DEFAULT NULL,
  `remember_token` varchar(100) DEFAULT NULL,
  `created_at` timestamp NULL DEFAULT NULL,
  `updated_at` timestamp NULL DEFAULT NULL,
  `first_name` varchar(120) DEFAULT NULL,
  `last_name` varchar(120) DEFAULT NULL,
  `username` varchar(60) DEFAULT NULL,
  `avatar_id` bigint(20) unsigned DEFAULT NULL,
  `super_user` tinyint(1) NOT NULL DEFAULT 0,
  `manage_supers` tinyint(1) NOT NULL DEFAULT 0,
  `permissions` text DEFAULT NULL,
  `last_login` timestamp NULL DEFAULT NULL,
  PRIMARY KEY (`id`),
  UNIQUE KEY `users_email_unique` (`email`),
  UNIQUE KEY `users_username_unique` (`username`)
) ENGINE=InnoDB AUTO_INCREMENT=2 DEFAULT CHARSET=utf8mb4 COLLATE=utf8mb4_unicode_ci;
/*!40101 SET character_set_client = @saved_cs_client */;

--
-- Dumping data for table `users`
--

LOCK TABLES `users` WRITE;
/*!40000 ALTER TABLE `users` DISABLE KEYS */;
INSERT INTO `users` VALUES (1,'admin@gmail.com',NULL,'$2y$12$gLHbcVvZoIvPAHMnK6Z.5OWMWEl2gEDOmAfTw/YFjEuxCreU/KuW.','6Bre3LSVQ6gyMSUm0FMnjYWnhiPOT1NO1KgyvQ3MpjXUbkyovVUCLIQi0DLZ','2025-05-20 14:06:43','2025-05-20 14:15:05','Juliana','Jerde','admin',NULL,1,1,NULL,NULL);
/*!40000 ALTER TABLE `users` ENABLE KEYS */;
UNLOCK TABLES;

--
-- Table structure for table `widgets`
--

DROP TABLE IF EXISTS `widgets`;
/*!40101 SET @saved_cs_client     = @@character_set_client */;
/*!40101 SET character_set_client = utf8 */;
CREATE TABLE `widgets` (
  `id` bigint(20) unsigned NOT NULL AUTO_INCREMENT,
  `widget_id` varchar(120) NOT NULL,
  `sidebar_id` varchar(120) NOT NULL,
  `theme` varchar(120) NOT NULL,
  `position` tinyint(3) unsigned NOT NULL DEFAULT 0,
  `data` text DEFAULT NULL,
  `created_at` timestamp NULL DEFAULT NULL,
  `updated_at` timestamp NULL DEFAULT NULL,
  PRIMARY KEY (`id`)
) ENGINE=InnoDB AUTO_INCREMENT=15 DEFAULT CHARSET=utf8mb4 COLLATE=utf8mb4_unicode_ci;
/*!40101 SET character_set_client = @saved_cs_client */;

--
-- Dumping data for table `widgets`
--

LOCK TABLES `widgets` WRITE;
/*!40000 ALTER TABLE `widgets` DISABLE KEYS */;
INSERT INTO `widgets` VALUES (1,'SiteInfoWidget','footer_sidebar','ninico',0,'{\"description\":\"Elegant pink origami design three dimensional view and decoration co-exist. Great for adding a decorative touch to any room\\u2019s decor.\",\"logo\":null}','2025-05-20 14:07:07','2025-05-20 14:07:07'),(2,'CustomMenuWidget','footer_sidebar','ninico',1,'{\"name\":\"Information\",\"menu_id\":\"information\"}','2025-05-20 14:07:08','2025-05-20 14:07:08'),(3,'CustomMenuWidget','footer_sidebar','ninico',2,'{\"name\":\"My Account\",\"menu_id\":\"my-account\"}','2025-05-20 14:07:08','2025-05-20 14:07:08'),(4,'CustomMenuWidget','footer_sidebar','ninico',3,'{\"name\":\"Social Network\",\"menu_id\":\"social-network\"}','2025-05-20 14:07:08','2025-05-20 14:07:08'),(5,'NewsletterWidget','footer_sidebar','ninico',4,'[]','2025-05-20 14:07:08','2025-05-20 14:07:08'),(6,'CtaContactWidget','footer_middle_sidebar','ninico',1,'[]','2025-05-20 14:07:08','2025-05-20 14:07:08'),(7,'DownloadAppsWidget','footer_middle_sidebar','ninico',2,'{\"ios_image\":\"general\\/f-app.jpg\",\"android_image\":\"general\\/f-google.jpg\"}','2025-05-20 14:07:08','2025-05-20 14:07:08'),(8,'SiteCopyrightWidget','footer_bottom_sidebar','ninico',0,'{\"description\":\"Copyright 2025 \\u00a9 Ninico. All rights reserved. Powered by Botble.\"}','2025-05-20 14:07:08','2025-05-20 14:07:08'),(9,'SiteAcceptedPaymentsWidget','footer_bottom_sidebar','ninico',1,'{\"image\":\"general\\/f-brand-icon-01.png\",\"url\":\"\\/\"}','2025-05-20 14:07:08','2025-05-20 14:07:08'),(10,'BlogSearchWidget','blog_sidebar','ninico',1,'{\"name\":\"Search\"}','2025-05-20 14:07:08','2025-05-20 14:07:08'),(11,'BlogCategoriesWidget','blog_sidebar','ninico',2,'{\"name\":\"Categories\"}','2025-05-20 14:07:08','2025-05-20 14:07:08'),(12,'BlogPostsWidget','blog_sidebar','ninico',3,'{\"name\":\"Recent Posts\",\"type\":\"recent\"}','2025-05-20 14:07:08','2025-05-20 14:07:08'),(13,'BlogTagsWidget','blog_sidebar','ninico',4,'{\"name\":\"Popular Tag\"}','2025-05-20 14:07:08','2025-05-20 14:07:08'),(14,'SiteFeaturesWidget','product_detail_sidebar','ninico',1,'{\"id\":\"SiteFeaturesWidget\",\"title\":\"Site Features\",\"data\":{\"1\":{\"icon\":\"icons\\/product-det-1.png\",\"text\":\"Free Shipping apply to all orders over $100\"},\"2\":{\"icon\":\"icons\\/product-det-2.png\",\"text\":\"Guaranteed 100% Organic from natural farms\"},\"3\":{\"icon\":\"icons\\/product-det-3.png\",\"text\":\"1 Day Returns if you change your mind\"},\"4\":{\"icon\":\"icons\\/product-det-4.png\",\"text\":\"Covid-19 Info: We keep delivering.\"}}}','2025-05-20 14:07:08','2025-05-20 14:07:08');
/*!40000 ALTER TABLE `widgets` ENABLE KEYS */;
UNLOCK TABLES;
/*!40103 SET TIME_ZONE=@OLD_TIME_ZONE */;

/*!40101 SET SQL_MODE=@OLD_SQL_MODE */;
/*!40014 SET FOREIGN_KEY_CHECKS=@OLD_FOREIGN_KEY_CHECKS */;
/*!40014 SET UNIQUE_CHECKS=@OLD_UNIQUE_CHECKS */;
/*!40101 SET CHARACTER_SET_CLIENT=@OLD_CHARACTER_SET_CLIENT */;
/*!40101 SET CHARACTER_SET_RESULTS=@OLD_CHARACTER_SET_RESULTS */;
/*!40101 SET COLLATION_CONNECTION=@OLD_COLLATION_CONNECTION */;
/*!40111 SET SQL_NOTES=@OLD_SQL_NOTES */;

-- Dump completed on 2025-06-04 11:54:36
